Rk,Player,Nation,Pos,Squad,Age,Born,90s,Cmp,Att,Cmp%,TotDist,PrgDist,Cmp.1,Att.1,Cmp%.1,Cmp.2,Att.2,Cmp%.2,Cmp.3,Att.3,Cmp%.3,Ast,xAG,xA,A-xAG,KP,Pto1/3,PPA,CrsPA,PrgPp,Matches
1,Aaron Cresswell,engENG,DF,West Ham,35-139,1989.0,6.5,355,440,80.7,6769,2697,157,173,90.8,152,177,85.9,45,82,54.9,0,1.1,1.2,-1.1,7,40,4,1,24,Matches
2,Aaron Ramsdale,engENG,GK,Southampton,26-354,1998.0,26.0,691,1073,64.4,19407,15067,196,197,99.5,260,271,95.9,229,592,38.7,0,0.0,0.1,0.0,0,32,1,0,0,Matches
3,Aaron Wan-Bissaka,engENG,DF,West Ham,27-158,1997.0,31.0,1277,1575,81.1,18273,6722,812,902,90.0,401,489,82.0,46,97,47.4,2,2.9,2.4,-0.9,29,89,30,11,125,Matches
4,Abdoulaye Doucouré,mlMLI,MF,Everton,32-122,1993.0,26.9,676,849,79.6,10229,2133,354,416,85.1,250,301,83.1,40,55,72.7,1,2.3,1.2,-1.3,26,44,14,0,78,Matches
5,Abdukodir Khusanov,uzUZB,DF,Manchester City,21-063,2004.0,5.6,360,395,91.1,6126,1976,160,169,94.7,191,197,97.0,6,23,26.1,0,0.1,0.1,-0.1,2,23,0,0,25,Matches
6,Abdul Fatawu Issahaku,ghGHA,FW,Leicester City,21-056,2004.0,6.4,123,197,62.4,2150,601,59,81,72.8,45,59,76.3,16,33,48.5,2,1.6,1.4,0.4,6,7,7,2,17,Matches
7,Adam Armstrong,engENG,"FW,MF",Southampton,28-082,1997.0,13.9,231,288,80.2,3320,446,138,158,87.3,81,95,85.3,6,13,46.2,2,1.2,0.6,0.8,9,10,8,2,21,Matches
8,Adam Lallana,engENG,MF,Southampton,36-358,1988.0,4.0,221,260,85.0,2891,980,147,165,89.1,61,67,91.0,4,9,44.4,2,0.9,0.5,1.1,4,21,9,3,24,Matches
9,Adam Smith,engENG,DF,Bournemouth,34-004,1991.0,15.7,436,576,75.7,7088,2372,213,242,88.0,182,233,78.1,27,72,37.5,0,0.3,0.4,-0.3,7,41,8,5,40,Matches
10,Adam Webster,engENG,DF,Brighton,30-119,1995.0,6.9,429,501,85.6,7934,3140,169,177,95.5,213,232,91.8,40,79,50.6,0,0.5,0.2,-0.5,3,32,2,0,40,Matches
11,Adam Wharton,engENG,MF,Crystal Palace,20-335,2004.0,14.0,521,689,75.6,9826,3632,197,240,82.1,249,309,80.6,67,103,65.0,2,3.0,2.1,-1.0,25,73,18,5,105,Matches
12,Adama Traoré,esESP,"FW,MF",Fulham,29-098,1996.0,17.4,383,532,72.0,5972,1501,212,261,81.2,130,177,73.4,26,47,55.3,6,4.7,4.3,1.3,37,32,32,17,61,Matches
13,Albert Grønbaek,dkDEN,"FW,MF",Southampton,23-345,2001.0,1.6,13,18,72.2,135,43,9,11,81.8,2,4,50.0,0,0,,0,0.0,0.0,0.0,1,2,0,0,1,Matches
14,Alejandro Garnacho,arARG,"MF,FW",Manchester Utd,20-306,2004.0,22.8,600,759,79.1,8376,1083,379,426,89.0,165,199,82.9,27,47,57.4,1,3.6,2.3,-2.6,30,20,22,3,54,Matches
15,Alex Iwobi,ngNGA,"FW,MF",Fulham,29-000,1996.0,30.2,1037,1394,74.4,17737,5225,519,605,85.8,409,528,77.5,90,166,54.2,6,6.5,6.6,-0.5,53,106,77,16,196,Matches
16,Alex McCarthy,engENG,GK,Southampton,35-151,1989.0,5.0,117,156,75.0,2823,1985,41,43,95.3,45,49,91.8,30,61,49.2,0,0.0,0.0,0.0,0,5,0,0,0,Matches
17,Alex Palmer,engENG,GK,Ipswich Town,28-266,1996.0,10.0,207,316,65.5,6495,4920,41,43,95.3,85,85,100.0,81,188,43.1,0,0.0,0.0,0.0,1,6,0,0,1,Matches
18,Alex Scott,engENG,MF,Bournemouth,21-255,2003.0,7.6,252,304,82.9,4041,1262,125,141,88.7,97,106,91.5,19,32,59.4,0,0.8,0.8,-0.8,10,37,4,0,48,Matches
19,Alexander Isak,seSWE,FW,Newcastle Utd,25-224,1999.0,27.6,459,620,74.0,6537,1466,272,327,83.2,141,182,77.5,23,37,62.2,6,4.0,3.5,2.0,38,32,26,1,77,Matches
20,Alexis Mac Allister,arARG,MF,Liverpool,26-130,1998.0,28.4,1245,1493,83.4,19843,5602,645,716,90.1,482,546,88.3,85,154,55.2,4,4.4,5.5,-0.4,43,118,34,2,170,Matches
21,Alfie Dorrington,engENG,DF,Tottenham,20-013,2005.0,0.2,15,16,93.8,304,39,6,7,85.7,7,7,100.0,2,2,100.0,0,0.0,0.0,0.0,0,0,0,0,0,Matches
22,Alfie Pond,engENG,DF,Wolves,21-063,2004.0,0.0,1,1,100.0,23,0,0,0,,1,1,100.0,0,0,,0,0.0,0.0,0.0,0,0,0,0,0,Matches
23,Ali Al Hamadi,iqIRQ,FW,Ipswich Town,23-063,2002.0,1.5,25,30,83.3,278,29,20,23,87.0,5,7,71.4,0,0,,0,0.1,0.0,-0.1,2,0,0,0,3,Matches
24,Alisson,brBRA,GK,Liverpool,32-213,1992.0,23.9,630,758,83.1,13996,9088,183,185,98.9,338,343,98.5,108,226,47.8,0,0.6,0.2,-0.6,1,10,0,0,0,Matches
25,Alphonse Areola,frFRA,GK,West Ham,32-065,1993.0,22.1,615,873,70.4,16400,11166,133,134,99.3,299,314,95.2,180,415,43.4,0,0.0,0.0,0.0,0,9,0,0,0,Matches
26,Altay Bayındır,trTUR,GK,Manchester Utd,27-019,1998.0,1.0,32,61,52.5,942,540,2,2,100.0,17,20,85.0,13,39,33.3,0,0.0,0.0,0.0,0,1,0,0,0,Matches
27,Amad Diallo,ciCIV,"FW,MF",Manchester Utd,22-296,2002.0,17.7,658,794,82.9,9051,1880,407,450,90.4,185,217,85.3,33,63,52.4,6,3.9,3.6,2.1,39,25,29,5,53,Matches
28,Amadou Onana,beBEL,MF,Aston Villa,23-260,2001.0,15.0,589,666,88.4,9251,2316,301,319,94.4,250,278,89.9,25,35,71.4,0,0.3,0.5,-0.3,7,52,8,1,58,Matches
29,Andreas Pereira,brBRA,MF,Fulham,29-122,1996.0,20.9,641,931,68.9,11658,3703,296,354,83.6,245,313,78.3,87,212,41.0,4,4.5,4.3,-0.5,56,64,19,4,99,Matches
30,Andrew Robertson,sctSCO,DF,Liverpool,31-053,1994.0,25.6,1456,1754,83.0,24521,7781,713,758,94.1,623,718,86.8,103,220,46.8,0,4.1,3.9,-4.1,38,144,28,16,165,Matches
31,André,brBRA,MF,Wolves,23-291,2001.0,25.0,1111,1197,92.8,17503,4913,568,596,95.3,431,452,95.4,68,85,80.0,0,0.7,0.6,-0.7,15,101,4,0,95,Matches
32,André Onana,cmCMR,GK,Manchester Utd,29-031,1996.0,33.0,920,1259,73.1,21868,13211,218,220,99.1,511,516,99.0,186,513,36.3,0,0.2,0.2,-0.2,1,24,0,0,1,Matches
33,Andrés García,esESP,"DF,MF",Aston Villa,22-085,2003.0,3.5,174,201,86.6,2725,577,89,96,92.7,74,82,90.2,7,13,53.8,0,0.2,0.4,-0.2,3,9,8,5,15,Matches
34,Andy Irving,sctSCO,MF,West Ham,24-355,2000.0,1.8,109,124,87.9,1705,439,61,64,95.3,36,43,83.7,9,9,100.0,0,0.2,0.1,-0.2,1,14,1,1,9,Matches
35,Anthony Elanga,seSWE,"FW,MF",Nott'ham Forest,23-006,2002.0,23.8,452,696,64.9,6511,2203,274,329,83.3,118,187,63.1,37,110,33.6,9,4.7,4.1,4.3,43,27,24,7,52,Matches
36,Anthony Gordon,engENG,FW,Newcastle Utd,24-068,2001.0,24.4,661,904,73.1,10125,3348,371,431,86.1,220,283,77.7,49,116,42.2,5,4.9,4.9,0.1,50,59,50,16,92,Matches
37,Antoine Semenyo,ghGHA,FW,Bournemouth,25-116,2000.0,32.3,728,993,73.3,10406,2705,437,515,84.9,232,303,76.6,31,82,37.8,4,5.7,4.1,-1.7,44,48,44,8,106,Matches
38,Antonee Robinson,usUSA,DF,Fulham,27-268,1997.0,32.2,1482,1936,76.5,25356,9277,710,821,86.5,629,797,78.9,124,219,56.6,10,4.1,3.8,5.9,41,109,50,26,120,Matches
39,Antony,brBRA,"DF,MF",Manchester Utd,25-068,2000.0,1.6,56,69,81.2,688,111,45,51,88.2,9,14,64.3,1,1,100.0,0,0.1,0.2,-0.1,3,1,5,2,6,Matches
40,Antonín Kinský,czCZE,GK,Tottenham,22-051,2003.0,4.0,116,145,80.0,2699,1686,17,17,100.0,73,76,96.1,23,48,47.9,0,0.1,0.0,-0.1,1,2,0,0,1,Matches
41,Archie Gray,engENG,"DF,MF",Tottenham,19-052,2006.0,15.5,912,1029,88.6,15954,4908,348,376,92.6,500,538,92.9,51,84,60.7,0,0.1,0.2,-0.1,2,37,0,0,32,Matches
42,Arijanet Muric,xkKVX,GK,Ipswich Town,26-177,1998.0,18.0,454,633,71.7,11705,8247,122,122,100.0,215,221,97.3,115,283,40.6,0,0.0,0.0,0.0,0,14,0,0,1,Matches
43,Armando Broja,alALB,FW,Everton,23-235,2001.0,3.7,53,73,72.6,594,101,35,45,77.8,10,12,83.3,2,3,66.7,0,0.2,0.1,-0.2,4,3,0,0,2,Matches
44,Armel Bella Kotchap,deGER,DF,Southampton,23-143,2001.0,3.7,202,224,90.2,3829,956,65,66,98.5,119,123,96.7,16,29,55.2,0,0.0,0.0,0.0,0,6,0,0,5,Matches
45,Asher Agbinone,engENG,MF,Crystal Palace,19-217,2005.0,0.1,2,3,66.7,32,0,1,1,100.0,1,2,50.0,0,0,,0,0.0,0.0,0.0,1,0,0,0,0,Matches
46,Ashley Young,engENG,"DF,FW",Everton,39-298,1985.0,17.9,606,866,70.0,11151,5014,290,330,87.9,236,310,76.1,74,183,40.4,3,1.6,1.9,1.4,19,71,18,9,82,Matches
47,Axel Disasi,frFRA,DF,Chelsea,27-053,1998.0,4.0,266,293,90.8,4218,1367,136,144,94.4,117,126,92.9,9,13,69.2,0,0.1,0.1,-0.1,2,20,2,0,16,Matches
48,Axel Disasi,frFRA,DF,Aston Villa,27-053,1998.0,5.4,243,280,86.8,4080,1517,103,109,94.5,131,146,89.7,8,15,53.3,0,0.4,0.3,-0.4,3,14,3,0,16,Matches
49,Axel Tuanzebe,cdCOD,DF,Ipswich Town,27-170,1997.0,16.1,535,644,83.1,8240,3171,294,323,91.0,207,253,81.8,23,41,56.1,1,0.3,0.2,0.7,4,49,2,0,45,Matches
50,Ayden Heaven,engENG,DF,Manchester Utd,18-223,2006.0,1.1,40,49,81.6,695,185,14,17,82.4,24,27,88.9,1,3,33.3,0,0.0,0.0,0.0,0,2,0,0,2,Matches
51,Bart Verbruggen,nlNED,GK,Brighton,22-258,2002.0,32.0,919,1178,78.0,21660,14682,264,266,99.2,434,442,98.2,216,458,47.2,1,0.0,0.0,1.0,1,17,1,0,2,Matches
52,Ben Brereton,clCHI,FW,Southampton,26-015,1999.0,5.0,128,166,77.1,1836,383,83,95,87.4,36,53,67.9,7,11,63.6,0,0.1,0.1,-0.1,3,9,2,1,9,Matches
53,Ben Chilwell,engENG,DF,Crystal Palace,28-133,1996.0,1.5,45,69,65.2,618,155,26,31,83.9,16,25,64.0,1,9,11.1,0,0.2,0.3,-0.2,2,4,2,0,3,Matches
54,Ben Davies,wlsWAL,DF,Tottenham,32-009,1993.0,11.5,745,833,89.4,13969,5624,253,271,93.4,413,436,94.7,64,98,65.3,0,0.2,0.5,-0.2,2,41,2,0,49,Matches
55,Ben Godfrey,engENG,DF,Ipswich Town,27-108,1998.0,1.8,47,57,82.5,657,255,30,33,90.9,16,18,88.9,0,0,,0,0.0,0.0,0.0,0,5,1,0,4,Matches
56,Ben Johnson,engENG,"DF,FW",Ipswich Town,25-099,2000.0,15.0,296,414,71.5,4812,2035,168,195,86.2,101,135,74.8,24,49,49.0,2,1.3,0.9,0.7,12,21,3,2,26,Matches
57,Ben Mee,engENG,DF,Brentford,35-224,1989.0,2.0,93,120,77.5,1751,688,34,38,89.5,51,60,85.0,8,20,40.0,0,0.0,0.0,0.0,0,10,0,0,11,Matches
58,Ben White,engENG,DF,Arsenal,27-207,1997.0,9.5,421,502,83.9,6823,2340,218,236,92.4,174,205,84.9,20,42,47.6,1,0.8,0.6,0.2,7,37,8,1,42,Matches
59,Ben Winterburn,engENG,"FW,MF",Bournemouth,20-241,2004.0,0.3,5,7,71.4,93,44,2,3,66.7,3,4,75.0,0,0,,0,0.0,0.0,0.0,0,0,0,0,0,Matches
60,Benoît Badiashile,frFRA,DF,Chelsea,24-038,2001.0,3.7,273,304,89.8,4820,1473,111,119,93.3,135,144,93.8,21,32,65.6,0,0.0,0.1,0.0,0,37,1,0,17,Matches
61,Bernardo Silva,ptPOR,"MF,FW",Manchester City,30-266,1994.0,26.7,1370,1573,87.1,20876,3837,765,830,92.2,503,569,88.4,72,108,66.7,4,4.4,3.8,-0.4,47,75,33,7,115,Matches
62,Bernd Leno,deGER,GK,Fulham,33-060,1992.0,34.0,1030,1269,81.2,25014,14925,204,205,99.5,613,620,98.9,201,430,46.7,1,0.1,0.1,0.9,2,14,2,0,0,Matches
63,Beto,gwGNB,FW,Everton,27-092,1998.0,13.2,116,205,56.6,1593,177,68,100,68.0,32,66,48.5,7,8,87.5,0,0.8,0.3,-0.8,8,5,3,1,9,Matches
64,Bilal El Khannouss,maMAR,MF,Leicester City,20-358,2004.0,21.3,714,949,75.2,12717,3604,337,393,85.8,277,342,81.0,84,147,57.1,2,3.2,2.7,-1.2,31,81,27,5,118,Matches
65,Billy Gilmour,sctSCO,MF,Brighton,23-326,2001.0,1.1,58,67,86.6,980,346,36,38,94.7,18,22,81.8,4,7,57.1,0,0.0,0.0,0.0,0,12,2,0,11,Matches
66,Bobby De Cordova-Reid,jmJAM,FW,Leicester City,32-090,1993.0,8.3,145,206,70.4,1883,587,88,108,81.5,39,53,73.6,5,15,33.3,2,1.2,0.2,0.8,6,9,5,0,15,Matches
67,Boubacar Kamara,frFRA,MF,Aston Villa,25-161,1999.0,15.3,674,756,89.2,10544,3373,348,372,93.5,287,314,91.4,26,49,53.1,0,0.9,0.7,-0.9,10,77,8,0,72,Matches
68,Boubacar Traoré,mlMLI,MF,Wolves,23-256,2001.0,0.0,0,0,,0,0,0,0,,0,0,,0,0,,0,0.0,0.0,0.0,0,0,0,0,0,Matches
69,Boubakary Soumaré,frFRA,MF,Leicester City,26-065,1999.0,21.7,982,1132,86.7,14896,4015,535,582,91.9,381,435,87.6,38,54,70.4,0,0.4,0.9,-0.4,11,90,13,2,94,Matches
70,Brajan Gruda,deGER,"FW,MF",Brighton,20-337,2004.0,5.6,138,188,73.4,1846,612,90,109,82.6,32,45,71.1,8,21,38.1,3,1.2,0.9,1.8,14,7,10,1,17,Matches
71,Brandon Austin,engENG,GK,Tottenham,26-115,1999.0,1.0,22,32,68.8,526,386,7,7,100.0,9,9,100.0,6,16,37.5,0,0.0,0.0,0.0,0,0,0,0,0,Matches
72,Brennan Johnson,wlsWAL,FW,Tottenham,23-345,2001.0,23.1,438,617,71.0,5790,1591,268,333,80.5,140,185,75.7,11,32,34.4,3,2.3,2.0,0.7,19,25,35,6,70,Matches
73,Bruno Fernandes,ptPOR,MF,Manchester Utd,30-237,1994.0,30.6,1522,2024,75.2,26743,9407,732,844,86.7,547,680,80.4,190,361,52.6,9,7.6,7.0,1.4,84,176,73,11,281,Matches
74,Bruno Guimarães,brBRA,MF,Newcastle Utd,27-168,1997.0,32.4,1305,1589,82.1,21511,7054,644,710,90.7,520,594,87.5,101,179,56.4,6,5.6,5.0,0.4,45,158,67,6,241,Matches
75,Bryan Mbeumo,cmCMR,FW,Brentford,25-269,1999.0,33.9,779,1168,66.7,12432,3854,427,539,79.2,278,384,72.4,60,160,37.5,6,7.9,8.7,-1.9,65,54,55,16,126,Matches
76,Bukayo Saka,engENG,"FW,MF",Arsenal,23-240,2001.0,16.2,470,626,75.1,7266,2140,279,310,90.0,134,185,72.4,41,85,48.2,10,6.7,6.9,3.3,49,13,32,10,61,Matches
77,Caleb Kporha,engENG,DF,Crystal Palace,18-292,2006.0,0.1,5,7,71.4,72,21,4,4,100.0,0,2,0.0,1,1,100.0,0,0.0,0.0,0.0,0,0,1,1,0,Matches
78,Caleb Okoli,itITA,DF,Leicester City,23-294,2001.0,12.5,558,646,86.4,9738,3849,242,265,91.3,273,300,91.0,36,65,55.4,0,0.0,0.2,0.0,0,21,1,0,32,Matches
79,Callum Hudson-Odoi,engENG,"FW,MF",Nott'ham Forest,24-177,2000.0,23.9,674,820,82.2,9918,1991,396,430,92.1,207,253,81.8,43,84,51.2,2,2.7,2.6,-0.7,44,36,31,11,66,Matches
80,Callum Wilson,engENG,FW,Newcastle Utd,33-065,1992.0,3.0,27,39,69.2,381,77,13,17,76.5,12,15,80.0,0,0,,0,0.1,0.0,-0.1,1,1,0,0,3,Matches
81,Calvin Bassey,ngNGA,DF,Fulham,25-123,1999.0,31.2,1759,1964,89.6,30963,10730,746,786,94.9,862,917,94.0,123,204,60.3,0,0.1,0.3,-0.1,2,135,2,0,104,Matches
82,Cameron Archer,engENG,FW,Southampton,23-286,2001.0,15.1,189,233,81.1,2474,337,119,139,85.6,53,58,91.4,5,9,55.6,0,0.4,0.6,-0.4,3,6,7,0,14,Matches
83,Cameron Burgess,auAUS,DF,Ipswich Town,29-194,1995.0,15.1,542,671,80.8,9841,4749,227,250,90.8,249,288,86.5,58,114,50.9,1,0.5,0.3,0.5,6,42,4,0,40,Matches
84,Caoimhín Kelleher,ieIRL,GK,Liverpool,26-161,1998.0,10.0,289,382,75.7,6252,3968,99,99,100.0,147,147,100.0,43,135,31.9,0,0.0,0.0,0.0,0,6,0,0,0,Matches
85,Carlos Alcaraz,arARG,"FW,MF",Everton,22-154,2002.0,5.5,147,192,76.6,2608,703,63,74,85.1,64,74,86.5,15,26,57.7,1,1.3,0.5,-0.3,10,12,15,2,27,Matches
86,Carlos Alcaraz,arARG,MF,Southampton,22-154,2002.0,0.1,13,13,100.0,221,66,7,7,100.0,4,4,100.0,2,2,100.0,0,0.1,0.0,-0.1,1,4,1,1,6,Matches
87,Carlos Baleba,cmCMR,MF,Brighton,21-120,2004.0,25.7,1018,1161,87.7,17164,4360,482,520,92.7,432,471,91.7,83,129,64.3,1,1.3,1.1,-0.3,20,103,22,2,111,Matches
88,Carlos Forbs,ptPOR,"MF,FW",Wolves,21-045,2004.0,2.7,60,91,65.9,788,228,39,51,76.5,19,26,73.1,1,5,20.0,0,0.0,0.1,0.0,1,2,3,1,8,Matches
89,Carlos Soler,esESP,"MF,FW",West Ham,28-121,1997.0,15.0,530,623,85.1,8264,2216,286,303,94.4,198,231,85.7,29,54,53.7,1,1.2,1.3,-0.2,14,41,11,0,52,Matches
90,Carlos Vinícius,brBRA,"MF,FW",Fulham,30-039,1995.0,0.2,1,3,33.3,14,0,1,2,50.0,0,0,,0,0,,0,0.0,0.0,0.0,0,0,0,0,0,Matches
91,Casemiro,brBRA,MF,Manchester Utd,33-069,1992.0,14.8,670,854,78.5,11089,3522,318,368,86.4,267,319,83.7,58,97,59.8,0,2.3,1.9,-2.3,20,68,20,6,70,Matches
92,Chadi Riad,maMAR,DF,Crystal Palace,21-320,2003.0,1.0,70,82,85.4,1411,568,24,28,85.7,38,41,92.7,8,13,61.5,0,0.0,0.0,0.0,0,8,1,0,7,Matches
93,Charlie Taylor,engENG,DF,Southampton,31-227,1993.0,3.0,154,177,87.0,2691,691,63,67,94.0,77,86,89.5,12,17,70.6,0,0.1,0.1,-0.1,1,8,2,1,8,Matches
94,Cheick Doucouré,mlMLI,MF,Crystal Palace,25-115,2000.0,5.0,174,204,85.3,2909,823,84,94,89.4,70,78,89.7,16,20,80.0,0,0.0,0.1,0.0,1,17,3,0,19,Matches
95,Chidozie Obi-Martin,dkDEN,FW,Manchester Utd,17-155,2007.0,0.7,10,13,76.9,128,33,3,4,75.0,4,5,80.0,1,2,50.0,0,0.0,0.0,0.0,0,1,0,0,1,Matches
96,Chiedozie Ogbene,ieIRL,FW,Ipswich Town,28-002,1997.0,2.6,32,43,74.4,415,27,20,24,83.3,8,10,80.0,1,1,100.0,0,0.1,0.0,-0.1,2,0,0,0,0,Matches
97,Chiquinho,ptPOR,MF,Wolves,25-087,2000.0,0.1,3,3,100.0,71,22,1,1,100.0,1,1,100.0,1,1,100.0,0,0.0,0.0,0.0,1,0,1,1,0,Matches
98,Chris Richards,usUSA,DF,Crystal Palace,25-036,2000.0,17.4,583,719,81.1,10347,3673,239,268,89.2,289,320,90.3,46,104,44.2,0,0.1,0.6,-0.1,2,20,0,0,34,Matches
99,Chris Wood,nzNZL,FW,Nott'ham Forest,33-147,1991.0,28.9,277,419,66.1,3819,827,171,240,71.3,71,109,65.1,15,21,71.4,3,2.4,1.3,0.6,18,15,8,1,34,Matches
100,Christian Eriksen,dkDEN,MF,Manchester Utd,33-078,1992.0,11.0,548,689,79.5,9150,2818,296,322,91.9,175,218,80.3,56,114,49.1,1,2.6,2.1,-1.6,23,53,8,2,49,Matches
101,Christian Nørgaard,dkDEN,MF,Brentford,31-054,1994.0,27.3,1012,1238,81.7,16748,5593,503,577,87.2,426,496,85.9,65,111,58.6,2,0.8,0.9,1.2,16,124,23,3,126,Matches
102,Christian Walton,engENG,GK,Ipswich Town,29-175,1995.0,6.0,152,226,67.3,4170,2976,41,41,100.0,69,71,97.2,42,114,36.8,0,0.0,0.0,0.0,1,1,0,0,0,Matches
103,Christopher Nkunku,frFRA,FW,Chelsea,27-170,1997.0,10.2,299,334,89.5,3928,760,185,202,91.6,95,103,92.2,6,6,100.0,2,2.1,1.0,-0.1,14,26,7,0,25,Matches
104,Cody Gakpo,nlNED,FW,Liverpool,25-361,1999.0,18.1,415,546,76.0,5915,1506,256,296,86.5,129,192,67.2,16,29,55.2,3,3.5,2.9,-0.5,33,22,26,8,51,Matches
105,Cole Palmer,engENG,MF,Chelsea,22-362,2002.0,31.5,1019,1325,76.9,19338,5022,427,497,85.9,414,488,84.8,155,260,59.6,8,9.3,7.9,-1.3,78,145,61,17,194,Matches
106,Conor Bradley,nirNIR,DF,Liverpool,21-298,2003.0,5.9,358,427,83.8,5339,1376,206,225,91.6,134,152,88.2,11,31,35.5,1,0.5,0.6,0.5,5,20,3,1,25,Matches
107,Conor Chaplin,engENG,"MF,FW",Ipswich Town,28-076,1997.0,7.2,173,236,73.3,2702,699,86,103,83.5,76,97,78.4,6,18,33.3,1,0.6,0.6,0.4,6,17,7,2,25,Matches
108,Conor Coady,engENG,DF,Leicester City,32-067,1993.0,15.0,764,843,90.6,13171,4968,326,337,96.7,388,401,96.8,46,87,52.9,0,0.1,0.5,-0.1,1,31,2,0,28,Matches
109,Conor Townsend,engENG,DF,Ipswich Town,32-060,1993.0,3.7,80,127,63.0,1418,756,32,39,82.1,41,55,74.5,7,24,29.2,1,0.7,0.2,0.3,4,7,2,2,8,Matches
110,Craig Dawson,engENG,DF,Wolves,34-362,1990.0,10.8,484,559,86.6,9745,3180,149,161,92.5,267,287,93.0,57,95,60.0,0,0.0,0.1,0.0,2,22,1,0,20,Matches
111,Cristian Romero,arARG,DF,Tottenham,27-006,1998.0,15.7,1094,1223,89.5,20402,8197,370,405,91.4,630,665,94.7,80,126,63.5,0,0.6,0.8,-0.6,7,109,8,1,71,Matches
112,Crysencio Summerville,nlNED,"FW,MF",West Ham,23-185,2001.0,8.7,194,254,76.4,2881,640,125,148,84.5,55,62,88.7,11,22,50.0,1,1.7,1.7,-0.7,17,13,12,5,18,Matches
113,Curtis Jones,engENG,"MF,DF",Liverpool,24-093,2001.0,16.0,821,881,93.2,11932,2386,474,489,96.9,295,319,92.5,31,41,75.6,3,1.0,1.4,2.0,19,60,16,0,85,Matches
114,Daichi Kamada,jpJPN,MF,Crystal Palace,28-271,1996.0,14.9,511,643,79.5,8122,2137,277,315,87.9,196,239,82.0,27,49,55.1,0,1.8,1.4,-1.8,19,39,13,2,73,Matches
115,Dan Burn,engENG,DF,Newcastle Utd,32-359,1992.0,33.0,1578,1766,89.4,28670,9967,554,609,91.0,917,967,94.8,94,151,62.3,0,0.9,1.0,-0.9,8,35,7,0,56,Matches
116,Dane Scarlett,engENG,"FW,MF",Tottenham,21-040,2004.0,0.4,3,5,60.0,37,20,2,2,100.0,1,1,100.0,0,1,0.0,1,0.0,0.0,1.0,1,0,0,0,1,Matches
117,Dango Ouattara,bfBFA,FW,Bournemouth,23-081,2002.0,21.5,354,592,59.8,5548,1604,203,280,72.5,115,184,62.5,25,66,37.9,4,5.2,3.3,-1.2,32,20,24,10,41,Matches
118,Daniel Bentley,engENG,GK,Wolves,31-294,1993.0,1.0,20,34,58.8,552,422,2,2,100.0,12,12,100.0,6,20,30.0,0,0.0,0.0,0.0,0,0,0,0,0,Matches
119,Daniel Jebbison,engENG,FW,Bournemouth,21-263,2003.0,0.8,26,31,83.9,232,36,17,19,89.5,1,1,100.0,0,1,0.0,0,0.2,0.1,-0.2,3,1,1,0,3,Matches
120,Daniel Muñoz,coCOL,DF,Crystal Palace,28-342,1996.0,31.9,1004,1324,75.8,15308,4450,569,664,85.7,374,485,77.1,43,97,44.3,4,4.4,3.1,-0.4,39,53,31,13,83,Matches
121,Daniel Podence,ptPOR,"MF,FW",Wolves,29-194,1995.0,0.5,11,16,68.8,132,78,7,7,100.0,3,3,100.0,0,2,0.0,0,0.0,0.0,0.0,0,1,1,0,2,Matches
122,Danilo,brBRA,"MF,FW",Nott'ham Forest,24-004,2001.0,3.0,89,114,78.1,1435,534,43,51,84.3,36,43,83.7,6,10,60.0,0,0.0,0.0,0.0,0,13,0,0,11,Matches
123,Danny Ings,engENG,"FW,MF",West Ham,32-284,1992.0,3.2,63,92,68.5,830,126,41,49,83.7,19,29,65.5,1,5,20.0,2,1.3,0.1,0.7,6,4,1,0,5,Matches
124,Danny Ward,wlsWAL,GK,Leicester City,31-315,1993.0,1.5,41,53,77.4,1162,949,6,6,100.0,20,20,100.0,15,27,55.6,0,0.0,0.0,0.0,0,2,0,0,0,Matches
125,Danny Welbeck,engENG,FW,Brighton,34-158,1990.0,20.6,352,419,84.0,4120,812,233,271,86.0,78,89,87.6,8,8,100.0,4,1.1,1.3,2.9,17,15,12,0,40,Matches
126,Dara O'Shea,ieIRL,DF,Ipswich Town,26-060,1999.0,30.7,1084,1396,77.7,21631,9474,349,404,86.4,603,711,84.8,121,240,50.4,2,0.5,0.7,1.5,3,81,3,1,70,Matches
127,Darwin Núñez,uyURU,FW,Liverpool,25-313,1999.0,11.3,147,208,70.7,2203,546,79,98,80.6,45,61,73.8,12,18,66.7,2,1.2,0.4,0.8,9,9,2,0,27,Matches
128,David Brooks,wlsWAL,"FW,MF",Bournemouth,27-299,1997.0,9.1,243,328,74.1,3748,1129,138,163,84.7,80,105,76.2,18,36,50.0,0,1.7,1.7,-1.7,16,15,15,5,27,Matches
129,David Raya,esESP,GK,Arsenal,29-230,1995.0,34.0,945,1265,74.7,22291,15282,265,267,99.3,491,499,98.4,188,494,38.1,0,0.0,0.1,0.0,0,39,1,0,12,Matches
130,Dean Henderson,engENG,GK,Crystal Palace,28-052,1997.0,34.0,672,1087,61.8,18496,12196,162,163,99.4,319,321,99.4,187,598,31.3,0,0.1,0.1,-0.1,2,20,1,0,0,Matches
131,Dean Huijsen,esESP,DF,Bournemouth,20-019,2005.0,23.8,1147,1372,83.6,23184,9179,366,411,89.1,617,675,91.4,153,253,60.5,1,2.0,1.5,-1.0,14,142,7,2,112,Matches
132,Declan Rice,engENG,MF,Arsenal,26-109,1999.0,28.6,1285,1537,83.6,21932,5804,634,686,92.4,514,569,90.3,112,227,49.3,7,6.5,5.5,0.5,55,123,34,5,175,Matches
133,Dejan Kulusevski,seSWE,"MF,FW",Tottenham,25-008,2000.0,25.3,644,872,73.9,9046,2890,386,448,86.2,200,256,78.1,31,77,40.3,4,6.1,3.9,-2.1,64,61,52,6,122,Matches
134,Destiny Udogie,itITA,DF,Tottenham,22-156,2002.0,20.4,947,1084,87.4,13710,4612,533,584,91.3,359,397,90.4,24,30,80.0,1,1.5,1.2,-0.5,16,88,6,1,120,Matches
135,Diego Carlos,brBRA,DF,Aston Villa,32-049,1993.0,9.2,534,603,88.6,10941,4103,138,151,91.4,341,362,94.2,54,83,65.1,0,0.0,0.1,0.0,0,23,1,0,34,Matches
136,Diego Gómez,pyPAR,MF,Brighton,22-037,2003.0,4.9,206,258,79.8,3195,743,115,134,85.8,74,88,84.1,12,23,52.2,0,0.5,0.8,-0.5,5,12,5,1,20,Matches
137,Diogo Dalot,ptPOR,DF,Manchester Utd,26-046,1999.0,31.0,1336,1659,80.5,21497,6609,691,769,89.9,519,634,81.9,93,168,55.4,3,2.0,2.5,1.0,26,61,25,8,102,Matches
138,Diogo Jota,ptPOR,FW,Liverpool,28-150,1996.0,12.2,201,289,69.6,3050,750,108,142,76.1,69,93,74.2,13,21,61.9,3,1.8,1.1,1.2,11,29,3,1,33,Matches
139,Divin Mubama,engENG,FW,Manchester City,20-190,2004.0,0.3,2,3,66.7,44,18,1,1,100.0,0,0,,1,1,100.0,0,0.0,0.0,0.0,0,0,0,0,1,Matches
140,Djed Spence,engENG,DF,Tottenham,24-267,2000.0,16.8,875,1017,86.0,12585,3709,514,549,93.6,302,348,86.8,31,57,54.4,2,1.7,1.3,0.3,10,73,17,7,98,Matches
141,Dominic Calvert-Lewin,engENG,FW,Everton,28-048,1997.0,17.5,174,278,62.6,2035,488,126,180,70.0,35,60,58.3,3,8,37.5,1,0.6,0.7,0.4,7,19,5,1,19,Matches
142,Dominic Solanke,engENG,FW,Tottenham,27-231,1997.0,23.5,250,352,71.0,3344,914,153,201,76.1,64,83,77.1,12,18,66.7,3,2.9,1.1,0.1,14,27,9,0,45,Matches
143,Dominik Szoboszlai,huHUN,MF,Liverpool,24-190,2000.0,25.1,1015,1201,84.5,15678,3132,556,623,89.2,327,371,88.1,82,114,71.9,5,6.2,5.1,-1.2,51,78,31,5,114,Matches
144,Donyell Malen,nlNED,FW,Aston Villa,26-114,1999.0,3.0,45,64,70.3,580,124,29,35,82.9,12,16,75.0,2,4,50.0,0,0.1,0.1,-0.1,2,2,1,0,5,Matches
145,Dwight McNeil,engENG,"MF,FW",Everton,25-162,1999.0,13.2,390,534,73.0,7325,2513,181,210,86.2,137,169,81.1,64,121,52.9,4,3.8,3.8,0.2,33,35,33,10,61,Matches
146,Eberechi Eze,engENG,"MF,FW",Crystal Palace,26-308,1998.0,26.0,707,948,74.6,11848,3088,349,409,85.3,276,331,83.4,64,148,43.2,8,5.2,3.8,2.8,53,46,32,3,85,Matches
147,Eddie Nketiah,engENG,"FW,MF",Crystal Palace,25-338,1999.0,9.8,165,220,75.0,2479,509,89,112,79.5,55,66,83.3,12,17,70.6,1,1.5,0.8,-0.5,11,11,4,0,17,Matches
148,Ederson,brBRA,GK,Manchester City,31-259,1993.0,22.8,730,828,88.2,17943,11813,129,129,100.0,421,428,98.4,177,267,66.3,4,1.5,0.2,2.5,4,20,1,0,1,Matches
149,Edmond-Paris Maghoma,engENG,"MF,FW",Brentford,23-360,2001.0,1.3,76,84,90.5,1259,343,38,40,95.0,29,31,93.5,6,7,85.7,0,0.1,0.0,-0.1,1,2,0,0,13,Matches
150,Edson Álvarez,mxMEX,MF,West Ham,27-191,1997.0,18.1,763,890,85.7,12894,3657,372,419,88.8,322,359,89.7,61,83,73.5,1,0.8,0.8,0.2,11,80,11,3,75,Matches
151,Eiran Cashin,ieIRL,DF,Brighton,23-175,2001.0,0.2,23,28,82.1,407,196,9,10,90.0,13,13,100.0,1,5,20.0,0,0.0,0.0,0.0,0,5,0,0,6,Matches
152,Elliot Anderson,engENG,MF,Nott'ham Forest,22-178,2002.0,26.4,895,1151,77.8,14190,4880,476,534,89.1,321,401,80.0,65,140,46.4,6,3.1,3.3,2.9,34,93,18,2,118,Matches
153,Emerson Palmieri,itITA,DF,West Ham,30-273,1994.0,22.4,827,1035,79.9,12096,4432,493,549,89.8,272,335,81.2,42,99,42.4,1,1.5,2.2,-0.5,16,49,13,5,64,Matches
154,Emi Buendía,arARG,"MF,FW",Aston Villa,28-129,1996.0,1.1,49,60,81.7,624,166,33,36,91.7,12,14,85.7,1,5,20.0,0,0.0,0.0,0.0,1,4,1,0,7,Matches
155,Emil Krafth,seSWE,DF,Newcastle Utd,30-274,1994.0,3.2,104,130,80.0,1661,734,49,60,81.7,46,53,86.8,5,10,50.0,0,0.1,0.0,-0.1,1,6,0,0,7,Matches
156,Emile Smith Rowe,engENG,MF,Fulham,24-279,2000.0,20.6,834,927,90.0,11939,2309,485,527,92.0,308,323,95.4,18,26,69.2,2,1.1,1.7,0.9,18,74,15,1,120,Matches
157,Emiliano Martínez,arARG,GK,Aston Villa,32-243,1992.0,32.0,986,1248,79.0,25707,15650,174,178,97.8,573,584,98.1,239,479,49.9,0,0.5,0.1,-0.5,2,21,0,0,3,Matches
158,Emmanuel Agbadou,ciCIV,DF,Wolves,27-320,1997.0,12.7,663,780,85.0,13505,4751,210,229,91.7,358,386,92.7,89,146,61.0,0,0.2,0.3,-0.2,4,26,1,0,22,Matches
159,Enes Ünal,trTUR,"FW,MF",Bournemouth,27-358,1997.0,3.8,63,99,63.6,685,192,40,52,76.9,17,28,60.7,0,1,0.0,1,0.4,0.3,0.6,4,4,4,0,12,Matches
160,Enzo Fernández,arARG,MF,Chelsea,24-106,2001.0,28.8,1397,1746,80.0,24772,6960,642,723,88.8,572,674,84.9,150,257,58.4,7,6.3,6.0,0.7,71,155,39,7,196,Matches
161,Eric da Silva Moreira,deGER,"MF,DF",Nott'ham Forest,19-000,2006.0,0.3,7,8,87.5,86,7,6,7,85.7,1,1,100.0,0,0,,0,0.0,0.0,0.0,0,0,0,0,0,Matches
162,Erling Haaland,noNOR,FW,Manchester City,24-286,2000.0,27.6,225,341,66.0,2706,532,156,221,70.6,50,75,66.7,4,6,66.7,3,2.8,1.8,0.2,26,9,7,1,18,Matches
163,Ethan Nwaneri,engENG,"FW,MF",Arsenal,18-043,2007.0,9.1,304,379,80.2,4385,1143,192,208,92.3,82,107,76.6,18,35,51.4,2,1.0,1.6,1.0,12,16,13,6,30,Matches
164,Ethan Pinnock,jmJAM,DF,Brentford,31-339,1993.0,21.3,924,1080,85.6,17045,6094,360,382,94.2,472,528,89.4,84,145,57.9,0,1.2,0.7,-1.2,8,48,4,1,41,Matches
165,Evan Ferguson,ieIRL,FW,Brighton,20-196,2004.0,2.7,43,58,74.1,484,44,31,36,86.1,8,11,72.7,1,4,25.0,0,0.4,0.4,-0.4,3,1,0,0,1,Matches
166,Evan Ferguson,ieIRL,FW,West Ham,20-196,2004.0,1.6,26,33,78.8,317,11,20,24,83.3,5,7,71.4,0,1,0.0,0,0.3,0.3,-0.3,2,0,0,0,0,Matches
167,Evanilson,brBRA,FW,Bournemouth,25-209,1999.0,21.9,201,291,69.1,2409,497,129,173,74.6,41,58,70.7,9,14,64.3,1,1.6,1.7,-0.6,23,14,2,0,19,Matches
168,Ezri Konsa,engENG,DF,Aston Villa,27-192,1997.0,28.6,1372,1480,92.7,22993,7566,598,621,96.3,707,739,95.7,52,80,65.0,0,0.4,0.5,-0.4,5,93,1,0,73,Matches
169,Fabian Schär,chSUI,DF,Newcastle Utd,33-134,1991.0,28.6,1458,1744,83.6,29169,11249,507,548,92.5,773,834,92.7,169,329,51.4,0,0.4,0.9,-0.4,5,139,10,0,95,Matches
170,Fabio Carvalho,ptPOR,"FW,MF",Brentford,22-246,2002.0,5.1,126,178,70.8,1755,442,78,94,83.0,32,45,71.1,7,18,38.9,1,0.7,0.6,0.3,4,11,5,1,17,Matches
171,Facundo Buonanotte,arARG,"FW,MF",Leicester City,20-131,2004.0,16.4,430,561,76.6,6782,1709,234,273,85.7,145,177,81.9,35,72,48.6,2,3.1,2.3,-1.1,24,40,13,2,52,Matches
172,Federico Chiesa,itITA,FW,Liverpool,27-190,1997.0,0.4,21,25,84.0,247,63,15,16,93.8,4,6,66.7,1,1,100.0,0,0.0,0.1,0.0,0,3,0,0,2,Matches
173,Ferdi Kadioglu,trTUR,"DF,MF",Brighton,25-208,1999.0,4.3,144,175,82.3,2372,698,73,82,89.0,61,74,82.4,9,14,64.3,0,0.2,0.3,-0.2,5,10,9,4,15,Matches
174,Filip Jørgensen,dkDEN,GK,Chelsea,23-017,2002.0,6.0,158,189,83.6,2843,1649,64,64,100.0,79,81,97.5,11,40,27.5,0,0.0,0.0,0.0,0,1,0,0,0,Matches
175,Flynn Downes,engENG,MF,Southampton,26-103,1999.0,19.9,851,948,89.8,12498,2528,486,525,92.6,303,330,91.8,31,46,67.4,0,1.1,1.3,-1.1,15,52,11,0,59,Matches
176,Frank Onyeka,ngNGA,MF,Brentford,27-122,1998.0,0.3,6,7,85.7,71,19,5,5,100.0,1,1,100.0,0,0,,0,0.0,0.0,0.0,0,0,1,0,1,Matches
177,Fraser Forster,engENG,GK,Tottenham,37-047,1988.0,7.0,168,198,84.8,3349,2105,54,55,98.2,86,90,95.6,23,47,48.9,0,0.0,0.0,0.0,0,1,0,0,0,Matches
178,Gabriel Jesus,brBRA,FW,Arsenal,28-030,1997.0,6.8,156,203,76.8,2030,378,103,128,80.5,41,47,87.2,4,6,66.7,0,0.7,0.5,-0.7,8,10,9,1,19,Matches
179,Gabriel Magalhães,brBRA,DF,Arsenal,27-135,1997.0,26.3,1480,1641,90.2,25788,7938,598,617,96.9,782,830,94.2,83,154,53.9,1,0.9,1.2,0.1,13,145,8,0,126,Matches
180,Gabriel Martinelli,brBRA,"FW,MF",Arsenal,23-319,2001.0,21.7,429,604,71.0,6240,1342,276,332,83.1,119,172,69.2,24,47,51.1,4,4.5,4.0,-0.5,34,10,30,13,44,Matches
181,George Edmundson,engENG,DF,Ipswich Town,27-245,1997.0,0.0,1,2,50.0,9,0,1,1,100.0,0,0,,0,0,,0,0.0,0.0,0.0,0,0,0,0,0,Matches
182,George Hirst,sctSCO,FW,Ipswich Town,26-077,1999.0,5.2,55,100,55.0,644,188,38,57,66.7,11,23,47.8,1,2,50.0,1,0.3,0.1,0.7,3,1,4,0,12,Matches
183,Georginio Rutter,frFRA,"MF,FW",Brighton,23-013,2002.0,18.4,237,355,66.8,3344,1174,144,187,77.0,74,111,66.7,10,16,62.5,3,2.5,1.7,0.5,19,30,16,1,67,Matches
184,Gonçalo Guedes,ptPOR,"MF,FW",Wolves,28-155,1996.0,8.7,192,264,72.7,3194,816,98,117,83.8,76,100,76.0,13,29,44.8,4,1.1,0.7,2.9,11,13,17,5,31,Matches
185,Guglielmo Vicario,itITA,GK,Tottenham,28-208,1996.0,22.0,709,798,88.8,13716,8006,226,228,99.1,399,410,97.3,77,151,51.0,0,0.0,0.0,0.0,0,1,0,0,1,Matches
186,Guido Rodríguez,arARG,MF,West Ham,31-021,1994.0,11.3,419,498,84.1,7149,2000,201,230,87.4,180,197,91.4,32,51,62.7,0,0.1,0.1,-0.1,3,36,1,0,31,Matches
187,Gustavo Nunes,brBRA,"MF,FW",Brentford,19-164,2005.0,0.0,0,0,,0,0,0,0,,0,0,,0,0,,0,0.0,0.0,0.0,0,0,0,0,0,Matches
188,Hamza Choudhury,bdBAN,"MF,DF",Leicester City,27-214,1997.0,1.5,72,84,85.7,991,249,47,50,94.0,23,29,79.3,2,4,50.0,0,0.4,0.2,-0.4,2,10,1,1,3,Matches
189,Harrison Armstrong,engENG,MF,Everton,18-104,2007.0,0.5,7,15,46.7,149,15,3,4,75.0,2,5,40.0,2,4,50.0,0,0.1,0.0,-0.1,1,1,0,0,1,Matches
190,Harrison Reed,engENG,MF,Fulham,30-096,1995.0,1.0,39,54,72.2,550,138,21,24,87.5,13,16,81.3,2,5,40.0,0,0.1,0.1,-0.1,1,1,1,0,4,Matches
191,Harry Amass,engENG,DF,Manchester Utd,18-048,2007.0,1.8,77,93,82.8,906,172,53,58,91.4,19,25,76.0,1,4,25.0,0,0.0,0.0,0.0,1,3,0,0,4,Matches
192,Harry Clarke,engENG,DF,Ipswich Town,24-062,2001.0,4.2,190,236,80.5,3442,1226,87,95,91.6,77,88,87.5,23,40,57.5,0,0.0,0.1,0.0,1,21,1,0,14,Matches
193,Harry Maguire,engENG,DF,Manchester Utd,32-059,1993.0,16.5,812,942,86.2,15170,5135,302,329,91.8,433,476,91.0,67,115,58.3,0,0.3,0.2,-0.3,6,42,3,0,43,Matches
194,Harry Toffolo,engENG,DF,Nott'ham Forest,29-257,1995.0,1.5,47,67,70.1,653,304,30,32,93.8,15,24,62.5,1,7,14.3,0,0.0,0.0,0.0,0,1,0,0,2,Matches
195,Harry Wilson,wlsWAL,"FW,MF",Fulham,28-042,1997.0,10.4,279,379,73.6,4685,1220,143,169,84.6,105,134,78.4,26,59,44.1,1,1.1,1.1,-0.1,19,23,13,1,46,Matches
196,Harry Winks,engENG,MF,Leicester City,29-090,1996.0,17.1,910,1045,87.1,14101,5048,471,511,92.2,362,397,91.2,44,76,57.9,2,1.2,1.5,0.8,17,110,7,5,101,Matches
197,Harvey Barnes,engENG,FW,Newcastle Utd,27-145,1997.0,15.7,402,507,79.3,5599,1604,258,296,87.2,127,170,74.7,11,17,64.7,4,3.7,4.2,0.3,21,21,34,8,69,Matches
198,Harvey Elliott,engENG,"MF,FW",Liverpool,22-029,2003.0,2.2,156,192,81.3,2693,649,84,91,92.3,52,66,78.8,15,23,65.2,1,0.9,0.5,0.1,6,15,4,0,26,Matches
199,Hwang Hee-chan,krKOR,"MF,FW",Wolves,29-097,1996.0,7.2,159,195,81.5,2061,395,107,123,87.0,40,47,85.1,4,5,80.0,0,0.1,0.3,-0.1,3,7,4,2,12,Matches
200,Hákon Rafn Valdimarsson,isISL,GK,Brentford,23-202,2001.0,1.6,46,70,65.7,1445,1110,8,8,100.0,21,21,100.0,17,41,41.5,0,0.0,0.0,0.0,0,2,0,0,0,Matches
201,Ian Maatsen,nlNED,DF,Aston Villa,23-054,2002.0,9.9,507,620,81.8,8095,2117,254,287,88.5,220,256,85.9,23,43,53.5,2,2.7,2.3,-0.7,18,20,15,3,39,Matches
202,Ibrahim Sangaré,ciCIV,MF,Nott'ham Forest,27-152,1997.0,3.3,131,163,80.4,1910,624,78,87,89.7,41,50,82.0,8,13,61.5,1,0.4,0.1,0.6,4,11,2,0,14,Matches
203,Ibrahima Konaté,frFRA,DF,Liverpool,25-343,1999.0,25.8,1581,1751,90.3,29259,10055,547,584,93.7,937,985,95.1,88,158,55.7,2,1.0,0.9,1.0,10,125,8,0,103,Matches
204,Idrissa Gana Gueye,snSEN,MF,Everton,35-219,1989.0,30.1,1062,1228,86.5,18071,4729,524,578,90.7,428,473,90.5,94,127,74.0,3,1.7,1.9,1.3,19,130,10,3,126,Matches
205,Igor,brBRA,DF,Brighton,27-085,1998.0,10.0,628,682,92.1,11358,3723,248,257,96.5,337,354,95.2,40,56,71.4,0,0.2,0.3,-0.2,1,35,2,1,44,Matches
206,Iliman Ndiaye,snSEN,FW,Everton,25-058,2000.0,24.0,514,638,80.6,7768,1590,300,349,86.0,169,197,85.8,34,50,68.0,0,1.6,1.2,-1.6,17,34,14,5,45,Matches
207,Illia Zabarnyi,uaUKR,DF,Bournemouth,22-244,2002.0,30.6,1216,1495,81.3,25696,9553,328,364,90.1,712,786,90.6,167,316,52.8,0,0.6,0.5,-0.6,11,131,6,0,125,Matches
208,Ismaila Sarr,snSEN,"MF,FW",Crystal Palace,27-067,1998.0,26.6,438,658,66.6,6582,1956,237,317,74.8,165,233,70.8,21,44,47.7,4,7.0,5.6,-3.0,37,26,36,8,76,Matches
209,Issa Diop,frFRA,DF,Fulham,28-114,1997.0,14.9,663,758,87.5,12350,4179,233,252,92.5,379,408,92.9,46,87,52.9,0,0.1,0.1,-0.1,3,43,1,0,25,Matches
210,Jack Clarke,engENG,"FW,MF",Ipswich Town,24-161,2000.0,11.5,260,342,76.0,4206,1057,137,158,86.7,107,125,85.6,13,28,46.4,4,2.0,1.0,2.0,23,24,6,0,33,Matches
211,Jack Grealish,engENG,"FW,MF",Manchester City,29-235,1995.0,8.0,381,435,87.6,5676,986,246,264,93.2,115,131,87.8,18,26,69.2,1,1.8,1.7,-0.8,24,23,16,0,52,Matches
212,Jack Harrison,engENG,FW,Everton,28-164,1996.0,21.0,374,592,63.2,5976,2210,214,263,81.4,109,159,68.6,34,100,34.0,0,3.7,3.1,-3.7,32,26,24,10,45,Matches
213,Jack Hinshelwood,engENG,"DF,MF",Brighton,20-022,2005.0,18.6,800,959,83.4,12164,2932,467,512,91.2,259,307,84.4,54,100,54.0,2,1.3,1.5,0.7,15,33,9,2,60,Matches
214,Jack Stephens,engENG,DF,Southampton,31-096,1994.0,12.9,751,817,91.9,12975,3649,302,325,92.9,395,419,94.3,39,48,81.3,0,0.2,0.3,-0.2,3,46,5,0,50,Matches
215,Jack Taylor,ieIRL,MF,Ipswich Town,26-314,1998.0,7.6,273,336,81.3,4780,1348,121,140,86.4,128,148,86.5,19,35,54.3,0,0.5,0.8,-0.5,5,28,8,1,39,Matches
216,Jacob Greaves,engENG,DF,Ipswich Town,24-233,2000.0,20.5,791,915,86.4,12967,5007,376,404,93.1,374,415,90.1,29,70,41.4,0,0.0,0.2,0.0,2,59,1,0,51,Matches
217,Jacob Murphy,engENG,FW,Newcastle Utd,30-068,1995.0,23.2,593,869,68.2,8970,2826,360,428,84.1,182,272,66.9,39,91,42.9,11,8.1,5.3,2.9,38,46,34,14,63,Matches
218,Jacob Ramsey,engENG,"FW,MF",Aston Villa,23-340,2001.0,16.5,470,550,85.5,6225,1446,324,352,92.0,117,139,84.2,14,19,73.7,3,2.1,2.1,0.9,18,30,20,1,64,Matches
219,Jaden Philogene Bidace,engENG,"FW,MF",Aston Villa,23-084,2002.0,3.7,63,86,73.3,850,161,40,49,81.6,18,21,85.7,2,3,66.7,0,0.3,0.2,-0.3,1,1,3,0,4,Matches
220,Jaden Philogene Bidace,engENG,"FW,DF",Ipswich Town,23-084,2002.0,5.3,95,131,72.5,1536,414,54,64,84.4,30,41,73.2,6,12,50.0,0,0.2,0.2,-0.2,5,7,4,3,10,Matches
221,Jadon Sancho,engENG,FW,Chelsea,25-039,2000.0,18.5,624,756,82.5,8433,1950,388,435,89.2,200,238,84.0,13,26,50.0,4,3.4,3.0,0.6,35,25,46,0,86,Matches
222,Jahmai Simpson-Pusey,engENG,DF,Manchester City,19-180,2005.0,1.1,107,115,93.0,1754,549,47,49,95.9,57,59,96.6,3,7,42.9,0,0.0,0.0,0.0,0,3,0,0,3,Matches
223,Jake Evans,,FW,Leicester City,,,0.0,0,0,,0,0,0,0,,0,0,,0,0,,0,0.0,0.0,0.0,0,0,0,0,0,Matches
224,Jake O'Brien,ieIRL,DF,Everton,23-353,2001.0,14.5,461,597,77.2,8367,3329,207,234,88.5,197,251,78.5,51,81,63.0,0,0.6,0.3,-0.6,6,37,8,5,41,Matches
225,Jakub Kiwior,plPOL,DF,Arsenal,25-077,2000.0,8.5,494,543,91.0,8754,2525,187,199,94.0,283,297,95.3,22,39,56.4,0,0.3,0.2,-0.3,3,45,3,0,35,Matches
226,Jakub Moder,plPOL,MF,Brighton,26-026,1999.0,0.1,18,22,81.8,254,82,10,14,71.4,8,8,100.0,0,0,,0,0.2,0.5,-0.2,3,0,1,1,4,Matches
227,Jakub Stolarczyk,plPOL,GK,Leicester City,24-135,2000.0,6.0,152,224,67.9,4176,3245,47,47,100.0,46,47,97.9,58,129,45.0,0,0.0,0.0,0.0,0,2,0,0,1,Matches
228,James Bree,engENG,DF,Southampton,27-204,1997.0,9.9,440,525,83.8,7028,1910,209,230,90.9,199,225,88.4,24,47,51.1,1,0.9,0.7,0.1,10,26,6,5,31,Matches
229,James Garner,engENG,"MF,DF",Everton,24-051,2001.0,13.7,434,596,72.8,7598,2433,189,226,83.6,195,237,82.3,42,94,44.7,1,1.3,1.2,-0.3,11,39,5,2,38,Matches
230,James Hill,engENG,DF,Bournemouth,23-113,2002.0,5.0,159,245,64.9,3098,1094,51,67,76.1,85,110,77.3,21,58,36.2,1,0.3,0.3,0.7,3,20,6,0,16,Matches
231,James Justin,engENG,DF,Leicester City,27-069,1998.0,28.7,1052,1355,77.6,16221,5067,548,633,86.6,430,511,84.1,43,124,34.7,1,0.6,0.7,0.4,13,71,21,7,86,Matches
232,James Maddison,engENG,MF,Tottenham,28-161,1996.0,20.1,1021,1256,81.3,16664,5028,481,529,90.9,424,492,86.2,75,162,46.3,7,4.2,5.9,2.8,41,123,32,5,164,Matches
233,James Mcatee,engENG,"MF,FW",Manchester City,22-197,2002.0,3.4,86,109,78.9,1301,226,47,55,85.5,37,42,88.1,2,6,33.3,0,0.3,0.6,-0.3,2,7,2,0,6,Matches
234,James Milner,engENG,MF,Brighton,39-119,1986.0,1.9,55,73,75.3,899,347,26,28,92.9,23,30,76.7,4,10,40.0,0,0.2,0.2,-0.2,4,3,1,1,10,Matches
235,James Tarkowski,engENG,DF,Everton,32-165,1992.0,32.5,1045,1290,81.0,22119,8229,337,399,84.5,525,571,91.9,173,276,62.7,1,2.9,2.4,-1.9,16,83,11,0,75,Matches
236,James Ward-Prowse,engENG,MF,Nott'ham Forest,30-183,1994.0,4.4,145,182,79.7,2296,768,82,88,93.2,53,61,86.9,8,23,34.8,1,1.1,0.8,-0.1,4,16,2,0,16,Matches
237,James Ward-Prowse,engENG,MF,West Ham,30-183,1994.0,8.9,523,597,87.6,8754,2473,277,289,95.8,196,214,91.6,44,78,56.4,1,1.1,0.9,-0.1,13,60,4,1,45,Matches
238,Jamie Vardy,engENG,FW,Leicester City,38-112,1987.0,28.6,238,356,66.9,3417,384,133,179,74.3,77,100,77.0,13,19,68.4,3,2.9,2.5,0.1,18,10,9,1,20,Matches
239,Jan Bednarek,plPOL,DF,Southampton,29-021,1996.0,26.1,1495,1616,92.5,26431,8590,574,602,95.3,807,854,94.5,101,133,75.9,0,0.5,0.9,-0.5,5,71,1,0,58,Matches
240,Jan Paul van Hecke,nlNED,DF,Brighton,24-329,2000.0,28.9,1795,2041,87.9,35321,13506,624,671,93.0,959,1031,93.0,200,305,65.6,1,1.5,1.3,-0.5,13,202,16,4,209,Matches
241,Jannik Vestergaard,dkDEN,DF,Leicester City,32-273,1992.0,15.5,870,959,90.7,14697,5807,397,418,95.0,416,444,93.7,48,81,59.3,0,0.1,0.1,-0.1,3,34,1,0,32,Matches
242,Jarell Quansah,engENG,DF,Liverpool,22-094,2003.0,3.5,206,228,90.4,3720,1253,75,77,97.4,115,126,91.3,13,20,65.0,0,0.1,0.2,-0.1,1,18,1,0,12,Matches
243,Jarrad Branthwaite,engENG,DF,Everton,22-310,2002.0,25.1,851,1043,81.6,16684,6676,313,349,89.7,426,472,90.3,105,191,55.0,1,0.6,0.4,0.4,2,75,2,0,57,Matches
244,Jarrod Bowen,engENG,"FW,MF",West Ham,28-134,1996.0,29.2,510,710,71.8,8497,2506,271,323,83.9,175,229,76.4,49,89,55.1,7,6.3,6.2,0.7,49,37,42,7,85,Matches
245,Jason Steele,engENG,GK,Brighton,34-258,1990.0,2.0,101,112,90.2,2321,1556,21,21,100.0,63,65,96.9,17,26,65.4,0,0.0,0.0,0.0,0,0,0,0,0,Matches
246,Jay Robinson,engENG,MF,Southampton,18-049,2007.0,0.0,4,4,100.0,40,6,4,4,100.0,0,0,,0,0,,0,0.0,0.0,0.0,1,0,0,0,0,Matches
247,Jay Stansfield,engENG,MF,Fulham,22-160,2002.0,0.0,0,0,,0,0,0,0,,0,0,,0,0,,0,0.0,0.0,0.0,0,0,0,0,0,Matches
248,Jayden Danns,engENG,MF,Liverpool,19-107,2006.0,0.1,1,1,100.0,6,0,1,1,100.0,0,0,,0,0,,0,0.0,0.0,0.0,0,0,0,0,0,Matches
249,Jayden Meghoma,engENG,DF,Brentford,18-309,2006.0,0.1,3,3,100.0,28,7,3,3,100.0,0,0,,0,0,,0,0.0,0.0,0.0,0,0,0,0,0,Matches
250,Jean-Clair Todibo,frFRA,DF,West Ham,25-124,1999.0,16.5,761,866,87.9,13519,4693,277,297,93.3,441,465,94.8,39,86,45.3,0,0.0,0.1,0.0,2,40,1,0,28,Matches
251,Jean-Philippe Mateta,frFRA,FW,Crystal Palace,27-309,1997.0,27.1,269,414,65.0,3557,924,165,216,76.4,75,120,62.5,7,22,31.8,2,3.1,2.2,-1.1,27,31,15,2,46,Matches
252,Jean-Ricner Bellegarde,frFRA,"MF,FW",Wolves,26-310,1998.0,17.2,415,527,78.7,6398,1283,239,268,89.2,131,162,80.9,31,55,56.4,6,3.6,2.6,2.4,26,27,17,8,39,Matches
253,Jefferson Lerma,coCOL,"MF,DF",Crystal Palace,30-190,1994.0,22.6,775,1026,75.5,13637,4683,362,417,86.8,318,391,81.3,77,165,46.7,1,1.5,1.6,-0.5,9,83,17,2,86,Matches
254,Jeffrey Schlupp,ghGHA,"MF,DF",Crystal Palace,32-131,1992.0,1.1,39,50,78.0,591,144,16,19,84.2,18,23,78.3,2,4,50.0,0,0.2,0.1,-0.2,3,4,2,0,5,Matches
255,Jens Cajuste,seSWE,MF,Ipswich Town,25-266,1999.0,19.7,572,694,82.4,9440,1907,262,295,88.8,269,314,85.7,28,56,50.0,0,0.6,0.6,-0.6,11,45,5,1,46,Matches
256,Jeremy Doku,beBEL,"FW,MF",Manchester City,22-341,2002.0,15.5,558,704,79.3,7829,1408,367,426,86.2,173,210,82.4,12,18,66.7,6,4.4,3.4,1.6,28,12,44,5,66,Matches
257,Jeremy Monga,,FW,Leicester City,,,0.3,6,11,54.5,79,29,3,4,75.0,3,3,100.0,0,1,0.0,0,0.0,0.0,0.0,0,1,0,0,1,Matches
258,Jeremy Sarmiento,ecECU,MF,Brighton,22-321,2002.0,0.1,6,6,100.0,74,1,4,4,100.0,2,2,100.0,0,0,,0,0.0,0.0,0.0,0,0,0,0,0,Matches
259,Jesper Lindstrøm,dkDEN,FW,Everton,25-063,2000.0,13.8,297,428,69.4,4593,1335,194,225,86.2,65,99,65.7,29,65,44.6,1,2.0,2.0,-1.0,19,18,12,7,25,Matches
260,Joachim Andersen,dkDEN,DF,Crystal Palace,28-337,1996.0,1.0,61,83,73.5,1227,526,19,21,90.5,31,37,83.8,9,21,42.9,0,0.0,0.0,0.0,0,9,1,0,4,Matches
261,Joachim Andersen,dkDEN,DF,Fulham,28-337,1996.0,24.7,1441,1739,82.9,31915,13021,388,425,91.3,805,860,93.6,239,428,55.8,0,0.3,0.5,-0.3,3,169,6,3,103,Matches
262,Joe Aribo,ngNGA,"MF,DF",Southampton,28-286,1996.0,21.2,878,992,88.5,13041,2506,480,526,91.3,341,375,90.9,31,45,68.9,0,1.6,1.2,-1.6,16,50,4,1,71,Matches
263,Joe Gomez,engENG,DF,Liverpool,27-345,1997.0,5.8,377,425,88.7,6689,2299,155,170,91.2,191,204,93.6,26,42,61.9,0,0.1,0.1,-0.1,2,29,0,0,35,Matches
264,Joe Lumley,engENG,GK,Southampton,30-077,1995.0,3.0,106,151,70.2,2342,1476,42,44,95.5,42,46,91.3,21,59,35.6,0,0.0,0.0,0.0,0,2,0,0,0,Matches
265,Joe Willock,engENG,"MF,FW",Newcastle Utd,25-256,1999.0,10.6,262,320,81.9,3708,798,156,176,88.6,92,107,86.0,8,19,42.1,2,1.9,0.9,0.1,21,23,8,0,35,Matches
266,Joel Ward,engENG,DF,Crystal Palace,35-186,1989.0,0.0,0,2,0.0,0,0,0,1,0.0,0,1,0.0,0,0,,0,0.0,0.0,0.0,0,0,0,0,0,Matches
267,Joelinton,brBRA,"MF,FW",Newcastle Utd,28-262,1996.0,26.6,863,1043,82.7,12199,3384,529,603,87.7,277,320,86.6,33,55,60.0,3,2.5,2.3,0.5,23,80,17,2,116,Matches
268,John McGinn,sctSCO,"MF,FW",Aston Villa,30-197,1994.0,22.1,635,767,82.8,10675,2779,304,332,91.6,263,304,86.5,55,92,59.8,3,3.4,2.4,-0.4,27,60,27,7,90,Matches
269,John Stones,engENG,"DF,MF",Manchester City,30-340,1994.0,6.1,367,403,91.1,6382,1601,169,179,94.4,161,174,92.5,31,40,77.5,0,0.1,0.2,-0.1,2,42,0,0,21,Matches
270,Jonny Evans,nirNIR,DF,Manchester Utd,37-120,1988.0,3.2,174,196,88.8,2809,784,82,87,94.3,81,90,90.0,6,12,50.0,0,0.0,0.0,0.0,0,9,1,0,8,Matches
271,Jordan Ayew,ghGHA,"FW,MF",Leicester City,33-234,1991.0,15.1,334,461,72.5,4951,979,182,211,86.3,117,160,73.1,20,51,39.2,0,0.8,1.3,-0.8,13,21,12,7,33,Matches
272,Jordan Ayew,ghGHA,"FW,MF",Crystal Palace,33-234,1991.0,0.2,8,10,80.0,167,4,3,3,100.0,4,6,66.7,1,1,100.0,0,0.0,0.0,0.0,1,0,0,0,0,Matches
273,Jordan Pickford,engENG,GK,Everton,31-057,1994.0,34.0,939,1418,66.2,29916,22401,141,142,99.3,396,403,98.3,401,863,46.5,1,0.4,0.2,0.6,2,66,8,0,0,Matches
274,Jorge Cuenca,esESP,DF,Fulham,25-167,1999.0,2.9,102,122,83.6,1768,637,34,38,89.5,60,68,88.2,6,14,42.9,0,0.0,0.0,0.0,0,7,0,0,9,Matches
275,Jorginho,itITA,MF,Arsenal,33-134,1991.0,7.8,410,473,86.7,6450,1591,215,235,91.5,167,189,88.4,21,36,58.3,0,0.4,0.6,-0.4,3,44,10,0,48,Matches
276,Joshua Acheampong,engENG,DF,Chelsea,18-363,2006.0,1.9,104,124,83.9,2025,705,29,32,90.6,63,68,92.6,11,20,55.0,0,0.0,0.0,0.0,0,6,0,0,8,Matches
277,Joshua King,engENG,"MF,FW",Fulham,18-120,2007.0,0.9,32,37,86.5,477,92,18,20,90.0,13,15,86.7,0,1,0.0,0,0.4,0.7,-0.4,3,2,1,0,4,Matches
278,Joshua Zirkzee,nlNED,"FW,MF",Manchester Utd,23-346,2001.0,15.6,292,410,71.2,3600,901,196,251,78.1,61,82,74.4,9,18,50.0,1,1.5,1.1,-0.5,12,26,6,0,44,Matches
279,José Sá,ptPOR,GK,Wolves,32-106,1993.0,27.0,544,853,63.8,14150,9653,107,108,99.1,302,311,97.1,131,426,30.8,0,0.1,0.0,-0.1,2,18,1,0,2,Matches
280,Jota Silva,ptPOR,"FW,MF",Nott'ham Forest,25-275,1999.0,9.4,115,190,60.5,1635,467,65,84,77.4,35,58,60.3,6,17,35.3,1,2.9,1.8,-1.9,14,4,9,3,18,Matches
281,João Félix,ptPOR,"FW,MF",Chelsea,25-174,1999.0,4.1,171,199,85.9,2588,663,95,105,90.5,62,68,91.2,10,15,66.7,1,1.0,0.5,0.0,6,22,8,0,26,Matches
282,João Gomes,brBRA,MF,Wolves,24-080,2001.0,30.9,1262,1487,84.9,18027,4482,742,815,91.0,385,450,85.6,65,107,60.7,1,1.2,1.8,-0.2,22,107,22,1,148,Matches
283,João Pedro,brBRA,"FW,MF",Brighton,23-219,2001.0,21.6,482,661,72.9,6847,1766,300,381,78.7,133,177,75.1,29,44,65.9,6,5.0,3.1,1.0,30,42,36,5,78,Matches
284,Joël Veltman,nlNED,DF,Brighton,33-108,1992.0,18.3,716,895,80.0,12082,3157,354,394,89.8,291,361,80.6,62,98,63.3,0,0.5,1.3,-0.5,6,61,8,5,79,Matches
285,Joško Gvardiol,hrCRO,DF,Manchester City,23-100,2002.0,33.4,2321,2552,90.9,37878,10350,1123,1190,94.4,1073,1151,93.2,104,151,68.9,0,2.0,2.8,-2.0,25,237,20,1,251,Matches
286,Julian Araujo,mxMEX,DF,Bournemouth,23-263,2001.0,4.0,143,181,79.0,2451,767,68,76,89.5,65,77,84.4,9,22,40.9,0,0.0,0.0,0.0,0,15,1,0,14,Matches
287,Julio Enciso,pyPAR,"MF,FW",Brighton,21-100,2004.0,3.3,99,150,66.0,1464,392,61,75,81.3,29,40,72.5,5,22,22.7,0,0.2,0.3,-0.2,5,13,4,1,14,Matches
288,Julio Enciso,pyPAR,"FW,MF",Ipswich Town,21-100,2004.0,6.9,135,192,70.3,2153,678,64,84,76.2,54,71,76.1,8,16,50.0,3,1.2,1.0,1.8,9,13,7,1,22,Matches
289,Julio Soler,arARG,FW,Bournemouth,20-076,2005.0,0.0,0,1,0.0,0,0,0,0,,0,1,0.0,0,0,,0,0.0,0.0,0.0,0,0,0,0,0,Matches
290,Jurriën Timber,nlNED,DF,Arsenal,23-320,2001.0,26.9,1194,1395,85.6,17327,4642,674,741,91.0,472,549,86.0,27,51,52.9,3,0.8,1.3,2.2,17,107,17,2,146,Matches
291,Justin Devenny,nirNIR,MF,Crystal Palace,21-204,2003.0,4.8,120,170,70.6,1883,518,66,82,80.5,40,58,69.0,8,21,38.1,0,0.4,0.4,-0.4,6,15,4,1,16,Matches
292,Justin Kluivert,nlNED,"MF,FW",Bournemouth,25-363,1999.0,23.3,516,695,74.2,7951,2200,282,338,83.4,169,222,76.1,43,79,54.4,6,4.8,3.4,1.2,45,40,32,6,95,Matches
293,Jáder Durán,coCOL,FW,Aston Villa,21-141,2003.0,7.1,115,163,70.6,1558,307,68,84,81.0,34,50,68.0,5,11,45.5,0,0.2,0.3,-0.2,4,10,1,0,13,Matches
294,Jørgen Strand Larsen,noNOR,FW,Wolves,25-086,2000.0,27.4,272,431,63.1,3547,657,167,237,70.5,67,106,63.2,14,20,70.0,2,2.4,1.0,-0.4,19,18,4,1,28,Matches
295,Kaelan Casey,engENG,DF,West Ham,20-187,2004.0,0.0,0,0,,0,0,0,0,,0,0,,0,0,,0,0.0,0.0,0.0,0,0,0,0,0,Matches
296,Kai Havertz,deGER,"FW,MF",Arsenal,25-326,1999.0,20.4,401,511,78.5,4833,1010,281,334,84.1,94,114,82.5,5,11,45.5,3,2.4,1.7,0.6,16,26,8,1,59,Matches
297,Kalvin Phillips,engENG,MF,Ipswich Town,29-152,1995.0,13.5,426,537,79.3,8392,2418,160,193,82.9,201,232,86.6,59,95,62.1,0,0.2,0.5,-0.2,5,48,6,1,49,Matches
298,Kamaldeen Sulemana,ghGHA,"FW,MF",Southampton,23-077,2002.0,12.5,235,297,79.1,3417,514,148,165,89.7,71,87,81.6,11,26,42.3,1,0.7,0.7,0.3,9,6,11,6,25,Matches
299,Kaoru Mitoma,jpJPN,"FW,MF",Brighton,27-348,1997.0,28.0,701,931,75.3,9130,2069,470,541,86.9,177,251,70.5,22,50,44.0,3,4.4,3.7,-1.4,35,34,32,8,82,Matches
300,Kasey McAteer,ieIRL,"FW,MF",Leicester City,23-162,2001.0,5.9,126,179,70.4,1750,426,84,100,84.0,35,49,71.4,5,9,55.6,1,0.5,0.4,0.5,6,6,6,2,10,Matches
301,Keane Lewis-Potter,engENG,"DF,FW",Brentford,24-070,2001.0,30.7,869,1125,77.2,14318,4235,467,522,89.5,300,378,79.4,76,154,49.4,3,3.0,4.6,0.0,22,56,40,14,88,Matches
302,Kenny Tete,nlNED,DF,Fulham,29-206,1995.0,16.0,645,794,81.2,10261,3331,344,375,91.7,232,290,80.0,50,83,60.2,2,0.9,0.6,1.1,7,56,7,5,46,Matches
303,Kepa Arrizabalaga,esESP,GK,Bournemouth,30-212,1994.0,27.0,636,889,71.5,17590,12113,100,102,98.0,324,330,98.2,211,450,46.9,0,0.0,0.0,0.0,1,9,0,0,2,Matches
304,Kevin Danso,atAUT,DF,Tottenham,26-226,1998.0,5.4,342,387,88.4,6292,2032,113,125,90.4,206,221,93.2,20,37,54.1,0,0.1,0.1,-0.1,2,22,2,1,17,Matches
305,Kevin De Bruyne,beBEL,"MF,FW",Manchester City,33-309,1991.0,17.1,799,1052,76.0,13542,3840,408,477,85.5,301,392,76.8,78,135,57.8,7,7.6,5.8,-0.6,51,80,51,11,135,Matches
306,Kevin Schade,deGER,FW,Brentford,23-157,2001.0,22.2,287,487,58.9,4447,1252,160,232,69.0,101,166,60.8,17,41,41.5,2,3.4,1.6,-1.4,20,29,9,3,32,Matches
307,Kieran Tierney,sctSCO,"DF,FW",Arsenal,27-332,1997.0,2.0,96,117,82.1,1508,461,52,55,94.5,36,46,78.3,6,11,54.5,0,0.9,0.5,-0.9,7,7,5,2,12,Matches
308,Kieran Trippier,engENG,DF,Newcastle Utd,34-226,1990.0,13.2,942,1147,82.1,16029,5612,460,489,94.1,387,453,85.4,75,157,47.8,3,1.3,1.4,1.7,19,65,17,2,106,Matches
309,Kiernan Dewsbury-Hall,engENG,"MF,FW",Chelsea,26-239,1998.0,2.9,127,152,83.6,1898,319,75,82,91.5,47,56,83.9,5,10,50.0,1,1.1,0.2,-0.1,3,12,3,0,14,Matches
310,Kim Jisoo,krKOR,DF,Brentford,20-130,2004.0,0.3,25,28,89.3,552,202,8,9,88.9,11,12,91.7,6,7,85.7,0,0.0,0.0,0.0,0,1,0,0,2,Matches
311,Kobbie Mainoo,engENG,MF,Manchester Utd,20-014,2005.0,15.7,627,728,86.1,8304,2079,398,433,91.9,157,179,87.7,28,39,71.8,0,1.6,1.3,-1.6,14,45,9,0,56,Matches
312,Konstantinos Mavropanos,grGRE,DF,West Ham,27-143,1997.0,21.6,1010,1176,85.9,19926,6819,321,352,91.2,586,635,92.3,97,166,58.4,0,0.5,0.4,-0.5,5,60,4,1,60,Matches
313,Kosta Nedeljković,rsSRB,DF,Aston Villa,19-138,2005.0,1.4,47,53,88.7,853,185,22,23,95.7,21,25,84.0,4,5,80.0,0,0.0,0.0,0.0,0,5,0,0,6,Matches
314,Kostas Tsimikas,grGRE,DF,Liverpool,28-356,1996.0,7.4,447,534,83.7,7676,2524,214,227,94.3,182,206,88.3,42,82,51.2,1,1.8,2.0,-0.8,11,39,9,3,67,Matches
315,Kristoffer Ajer,noNOR,DF,Brentford,27-016,1998.0,15.5,483,618,78.2,7530,2707,251,290,86.6,189,237,79.7,26,53,49.1,0,1.2,0.5,-1.2,8,41,7,4,52,Matches
316,Kyle Walker,engENG,DF,Manchester City,34-340,1990.0,10.8,724,826,87.7,11928,3918,367,388,94.6,305,334,91.3,42,82,51.2,0,0.4,1.3,-0.4,7,63,7,4,64,Matches
317,Kyle Walker-Peters,engENG,DF,Southampton,28-020,1997.0,31.4,1450,1647,88.0,21806,6437,806,859,93.8,558,622,89.7,55,91,60.4,2,2.7,2.3,-0.7,23,117,29,4,134,Matches
318,Lamare Bogarde,nlNED,"DF,MF",Aston Villa,21-118,2004.0,5.3,240,272,88.2,3682,1154,129,139,92.8,107,116,92.2,3,9,33.3,0,0.1,0.1,-0.1,2,24,1,0,14,Matches
319,Leandro Trossard,beBEL,FW,Arsenal,30-150,1994.0,25.2,616,837,73.6,10098,2709,324,382,84.8,238,313,76.0,42,82,51.2,5,5.1,3.5,-0.1,36,40,41,9,91,Matches
320,Leif Davis,engENG,DF,Ipswich Town,25-111,2000.0,28.5,854,1194,71.5,14708,5905,398,463,86.0,367,474,77.4,75,201,37.3,2,4.3,4.2,-2.3,54,30,26,11,55,Matches
321,Leny Yoro,frFRA,DF,Manchester Utd,19-171,2005.0,11.9,642,696,92.2,10301,3393,294,308,95.5,306,326,93.9,26,40,65.0,0,0.0,0.2,0.0,1,43,4,1,48,Matches
322,Leon Bailey,jmJAM,"FW,MF",Aston Villa,27-267,1997.0,12.6,273,386,70.7,4275,1048,149,183,81.4,99,122,81.1,18,38,47.4,2,1.5,2.9,0.5,16,16,20,2,35,Matches
323,Lesley Ugochukwu,frFRA,MF,Southampton,21-038,2004.0,16.1,536,634,84.5,8330,1847,258,295,87.5,239,260,91.9,20,35,57.1,1,1.0,0.6,0.0,14,50,6,1,48,Matches
324,Levi Colwill,engENG,DF,Chelsea,22-066,2003.0,31.0,2167,2418,89.6,39487,13936,750,809,92.7,1264,1327,95.3,131,227,57.7,1,1.1,1.2,-0.1,14,144,7,3,124,Matches
325,Lewis Cook,engENG,"MF,DF",Bournemouth,28-089,1997.0,30.3,1131,1478,76.5,19703,6794,495,585,84.6,508,599,84.8,104,229,45.4,3,4.1,3.7,-1.1,47,149,25,10,152,Matches
326,Lewis Dunk,engENG,DF,Brighton,33-163,1991.0,22.1,1724,1897,90.9,32037,10345,640,665,96.2,931,979,95.1,140,224,62.5,0,0.5,1.0,-0.5,6,154,6,0,142,Matches
327,Lewis Hall,engENG,DF,Newcastle Utd,20-237,2004.0,24.3,1300,1592,81.7,21999,8891,653,715,91.3,525,617,85.1,104,202,51.5,4,4.3,3.7,-0.3,34,114,17,5,123,Matches
328,Lewis Miley,engENG,MF,Newcastle Utd,19-002,2006.0,2.8,142,162,87.7,2084,349,80,90,88.9,49,51,96.1,7,8,87.5,0,0.0,0.3,0.0,1,10,4,0,14,Matches
329,Lewis Orford,engENG,MF,West Ham,19-074,2006.0,0.5,33,38,86.8,583,83,11,13,84.6,18,20,90.0,2,3,66.7,0,0.0,0.0,0.0,2,2,1,1,0,Matches
330,Liam Delap,engENG,FW,Ipswich Town,22-084,2003.0,26.9,208,341,61.0,2873,639,116,165,70.3,65,103,63.1,9,23,39.1,2,1.9,1.4,0.1,20,16,6,0,30,Matches
331,Lisandro Martínez,arARG,DF,Manchester Utd,27-105,1998.0,19.5,1200,1342,89.4,20292,7055,522,554,94.2,601,646,93.0,64,116,55.2,1,1.1,1.3,-0.1,9,91,18,2,117,Matches
332,Lloyd Kelly,engENG,DF,Newcastle Utd,26-209,1998.0,3.4,146,181,80.7,2636,867,57,65,87.7,78,87,89.7,10,24,41.7,1,0.5,0.1,0.5,2,6,1,1,9,Matches
333,Lucas Bergvall,seSWE,MF,Tottenham,19-090,2006.0,13.5,629,720,87.4,10567,2202,295,321,91.9,264,294,89.8,53,71,74.6,1,0.6,0.8,0.4,11,53,7,3,49,Matches
334,Lucas Digne,frFRA,DF,Aston Villa,31-287,1993.0,24.9,924,1232,75.0,14998,4806,470,533,88.2,375,477,78.6,58,146,39.7,4,4.4,3.9,-0.4,35,43,29,18,54,Matches
335,Lucas Paquetá,brBRA,"MF,FW",West Ham,27-249,1997.0,25.1,1047,1353,77.4,17297,5517,552,657,84.0,363,458,79.3,108,170,63.5,0,3.0,3.2,-3.0,35,121,41,4,140,Matches
336,Luis Díaz,coCOL,FW,Liverpool,28-110,1997.0,24.7,697,827,84.3,11124,2406,374,422,88.6,239,278,86.0,56,68,82.4,5,4.9,4.3,0.1,54,45,43,6,103,Matches
337,Luis Guilherme,brBRA,"MF,FW",West Ham,19-083,2006.0,1.5,47,56,83.9,727,154,30,31,96.8,13,15,86.7,4,7,57.1,0,0.1,0.1,-0.1,3,3,3,2,3,Matches
338,Luis Sinisterra,coCOL,"FW,MF",Bournemouth,25-320,1999.0,2.6,73,93,78.5,1067,200,44,48,91.7,22,32,68.8,5,5,100.0,1,1.4,1.3,-0.4,9,6,2,2,6,Matches
339,Luke Shaw,engENG,DF,Manchester Utd,29-295,1995.0,1.9,159,189,84.1,2589,998,86,92,93.5,59,69,85.5,12,20,60.0,0,0.7,0.8,-0.7,5,12,3,1,18,Matches
340,Luke Thomas,engENG,DF,Leicester City,23-327,2001.0,8.7,378,479,78.9,6170,1981,193,211,91.5,153,185,82.7,27,63,42.9,0,0.1,0.3,-0.1,4,25,2,1,26,Matches
341,Luke Woolfenden,engENG,DF,Ipswich Town,26-194,1998.0,12.2,450,513,87.7,8278,2806,168,174,96.6,242,259,93.4,36,69,52.2,0,0.0,0.0,0.0,0,27,0,0,15,Matches
342,Mads Hermansen,dkDEN,GK,Leicester City,24-296,2000.0,26.5,654,1073,61.0,17066,12387,151,155,97.4,312,329,94.8,191,584,32.7,0,0.0,0.0,0.0,0,20,1,0,1,Matches
343,Mads Roerslev,dkDEN,DF,Brentford,25-313,1999.0,12.2,422,536,78.7,6925,2249,205,233,88.0,179,224,79.9,27,49,55.1,2,3.0,2.1,-1.0,14,37,11,4,51,Matches
344,Malo Gusto,frFRA,DF,Chelsea,21-349,2003.0,20.2,1168,1352,86.4,19089,4800,571,613,93.1,502,569,88.2,68,111,61.3,1,1.2,1.8,-0.2,20,107,18,6,118,Matches
345,Manuel Akanji,chSUI,DF,Manchester City,29-288,1995.0,19.4,1427,1520,93.9,23477,6445,682,711,95.9,658,690,95.4,73,97,75.3,0,0.4,1.1,-0.4,9,153,11,2,138,Matches
346,Manuel Ugarte Ribeiro,uyURU,MF,Manchester Utd,24-022,2001.0,18.0,715,817,87.5,11713,2488,363,407,89.2,277,297,93.3,57,77,74.0,1,1.1,0.6,-0.1,9,52,9,3,55,Matches
347,Marc Cucurella,esESP,DF,Chelsea,26-285,1998.0,29.2,1529,1738,88.0,24117,6756,765,815,93.9,672,747,90.0,62,108,57.4,1,1.9,2.2,-0.9,18,108,12,3,104,Matches
348,Marc Guiu,esESP,FW,Chelsea,19-119,2006.0,0.8,11,16,68.8,110,4,9,13,69.2,1,2,50.0,0,0,,0,0.0,0.0,0.0,1,0,0,0,0,Matches
349,Marc Guéhi,engENG,DF,Crystal Palace,24-294,2000.0,32.0,1377,1654,83.3,26335,10841,510,560,91.1,710,800,88.8,145,262,55.3,2,1.2,1.3,0.8,12,127,11,3,126,Matches
350,Marco Asensio,esESP,"MF,FW",Aston Villa,29-102,1996.0,5.3,171,213,80.3,2407,709,100,111,90.1,58,69,84.1,5,17,29.4,1,0.8,0.8,0.2,12,14,8,2,31,Matches
351,Marcos Senesi,arARG,DF,Bournemouth,27-358,1997.0,11.3,493,644,76.6,10211,5319,176,200,88.0,232,270,85.9,80,161,49.7,0,0.2,0.5,-0.2,3,73,12,3,51,Matches
352,Marcus Harness,engENG,MF,Ipswich Town,29-068,1996.0,0.5,10,16,62.5,89,23,9,11,81.8,0,1,0.0,0,1,0.0,0,0.0,0.1,0.0,0,0,2,0,2,Matches
353,Marcus Rashford,engENG,FW,Aston Villa,27-184,1997.0,4.9,117,164,71.3,1772,447,67,77,87.0,36,47,76.6,9,25,36.0,2,2.3,2.1,-0.3,13,2,9,2,13,Matches
354,Marcus Rashford,engENG,"FW,MF",Manchester Utd,27-184,1997.0,10.9,253,343,73.8,3508,868,168,201,83.6,56,85,65.9,14,28,50.0,1,2.1,1.4,-1.1,15,13,16,8,21,Matches
355,Marcus Tavernier,engENG,"FW,MF",Bournemouth,26-042,1999.0,17.6,530,732,72.4,8961,2695,256,298,85.9,219,280,78.2,44,101,43.6,5,2.8,2.5,2.2,36,61,29,9,99,Matches
356,Mario Lemina,gaGAB,"MF,DF",Wolves,31-244,1993.0,15.2,493,613,80.4,9479,2966,176,207,85.0,249,284,87.7,58,95,61.1,3,1.1,1.2,1.9,10,43,13,4,48,Matches
357,Mark Flekken,nlNED,GK,Brentford,31-324,1993.0,32.4,1144,1561,73.3,33906,23289,140,143,97.9,613,629,97.5,391,782,50.0,2,0.5,0.1,1.5,3,45,2,0,0,Matches
358,Mark Travers,ieIRL,GK,Bournemouth,25-350,1999.0,5.0,100,142,70.4,3469,2692,6,6,100.0,51,53,96.2,43,83,51.8,0,0.0,0.0,0.0,0,3,0,0,0,Matches
359,Marshall Munetsi,zwZIM,"MF,FW",Wolves,28-315,1996.0,9.8,125,172,72.7,1520,323,78,98,79.6,36,48,75.0,1,3,33.3,1,1.5,1.0,-0.5,7,4,2,1,8,Matches
360,Martial Godo,engENG,FW,Fulham,22-050,2003.0,0.2,3,5,60.0,41,2,2,3,66.7,1,1,100.0,0,1,0.0,0,0.0,0.0,0.0,0,0,0,0,0,Matches
361,Martin Dúbravka,skSVK,GK,Newcastle Utd,36-108,1989.0,10.0,265,333,79.6,5932,3082,58,58,100.0,161,161,100.0,45,112,40.2,0,0.0,0.0,0.0,0,0,0,0,0,Matches
362,Martin Ødegaard,noNOR,MF,Arsenal,26-137,1998.0,22.7,1099,1331,82.6,17070,4925,606,671,90.3,399,458,87.1,70,132,53.0,6,4.6,6.3,1.4,56,115,78,5,231,Matches
363,Mason Holgate,engENG,"FW,DF",Everton,28-193,1996.0,0.1,2,2,100.0,55,0,0,0,,1,1,100.0,1,1,100.0,0,0.0,0.0,0.0,0,0,0,0,0,Matches
364,Mason Mount,engENG,"MF,FW",Manchester Utd,26-113,1999.0,4.2,123,154,79.9,1727,385,72,84,85.7,35,44,79.5,6,10,60.0,0,0.2,0.2,-0.2,5,9,3,1,18,Matches
365,Massimo Luongo,auAUS,MF,Ipswich Town,32-220,1992.0,2.2,43,57,75.4,613,135,27,30,90.0,11,16,68.8,3,7,42.9,0,0.0,0.0,0.0,0,1,0,0,5,Matches
366,Mateo Kovačić,hrCRO,MF,Manchester City,30-362,1994.0,22.8,1604,1733,92.6,24956,6497,857,901,95.1,665,695,95.7,63,98,64.3,1,3.6,3.0,-2.6,29,189,28,0,149,Matches
367,Mateus Fernandes,ptPOR,MF,Southampton,20-297,2004.0,28.7,977,1226,79.7,16522,3879,466,530,87.9,368,431,85.4,96,175,54.9,3,2.6,2.9,0.4,30,89,21,4,130,Matches
368,Matheus Cunha,brBRA,"MF,FW",Wolves,25-341,1999.0,26.9,743,1033,71.9,11781,4055,422,496,85.1,208,274,75.9,79,175,45.1,6,7.3,5.0,-1.3,51,89,54,10,131,Matches
369,Matheus França,brBRA,"FW,MF",Crystal Palace,21-032,2004.0,0.3,4,8,50.0,69,35,2,3,66.7,2,4,50.0,0,0,,0,0.0,0.2,0.0,0,1,0,0,2,Matches
370,Matheus Nunes,ptPOR,"DF,MF",Manchester City,26-249,1998.0,16.6,957,1109,86.3,14863,2604,536,587,91.3,358,406,88.2,50,77,64.9,5,4.2,3.1,0.8,21,45,25,7,69,Matches
371,Mathias Jensen,dkDEN,MF,Brentford,29-122,1996.0,8.8,332,442,75.1,6157,2233,152,174,87.4,125,159,78.6,44,79,55.7,2,1.6,1.3,0.4,15,39,17,2,55,Matches
372,Mathis Amougou,frFRA,MF,Chelsea,19-105,2006.0,0.1,7,7,100.0,69,30,6,6,100.0,1,1,100.0,0,0,,0,0.0,0.0,0.0,0,2,0,0,1,Matches
373,Mathys Tel,frFRA,FW,Tottenham,20-006,2005.0,6.2,132,180,73.3,2396,474,61,72,84.7,53,73,72.6,17,24,70.8,0,0.9,0.9,-0.9,9,9,9,4,13,Matches
374,Mats Wieffer,nlNED,"MF,DF",Brighton,25-168,1999.0,7.7,452,523,86.4,7323,1967,222,244,91.0,189,213,88.7,30,40,75.0,2,1.3,0.8,0.7,12,45,5,1,49,Matches
375,Matt Doherty,ieIRL,DF,Wolves,33-107,1992.0,21.8,1003,1214,82.6,18738,6158,407,450,90.4,475,549,86.5,108,175,61.7,1,1.5,1.2,-0.5,11,88,14,1,76,Matches
376,Matt O'Riley,dkDEN,MF,Brighton,24-163,2000.0,8.4,271,343,79.0,4302,1176,138,152,90.8,90,112,80.4,28,54,51.9,1,1.5,1.5,-0.5,16,26,7,0,33,Matches
377,Matt Targett,engENG,DF,Newcastle Utd,29-227,1995.0,0.2,14,15,93.3,187,49,9,10,90.0,4,4,100.0,1,1,100.0,0,0.0,0.1,0.0,0,0,1,1,0,Matches
378,Matthijs de Ligt,nlNED,DF,Manchester Utd,25-264,1999.0,23.2,1225,1360,90.1,21549,5917,449,477,94.1,717,759,94.5,53,105,50.5,0,0.3,0.3,-0.3,6,63,2,1,55,Matches
379,Matty Cash,plPOL,DF,Aston Villa,27-269,1997.0,19.0,607,772,78.6,10099,2861,295,329,89.7,260,326,79.8,40,81,49.4,1,1.1,1.2,-0.1,10,36,8,4,38,Matches
380,Matz Sels,beBEL,GK,Nott'ham Forest,33-066,1992.0,34.0,454,899,50.5,17261,14867,72,72,100.0,135,138,97.8,247,677,36.5,0,0.0,0.1,0.0,1,39,2,0,1,Matches
381,Max Aarons,engENG,DF,Bournemouth,25-119,2000.0,1.0,50,63,79.4,887,361,21,25,84.0,24,29,82.8,4,7,57.1,0,0.0,0.0,0.0,0,8,0,0,8,Matches
382,Max Kilman,engENG,DF,West Ham,27-345,1997.0,33.2,1511,1738,86.9,29227,9852,482,523,92.2,882,950,92.8,139,238,58.4,1,1.2,1.2,-0.2,16,100,4,0,106,Matches
383,Maxence Lacroix,frFRA,DF,Crystal Palace,25-027,2000.0,30.6,1093,1335,81.9,22521,8899,290,340,85.3,672,739,90.9,125,226,55.3,1,0.8,0.9,0.2,6,66,2,1,59,Matches
384,Maxwel Cornet,ciCIV,FW,Southampton,28-218,1996.0,0.8,17,22,77.3,262,37,9,10,90.0,6,8,75.0,1,2,50.0,0,0.0,0.0,0.0,0,0,0,0,0,Matches
385,Michael Kayode,itITA,DF,Brentford,20-297,2004.0,2.3,58,88,65.9,1060,377,22,30,73.3,31,45,68.9,5,11,45.5,0,0.2,0.2,-0.2,2,3,1,1,2,Matches
386,Michael Keane,engENG,DF,Everton,32-112,1993.0,9.5,258,316,81.6,5895,1868,77,87,88.5,121,134,90.3,58,77,75.3,0,0.1,0.0,-0.1,2,17,0,0,12,Matches
387,Michail Antonio,jmJAM,FW,West Ham,35-036,1990.0,9.3,114,188,60.6,2183,424,52,72,72.2,37,62,59.7,22,31,71.0,1,1.6,0.9,-0.6,9,11,6,2,18,Matches
388,Micky van de Ven,nlNED,DF,Tottenham,24-014,2001.0,10.6,706,776,91.0,13313,4092,210,229,91.7,444,460,96.5,45,72,62.5,2,1.2,0.7,0.8,2,50,1,0,51,Matches
389,Miguel Almirón,pyPAR,FW,Newcastle Utd,31-082,1994.0,1.7,54,66,81.8,707,219,39,42,92.9,13,16,81.3,1,3,33.3,0,0.3,0.2,-0.3,3,3,1,0,6,Matches
390,Mikel Merino,esESP,"MF,FW",Arsenal,28-315,1996.0,15.6,412,529,77.9,5686,1613,260,299,87.0,119,152,78.3,16,30,53.3,2,1.9,1.2,0.1,15,33,24,4,61,Matches
391,Mikey Moore,engENG,"FW,MF",Tottenham,17-265,2007.0,2.1,48,67,71.6,593,166,30,31,96.8,13,20,65.0,1,5,20.0,1,0.3,0.5,0.7,3,1,5,1,7,Matches
392,Mikkel Damsgaard,dkDEN,"MF,FW",Brentford,24-304,2000.0,28.6,984,1348,73.0,16907,6717,494,577,85.6,341,465,73.3,120,224,53.6,10,7.6,6.3,2.4,57,149,66,17,209,Matches
393,Milos Kerkez,huHUN,DF,Bournemouth,21-177,2003.0,33.2,1175,1563,75.2,18321,6200,644,723,89.1,429,551,77.9,72,197,36.5,5,3.4,2.3,1.6,31,79,35,22,143,Matches
394,Mohamed Salah,egEGY,FW,Liverpool,32-322,1992.0,33.5,811,1137,71.3,12057,3442,463,553,83.7,267,382,69.9,53,90,58.9,18,12.8,7.9,5.2,80,49,82,13,129,Matches
395,Mohammed Kudus,ghGHA,"FW,MF",West Ham,24-274,2000.0,25.9,640,766,83.6,10429,1669,342,380,90.0,233,261,89.3,50,73,68.5,2,2.3,2.5,-0.3,27,42,26,12,74,Matches
396,Moisés Caicedo,ecECU,MF,Chelsea,23-182,2001.0,33.2,1792,1998,89.7,31004,8211,802,870,92.2,805,870,92.5,151,194,77.8,2,2.9,2.7,-0.9,28,215,31,2,194,Matches
397,Morato,brBRA,DF,Nott'ham Forest,23-307,2001.0,8.9,181,244,74.2,3048,1521,77,92,83.7,86,103,83.5,10,28,35.7,0,0.0,0.0,0.0,0,11,0,0,14,Matches
398,Morgan Gibbs-White,engENG,MF,Nott'ham Forest,25-096,2000.0,27.2,861,1103,78.1,13218,4094,478,562,85.1,282,348,81.0,61,105,58.1,7,4.5,4.3,2.5,46,114,35,7,145,Matches
399,Morgan Rogers,engENG,"FW,MF",Aston Villa,22-281,2002.0,30.7,606,820,73.9,8871,3021,345,424,81.4,180,235,76.6,44,55,80.0,8,6.9,4.2,1.1,45,69,51,2,113,Matches
400,Murillo,brBRA,DF,Nott'ham Forest,22-303,2002.0,32.5,1016,1304,77.9,20093,9395,386,428,90.2,463,530,87.4,145,299,48.5,0,1.1,1.1,-1.1,12,116,12,1,102,Matches
401,Mykhailo Mudryk,uaUKR,FW,Chelsea,24-118,2001.0,1.7,28,42,66.7,431,165,17,24,70.8,10,15,66.7,1,2,50.0,0,1.0,0.5,-1.0,2,2,2,1,5,Matches
402,Myles Lewis-Skelly,engENG,DF,Arsenal,18-219,2006.0,12.0,549,605,90.7,8096,1755,310,324,95.7,218,240,90.8,12,19,63.2,0,0.3,0.4,-0.3,6,54,8,1,57,Matches
403,Nasser Djiga,bfBFA,"DF,FW",Wolves,22-169,2002.0,0.2,8,8,100.0,113,32,4,4,100.0,4,4,100.0,0,0,,0,0.0,0.0,0.0,0,0,0,0,0,Matches
404,Nathan Aké,nlNED,DF,Manchester City,30-074,1995.0,7.5,509,542,93.9,8321,2950,248,253,98.0,237,244,97.1,20,34,58.8,0,0.0,0.2,0.0,1,42,1,0,50,Matches
405,Nathan Broadhead,wlsWAL,"MF,FW",Ipswich Town,27-028,1998.0,6.7,149,196,76.0,2132,415,91,104,87.5,51,64,79.7,3,12,25.0,0,0.6,1.1,-0.6,6,10,4,0,12,Matches
406,Nathan Butler-Oyedeji,engENG,FW,Arsenal,22-119,2003.0,0.1,0,0,,0,0,0,0,,0,0,,0,0,,0,0.0,0.0,0.0,0,0,0,0,0,Matches
407,Nathan Collins,ieIRL,DF,Brentford,24-003,2001.0,34.0,1535,1791,85.7,29301,9762,514,586,87.7,882,954,92.5,126,211,59.7,3,1.8,1.6,1.2,10,98,7,2,113,Matches
408,Nathan Patterson,sctSCO,DF,Everton,23-199,2001.0,3.0,96,129,74.4,1635,595,49,52,94.2,38,57,66.7,8,17,47.1,0,0.3,0.3,-0.3,2,7,4,2,9,Matches
409,Nathan Wood-Gordon,engENG,DF,Southampton,22-337,2002.0,6.9,363,391,92.8,6144,1494,153,162,94.4,190,197,96.4,16,23,69.6,0,0.0,0.0,0.0,1,11,0,0,17,Matches
410,Nathaniel Clyne,engENG,"DF,MF",Crystal Palace,34-028,1991.0,5.4,171,225,76.0,3113,1102,72,89,80.9,84,95,88.4,14,30,46.7,0,0.3,0.2,-0.3,3,16,2,1,7,Matches
411,Neco Williams,wlsWAL,DF,Nott'ham Forest,24-020,2001.0,24.8,695,919,75.6,10453,4284,400,445,89.9,230,320,71.9,36,89,40.4,2,1.5,1.2,0.5,15,54,18,7,76,Matches
412,Neto,brBRA,GK,Bournemouth,35-288,1989.0,2.0,40,62,64.5,1183,896,7,7,100.0,21,21,100.0,12,33,36.4,0,0.0,0.0,0.0,0,2,0,0,0,Matches
413,Nick Pope,engENG,GK,Newcastle Utd,33-014,1992.0,24.0,484,668,72.5,12485,7602,101,102,99.0,247,251,98.4,132,310,42.6,0,0.0,0.0,0.0,1,2,0,0,1,Matches
414,Niclas Füllkrug,deGER,FW,West Ham,32-083,1993.0,6.5,84,130,64.6,1125,211,53,72,73.6,23,40,57.5,3,6,50.0,2,1.9,0.3,0.1,13,8,4,0,9,Matches
415,Nico O’Reilly,engENG,DF,Manchester City,20-043,2005.0,5.7,304,350,86.9,4026,780,209,226,92.5,87,107,81.3,3,6,50.0,0,0.4,0.7,-0.4,4,28,1,1,17,Matches
416,Nicolas Jackson,snSEN,FW,Chelsea,23-317,2001.0,23.5,291,382,76.2,3909,850,177,216,81.9,85,109,78.0,9,14,64.3,5,4.3,1.9,0.7,28,22,10,1,37,Matches
417,Nicolás Domínguez,arARG,"MF,FW",Nott'ham Forest,26-309,1998.0,18.5,709,815,87.0,10239,2951,401,437,91.8,239,266,89.8,28,48,58.3,1,1.3,1.3,-0.3,13,71,9,1,66,Matches
418,Nicolás González,esESP,MF,Manchester City,23-120,2002.0,7.2,520,560,92.9,7739,1760,301,314,95.9,203,219,92.7,10,14,71.4,0,0.1,0.5,-0.1,1,48,4,0,46,Matches
419,Nikola Milenković,rsSRB,DF,Nott'ham Forest,27-203,1997.0,33.0,728,898,81.1,14579,5382,222,255,87.1,402,461,87.2,90,148,60.8,2,1.0,0.5,1.0,8,48,2,0,49,Matches
420,Noni Madueke,engENG,FW,Chelsea,23-054,2002.0,19.1,452,583,77.5,6706,1677,275,318,86.5,140,184,76.1,22,39,56.4,3,3.9,2.8,-0.9,28,12,33,8,63,Matches
421,Noussair Mazraoui,maMAR,DF,Manchester Utd,27-170,1997.0,29.3,1409,1648,85.5,21053,7518,781,855,91.3,523,587,89.1,63,116,54.3,1,1.3,1.7,-0.3,18,118,18,5,102,Matches
422,Nélson Semedo,ptPOR,DF,Wolves,31-168,1993.0,29.6,973,1214,80.1,14811,4410,525,576,91.1,367,443,82.8,54,116,46.6,4,2.7,1.4,1.3,21,63,25,11,70,Matches
423,Odsonne Édouard,frFRA,"MF,FW",Crystal Palace,27-107,1998.0,1.3,17,28,60.7,230,46,11,16,68.8,4,7,57.1,1,1,100.0,0,0.0,0.0,0.0,1,2,0,0,4,Matches
424,Odsonne Édouard,frFRA,FW,Leicester City,27-107,1998.0,0.3,6,8,75.0,59,5,3,4,75.0,1,1,100.0,0,0,,0,0.0,0.0,0.0,1,0,0,0,1,Matches
425,Ola Aina,ngNGA,DF,Nott'ham Forest,28-207,1996.0,29.4,868,1184,73.3,13423,5594,459,520,88.3,322,438,73.5,54,148,36.5,1,0.9,1.8,0.1,13,78,18,8,95,Matches
426,Oleksandr Zinchenko,uaUKR,"DF,MF",Arsenal,28-139,1996.0,5.0,302,364,83.0,4814,1023,159,172,92.4,123,143,86.0,14,31,45.2,1,0.1,0.3,0.9,2,24,7,1,35,Matches
427,Oliver Scarles,engENG,DF,West Ham,19-142,2005.0,6.6,260,333,78.1,3880,1062,157,177,88.7,91,109,83.5,10,34,29.4,0,0.0,0.1,0.0,1,9,5,1,21,Matches
428,Oliver Skipp,engENG,MF,Leicester City,24-229,2000.0,10.1,352,416,84.6,5339,1356,180,205,87.8,135,145,93.1,18,29,62.1,0,0.3,0.3,-0.3,9,28,4,0,29,Matches
429,Ollie Watkins,engENG,FW,Aston Villa,29-124,1995.0,25.1,277,376,73.7,3489,579,175,222,78.8,73,90,81.1,9,12,75.0,7,2.9,1.6,4.1,22,11,11,0,28,Matches
430,Omar Marmoush,egEGY,"FW,MF",Manchester City,26-085,1999.0,11.1,203,260,78.1,2782,722,133,159,83.6,55,69,79.7,7,14,50.0,0,1.7,1.4,-1.7,13,8,24,4,29,Matches
431,Omari Hutchinson,engENG,"MF,FW",Ipswich Town,21-185,2003.0,24.7,581,742,78.3,9129,1609,292,331,88.2,247,292,84.6,29,55,52.7,2,2.5,1.6,-0.5,23,43,20,9,69,Matches
432,Orel Mangala,beBEL,MF,Everton,27-046,1998.0,14.0,437,490,89.2,6998,1567,219,242,90.5,187,197,94.9,23,30,76.7,0,0.6,0.6,-0.6,8,50,8,1,34,Matches
433,Oscar Bobb,noNOR,FW,Manchester City,21-295,2003.0,0.2,9,11,81.8,116,22,5,7,71.4,3,3,100.0,0,0,,0,0.1,0.0,-0.1,1,0,1,0,1,Matches
434,Pablo Sarabia,esESP,"MF,FW",Wolves,32-357,1992.0,8.0,260,371,70.1,4467,1692,118,136,86.8,91,117,77.8,34,69,49.3,2,1.6,1.8,0.4,13,36,17,2,51,Matches
435,Pape Matar Sarr,snSEN,MF,Tottenham,22-231,2002.0,18.2,824,944,87.3,12681,2927,433,474,91.4,320,354,90.4,43,59,72.9,2,1.5,0.7,0.5,14,82,10,2,79,Matches
436,Patrick Dorgu,dkDEN,DF,Manchester Utd,20-189,2004.0,6.5,261,328,79.6,3523,846,171,193,88.6,74,101,73.3,6,16,37.5,0,0.4,1.0,-0.4,7,15,6,2,21,Matches
437,Patson Daka,zmZAM,"FW,MF",Leicester City,26-206,1998.0,7.2,100,139,71.9,1396,254,61,76,80.3,31,43,72.1,3,3,100.0,0,0.1,0.1,-0.1,1,6,1,0,8,Matches
438,Pau Torres,esESP,DF,Aston Villa,28-107,1997.0,19.2,1032,1169,88.3,17916,6794,447,472,94.7,509,547,93.1,64,125,51.2,0,0.1,0.4,-0.1,2,93,7,0,74,Matches
439,Paul Onuachu,ngNGA,FW,Southampton,30-340,1994.0,10.9,151,246,61.4,2135,343,83,130,63.8,38,62,61.3,12,19,63.2,1,0.5,0.3,0.5,8,13,2,0,12,Matches
440,Pedro Lima,brBRA,DF,Wolves,18-306,2006.0,0.8,28,38,73.7,457,188,14,17,82.4,11,14,78.6,3,5,60.0,0,0.1,0.1,-0.1,2,2,3,2,4,Matches
441,Pedro Neto,ptPOR,FW,Chelsea,25-055,2000.0,21.4,618,787,78.5,10072,2121,309,333,92.8,230,283,81.3,55,115,47.8,4,5.4,4.2,-1.4,42,28,33,21,56,Matches
442,Pedro Porro,esESP,DF,Tottenham,25-232,1999.0,27.4,1324,1802,73.5,23083,9131,651,744,87.5,512,646,79.3,133,301,44.2,6,4.0,4.3,2.0,54,120,55,26,147,Matches
443,Pervis Estupiñán,ecECU,DF,Brighton,27-102,1998.0,23.7,1205,1446,83.3,18325,5591,714,764,93.5,396,476,83.2,71,142,50.0,1,2.1,2.3,-1.1,24,94,31,18,115,Matches
444,Phil Foden,engENG,"MF,FW",Manchester City,24-340,2000.0,18.8,743,884,84.0,11571,2445,444,490,90.6,224,251,89.2,62,104,59.6,2,4.7,5.1,-2.7,42,40,35,5,95,Matches
445,Philip Billing,dkDEN,MF,Bournemouth,28-326,1996.0,2.0,70,102,68.6,1023,400,43,51,84.3,19,27,70.4,4,15,26.7,0,1.1,1.0,-1.1,9,9,7,2,15,Matches
446,Radu Drăgușin,roROU,DF,Tottenham,23-089,2002.0,13.9,716,840,85.2,13638,5250,223,245,91.0,437,470,93.0,47,107,43.9,0,0.4,0.2,-0.4,4,52,2,1,37,Matches
447,Raheem Sterling,engENG,"FW,MF",Arsenal,30-146,1994.0,4.8,138,179,77.1,1762,352,91,105,86.7,38,51,74.5,2,3,66.7,2,0.5,0.5,1.5,8,4,9,2,17,Matches
448,Ramón Sosa,pyPAR,"FW,MF",Nott'ham Forest,25-245,1999.0,3.0,63,93,67.7,976,273,31,45,68.9,23,34,67.6,5,7,71.4,0,0.5,0.4,-0.5,8,2,5,3,5,Matches
449,Rasmus Højlund,dkDEN,FW,Manchester Utd,22-088,2003.0,19.4,224,292,76.7,2426,446,160,193,82.9,38,53,71.7,4,5,80.0,0,1.3,0.8,-1.3,14,12,5,1,16,Matches
450,Rayan Aït-Nouri,dzALG,DF,Wolves,23-331,2001.0,31.8,1309,1560,83.9,18002,5383,803,860,93.4,399,460,86.7,44,108,40.7,7,4.7,3.5,2.3,36,67,27,9,100,Matches
451,Raúl Jiménez,mxMEX,FW,Fulham,33-363,1991.0,23.7,409,573,71.4,6193,1402,237,292,81.2,123,165,74.5,30,49,61.2,3,2.9,1.9,0.1,17,34,10,3,55,Matches
452,Reece James,engENG,"DF,MF",Chelsea,25-146,1999.0,9.3,572,677,84.5,10299,3532,263,279,94.3,249,280,88.9,51,99,51.5,0,0.5,0.9,-0.5,10,72,5,1,51,Matches
453,Reiss Nelson,engENG,FW,Fulham,25-144,1999.0,5.4,232,268,86.6,3429,761,136,147,92.5,77,91,84.6,12,19,63.2,1,1.0,1.0,0.0,13,7,15,3,35,Matches
454,Reiss Nelson,engENG,FW,Arsenal,25-144,1999.0,0.0,0,0,,0,0,0,0,,0,0,,0,0,,0,0.0,0.0,0.0,0,0,0,0,0,Matches
455,Remy Rees-Dottin,engENG,FW,Bournemouth,19-058,2006.0,0.0,0,0,,0,0,0,0,,0,0,,0,0,,0,0.0,0.0,0.0,0,0,0,0,0,Matches
456,Renato Veiga,ptPOR,"DF,MF",Chelsea,21-278,2003.0,2.0,118,139,84.9,2171,435,45,51,88.2,55,61,90.2,13,21,61.9,0,0.0,0.2,0.0,0,6,1,0,7,Matches
457,Ricardo Pereira,ptPOR,DF,Leicester City,31-209,1993.0,3.8,178,216,82.4,2899,821,85,98,86.7,77,92,83.7,12,14,85.7,0,0.0,0.1,0.0,0,18,0,0,14,Matches
458,Riccardo Calafiori,itITA,DF,Arsenal,22-349,2002.0,10.3,449,526,85.4,6549,1644,272,297,91.6,150,175,85.7,19,28,67.9,1,0.3,0.7,0.7,6,40,9,1,54,Matches
459,Richarlison,brBRA,FW,Tottenham,27-358,1997.0,4.5,56,86,65.1,869,272,29,38,76.3,17,29,58.6,6,8,75.0,1,0.9,0.6,0.1,4,7,4,2,10,Matches
460,Rico Henry,engENG,DF,Brentford,27-299,1997.0,0.7,18,26,69.2,269,141,12,16,75.0,6,8,75.0,0,2,0.0,0,0.0,0.0,0.0,0,1,0,0,1,Matches
461,Rico Lewis,engENG,"DF,MF",Manchester City,20-163,2004.0,20.2,1143,1242,92.0,16487,3126,681,718,94.8,420,446,94.2,28,41,68.3,2,0.3,1.0,1.7,7,92,14,0,104,Matches
462,Robert Sánchez,esESP,GK,Chelsea,27-166,1997.0,28.0,790,1096,72.1,18908,12552,190,191,99.5,418,434,96.3,179,460,38.9,0,0.1,0.0,-0.1,2,24,1,0,1,Matches
463,Robin Olsen,seSWE,GK,Aston Villa,35-115,1990.0,2.0,54,76,71.1,1466,983,10,10,100.0,31,31,100.0,13,35,37.1,0,0.0,0.0,0.0,0,2,0,0,0,Matches
464,Rodri,esESP,MF,Manchester City,28-315,1996.0,0.7,57,61,93.4,1056,250,25,26,96.2,24,27,88.9,7,7,100.0,0,0.0,0.1,0.0,1,3,1,0,4,Matches
465,Rodrigo Bentancur,uyURU,MF,Tottenham,27-312,1997.0,16.9,916,1040,88.1,14862,3593,439,482,91.1,407,439,92.7,46,61,75.4,0,0.4,1.0,-0.4,10,107,12,2,99,Matches
466,Rodrigo Gomes,ptPOR,"DF,FW",Wolves,21-300,2003.0,7.5,171,255,67.1,2520,888,98,125,78.4,62,88,70.5,6,23,26.1,0,0.9,0.7,-0.9,12,10,12,4,25,Matches
467,Rodrigo Muniz,brBRA,FW,Fulham,23-364,2001.0,10.7,92,142,64.8,1540,528,46,68,67.6,31,45,68.9,11,13,84.6,1,0.7,0.2,0.3,7,13,3,0,27,Matches
468,Romain Esse,engENG,MF,Crystal Palace,19-355,2005.0,0.4,12,15,80.0,172,66,8,9,88.9,3,3,100.0,1,3,33.3,0,0.1,0.1,-0.1,1,1,0,0,1,Matches
469,Roman Dixon,engENG,DF,Everton,20-128,2004.0,1.0,11,19,57.9,205,111,6,8,75.0,4,8,50.0,1,3,33.3,0,0.0,0.0,0.0,0,3,0,0,0,Matches
470,Roméo Lavia,beBEL,MF,Chelsea,21-117,2004.0,6.7,302,332,91.0,5086,1375,141,156,90.4,141,149,94.6,16,20,80.0,1,0.7,0.3,0.3,7,39,3,0,23,Matches
471,Ronnie Edwards,engENG,DF,Southampton,22-036,2003.0,0.1,5,5,100.0,109,0,0,0,,5,5,100.0,0,0,,0,0.0,0.0,0.0,0,0,0,0,0,Matches
472,Ross Barkley,engENG,MF,Aston Villa,31-149,1993.0,6.3,322,374,86.1,5027,1179,167,189,88.4,136,148,91.9,13,19,68.4,1,0.6,0.4,0.4,9,29,6,0,33,Matches
473,Ross Stewart,sctSCO,FW,Southampton,28-296,1996.0,2.7,47,62,75.8,667,64,23,29,79.3,21,24,87.5,0,1,0.0,0,0.0,0.0,0.0,0,1,1,0,1,Matches
474,Ryan Christie,sctSCO,MF,Bournemouth,30-070,1995.0,23.5,837,1056,79.3,14882,4269,368,417,88.2,378,430,87.9,82,168,48.8,3,3.5,3.0,-0.5,41,118,33,5,137,Matches
475,Ryan Fraser,sctSCO,"FW,DF",Southampton,31-068,1994.0,3.4,77,103,74.8,1121,208,43,46,93.5,28,40,70.0,3,10,30.0,0,0.1,0.1,-0.1,2,3,1,0,8,Matches
476,Ryan Gravenberch,nlNED,MF,Liverpool,22-352,2002.0,32.5,1595,1795,88.9,23774,5935,873,944,92.5,609,664,91.7,59,97,60.8,4,2.9,3.3,1.1,25,140,32,1,168,Matches
477,Ryan Manning,ieIRL,"DF,MF",Southampton,28-323,1996.0,15.2,572,732,78.1,9545,3022,292,316,92.4,217,267,81.3,49,109,45.0,1,3.0,2.7,-2.0,30,26,11,8,32,Matches
478,Ryan Sessegnon,engENG,"FW,DF",Fulham,24-350,2000.0,4.6,108,145,74.5,1543,425,71,84,84.5,28,41,68.3,5,9,55.6,2,0.9,0.7,1.1,9,7,3,1,14,Matches
479,Ryan Trevitt,engENG,MF,Brentford,22-052,2003.0,0.0,4,7,57.1,73,23,1,2,50.0,3,3,100.0,0,0,,0,0.0,0.0,0.0,0,1,0,0,0,Matches
480,Ryan Yates,engENG,MF,Nott'ham Forest,27-163,1997.0,20.7,588,720,81.7,8670,1865,311,354,87.9,211,246,85.8,30,53,56.6,1,1.1,0.5,-0.1,17,46,4,0,47,Matches
481,Rúben Dias,ptPOR,DF,Manchester City,27-354,1997.0,22.2,1943,2076,93.6,33548,10768,814,839,97.0,1002,1040,96.3,101,151,66.9,0,0.3,1.0,-0.3,5,189,5,0,122,Matches
482,Sam Johnstone,engENG,GK,Wolves,32-039,1993.0,7.0,184,278,66.2,5548,4270,31,32,96.9,80,82,97.6,72,160,45.0,0,0.0,0.0,0.0,1,6,0,0,0,Matches
483,Sam Morsy,egEGY,MF,Ipswich Town,33-235,1991.0,26.9,1083,1255,86.3,17344,4779,567,608,93.3,420,459,91.5,69,120,57.5,1,0.8,1.1,0.2,18,127,13,2,103,Matches
484,Sammie Szmodics,ieIRL,"FW,MF",Ipswich Town,29-221,1995.0,10.9,144,194,74.2,2402,702,67,77,87.0,54,64,84.4,15,29,51.7,0,0.2,0.5,-0.2,4,10,4,1,18,Matches
485,Samuel Amo-Ameyaw,engENG,"FW,DF",Southampton,18-289,2006.0,0.3,8,9,88.9,107,13,6,6,100.0,2,3,66.7,0,0,,0,0.1,0.1,-0.1,1,0,1,1,0,Matches
486,Samuel Edozie,engENG,"DF,FW",Southampton,22-095,2003.0,0.7,25,33,75.8,316,67,19,21,90.5,6,7,85.7,0,3,0.0,0,0.1,0.2,-0.1,1,0,3,0,4,Matches
487,Sander Berge,noNOR,MF,Fulham,27-078,1998.0,22.4,985,1079,91.3,17541,4200,406,443,91.6,474,502,94.4,89,106,84.0,0,0.6,0.6,-0.6,17,104,4,0,110,Matches
488,Sandro Tonali,itITA,MF,Newcastle Utd,24-360,2000.0,25.2,1090,1303,83.7,17149,4348,578,644,89.8,401,461,87.0,72,118,61.0,2,1.4,1.9,0.6,20,87,25,4,113,Matches
489,Santiago Bueno,uyURU,DF,Wolves,26-175,1998.0,18.7,741,842,88.0,13598,4177,260,281,92.5,417,444,93.9,51,91,56.0,0,0.0,0.1,0.0,0,24,2,0,28,Matches
490,Saša Lukić,rsSRB,MF,Fulham,28-263,1996.0,23.1,991,1129,87.8,16673,4002,473,513,92.2,431,467,92.3,74,107,69.2,2,2.6,1.3,-0.6,23,93,14,5,87,Matches
491,Scott McTominay,sctSCO,MF,Manchester Utd,28-146,1996.0,0.2,10,10,100.0,186,99,5,5,100.0,3,3,100.0,2,2,100.0,0,0.0,0.0,0.0,0,2,0,0,1,Matches
492,Sean Longstaff,engENG,MF,Newcastle Utd,27-185,1997.0,8.9,294,348,84.5,4403,1171,161,185,87.0,111,120,92.5,15,22,68.2,0,0.2,0.2,-0.2,4,26,1,0,40,Matches
493,Sepp van den Berg,nlNED,DF,Brentford,23-134,2001.0,24.7,914,1085,84.2,15702,4997,402,460,87.4,446,503,88.7,58,93,62.4,0,0.2,0.5,-0.2,4,56,3,1,68,Matches
494,Sergio Reguilón,esESP,DF,Tottenham,28-138,1996.0,1.4,73,105,69.5,1144,410,33,44,75.0,36,47,76.6,3,9,33.3,0,0.0,0.2,0.0,1,11,2,1,12,Matches
495,Shumaira Mheuka,engENG,MF,Chelsea,17-195,2007.0,0.0,0,0,,0,0,0,0,,0,0,,0,0,,0,0.0,0.0,0.0,0,0,0,0,0,Matches
496,Simon Adingra,ciCIV,"FW,MF",Brighton,23-122,2002.0,9.9,232,310,74.8,3398,695,143,166,86.1,69,94,73.4,14,26,53.8,1,1.8,2.3,-0.8,13,5,12,5,14,Matches
497,Solly March,engENG,"FW,MF",Brighton,30-287,1994.0,1.9,60,95,63.2,990,222,35,40,87.5,16,28,57.1,7,18,38.9,0,0.3,0.3,-0.3,3,2,4,4,2,Matches
498,Son Heung-min,krKOR,FW,Tottenham,32-299,1992.0,22.3,703,890,79.0,9833,2671,437,487,89.7,192,240,80.0,36,75,48.0,9,8.2,5.1,0.8,50,36,51,6,104,Matches
499,Stefan Ortega,deGER,GK,Manchester City,32-178,1992.0,12.2,373,459,81.3,8327,5597,102,105,97.1,190,196,96.9,79,154,51.3,0,0.0,0.0,0.0,0,6,0,0,0,Matches
500,Stephy Mavididi,engENG,FW,Leicester City,26-337,1998.0,17.9,460,613,75.0,6191,1429,286,314,91.1,124,184,67.4,18,43,41.9,1,2.6,3.3,-1.6,22,32,26,7,57,Matches
501,Sven Botman,nlNED,DF,Newcastle Utd,25-111,2000.0,2.6,119,135,88.1,2026,812,57,67,85.1,52,53,98.1,7,10,70.0,0,0.0,0.0,0.0,0,9,0,0,3,Matches
502,Sávio,brBRA,"FW,MF",Manchester City,21-023,2004.0,19.3,676,836,80.9,10078,1700,412,459,89.8,222,277,80.1,31,54,57.4,8,6.8,6.0,1.2,44,19,47,8,66,Matches
503,Séamus Coleman,ieIRL,DF,Everton,36-204,1988.0,2.2,57,79,72.2,1046,504,27,29,93.1,24,31,77.4,6,16,37.5,0,0.0,0.0,0.0,0,6,0,0,8,Matches
504,Taiwo Awoniyi,ngNGA,FW,Nott'ham Forest,27-264,1997.0,4.5,61,95,64.2,705,157,42,58,72.4,14,25,56.0,1,5,20.0,0,0.1,0.1,-0.1,2,5,2,0,7,Matches
505,Takehiro Tomiyasu,jpJPN,DF,Arsenal,26-179,1998.0,0.1,3,4,75.0,42,10,1,1,100.0,2,2,100.0,0,1,0.0,0,0.0,0.0,0.0,0,0,0,0,1,Matches
506,Tariq Lamptey,ghGHA,DF,Brighton,24-215,2000.0,8.5,314,381,82.4,4884,1213,169,181,93.4,124,155,80.0,18,35,51.4,2,0.8,0.5,1.2,5,11,5,4,12,Matches
507,Taylor Harwood-Bellis,engENG,DF,Southampton,23-093,2002.0,28.5,1742,1979,88.0,32312,11643,637,685,93.0,937,1019,92.0,154,240,64.2,0,1.0,0.6,-1.0,14,168,9,0,116,Matches
508,Thiago,brBRA,FW,Brentford,23-311,2001.0,1.5,28,39,71.8,428,56,14,20,70.0,9,12,75.0,3,4,75.0,0,0.1,0.0,-0.1,2,1,1,0,2,Matches
509,Thomas Partey,ghGHA,"MF,DF",Arsenal,31-324,1993.0,27.1,1486,1695,87.7,23752,6336,774,832,93.0,607,682,89.0,82,122,67.2,2,1.9,2.2,0.1,17,146,33,2,165,Matches
510,Tim Iroegbunam,engENG,MF,Everton,21-307,2003.0,6.3,109,150,72.7,1830,586,49,67,73.1,42,50,84.0,13,19,68.4,1,0.2,0.1,0.8,3,10,1,0,14,Matches
511,Timo Werner,deGER,"FW,MF",Tottenham,29-058,1996.0,5.7,158,236,66.9,2383,597,80,97,82.5,61,86,70.9,7,18,38.9,3,2.5,1.5,0.5,10,3,15,2,30,Matches
512,Timothy Castagne,beBEL,DF,Fulham,29-149,1995.0,18.1,768,939,81.8,12239,3861,392,436,89.9,321,374,85.8,37,75,49.3,1,1.2,0.6,-0.2,9,51,5,3,61,Matches
513,Toby Collyer,engENG,MF,Manchester Utd,21-120,2004.0,2.0,76,92,82.6,1127,121,37,43,86.0,32,37,86.5,3,4,75.0,0,0.3,0.4,-0.3,2,3,1,0,5,Matches
514,Tom Cairney,sctSCO,MF,Fulham,34-103,1991.0,5.5,482,533,90.4,7576,1648,267,286,93.4,181,194,93.3,29,39,74.4,0,1.0,1.1,-1.0,10,46,7,3,47,Matches
515,Tommy Doyle,engENG,MF,Wolves,23-198,2001.0,5.4,321,392,81.9,6591,2010,112,119,94.1,138,155,89.0,61,93,65.6,1,0.5,0.3,0.5,7,44,3,0,40,Matches
516,Tomáš Souček,czCZE,MF,West Ham,30-065,1995.0,25.0,623,844,73.8,10461,2887,310,392,79.1,236,307,76.9,60,86,69.8,1,1.0,1.2,0.0,14,58,8,1,68,Matches
517,Tosin Adarabioyo,engENG,DF,Chelsea,27-221,1997.0,13.7,988,1081,91.4,18105,6479,374,391,95.7,554,584,94.9,58,95,61.1,1,0.2,0.2,0.8,1,53,1,0,37,Matches
518,Toti Gomes,ptPOR,DF,Wolves,26-107,1999.0,26.0,1272,1494,85.1,21197,7394,577,632,91.3,593,642,92.4,75,152,49.3,1,0.9,0.6,0.1,9,72,5,3,67,Matches
519,Trent Alexander-Arnold,engENG,DF,Liverpool,26-208,1998.0,24.9,1357,1843,73.6,26053,10688,592,659,89.8,554,728,76.1,188,381,49.3,6,6.7,6.7,-0.7,50,192,62,20,211,Matches
520,Trevoh Chalobah,engENG,DF,Chelsea,25-302,1999.0,8.3,533,591,90.2,9186,2889,239,252,94.8,256,270,94.8,34,60,56.7,1,1.2,0.3,-0.2,3,37,3,0,34,Matches
521,Trevoh Chalobah,engENG,DF,Crystal Palace,25-302,1999.0,11.8,349,442,79.0,6831,2195,125,141,88.7,178,209,85.2,42,82,51.2,0,0.4,0.3,-0.4,4,27,2,1,34,Matches
522,Tyler Adams,usUSA,MF,Bournemouth,26-078,1999.0,18.0,702,847,82.9,10949,2639,345,391,88.2,298,342,87.1,29,52,55.8,3,0.9,0.6,2.1,15,53,2,1,61,Matches
523,Tyler Dibling,engENG,"FW,MF",Southampton,19-052,2006.0,18.9,462,572,80.8,6935,1454,257,285,90.2,172,202,85.1,20,45,44.4,0,1.5,1.4,-1.5,20,25,20,1,60,Matches
524,Tyler Fredricson,engENG,DF,Manchester Utd,20-069,2005.0,1.0,64,69,92.8,1087,252,30,32,93.8,28,30,93.3,6,6,100.0,0,0.0,0.0,0.0,0,6,0,0,4,Matches
525,Tyrell Malacia,nlNED,DF,Manchester Utd,25-259,1999.0,1.1,49,55,89.1,642,260,31,33,93.9,13,14,92.9,2,2,100.0,0,0.0,0.0,0.0,1,7,1,0,3,Matches
526,Tyrick Mitchell,engENG,DF,Crystal Palace,25-244,1999.0,31.7,904,1252,72.2,14514,5536,478,567,84.3,350,470,74.5,55,130,42.3,4,5.6,3.6,-1.6,37,45,31,14,62,Matches
527,Tyrique George,engENG,FW,Chelsea,19-088,2006.0,1.1,38,46,82.6,494,72,21,23,91.3,14,17,82.4,0,2,0.0,1,0.7,0.3,0.3,5,0,1,0,2,Matches
528,Tyrone Mings,engENG,DF,Aston Villa,32-051,1993.0,11.7,581,656,88.6,10405,3319,227,245,92.7,315,334,94.3,34,63,54.0,0,0.2,0.2,-0.2,3,47,5,0,39,Matches
529,Valentino Livramento,engENG,DF,Newcastle Utd,22-172,2002.0,27.6,1228,1445,85.0,18159,5960,712,785,90.7,449,520,86.3,44,78,56.4,1,2.3,2.0,-1.3,21,94,23,5,136,Matches
530,Victor Bernth Kristiansen,dkDEN,DF,Leicester City,22-138,2002.0,26.4,1007,1297,77.6,16181,5793,510,569,89.6,411,513,80.1,65,157,41.4,1,1.4,1.7,-0.4,18,74,23,18,69,Matches
531,Victor Lindelöf,seSWE,DF,Manchester Utd,30-290,1994.0,5.2,196,209,93.8,3139,849,83,90,92.2,103,106,97.2,6,8,75.0,0,0.1,0.1,-0.1,3,6,2,1,9,Matches
532,Virgil van Dijk,nlNED,DF,Liverpool,33-299,1991.0,34.0,2446,2671,91.6,44780,17594,997,1039,96.0,1215,1273,95.4,209,308,67.9,1,0.7,0.9,0.3,12,265,6,0,176,Matches
533,Vitaliy Mykolenko,uaUKR,DF,Everton,25-339,1999.0,30.2,874,1176,74.3,14736,6026,444,500,88.8,332,448,74.1,80,177,45.2,1,1.6,1.9,-0.6,20,96,37,22,102,Matches
534,Vitaly Janelt,deGER,MF,Brentford,26-358,1998.0,25.0,872,1057,82.5,14466,4279,443,489,90.6,344,403,85.4,66,118,55.9,3,2.2,2.4,0.8,14,78,23,7,80,Matches
535,Vitezslav Jaros,czCZE,GK,Liverpool,23-284,2001.0,0.1,6,8,75.0,302,273,0,0,,1,1,100.0,5,7,71.4,0,0.0,0.0,0.0,0,2,0,0,0,Matches
536,Vitor Reis,brBRA,DF,Manchester City,19-111,2006.0,0.0,2,2,100.0,50,10,0,0,,2,2,100.0,0,0,,0,0.0,0.0,0.0,0,0,0,0,0,Matches
537,Vladimír Coufal,czCZE,DF,West Ham,32-254,1992.0,9.6,363,467,77.7,5924,2245,186,208,89.4,145,181,80.1,25,60,41.7,0,0.6,0.9,-0.6,6,35,12,7,32,Matches
538,Wataru Endo,jpJPN,MF,Liverpool,32-083,1993.0,1.9,90,97,92.8,1447,366,45,49,91.8,35,36,97.2,7,7,100.0,0,0.0,0.0,0.0,1,9,1,0,9,Matches
539,Welington,brBRA,"DF,MF",Southampton,24-073,2001.0,2.4,69,89,77.5,1098,318,29,35,82.9,32,41,78.0,3,4,75.0,0,0.0,0.1,0.0,2,5,5,4,6,Matches
540,Wes Burns,wlsWAL,"FW,DF",Ipswich Town,30-161,1994.0,10.3,153,253,60.5,2416,597,82,102,80.4,51,78,65.4,14,36,38.9,1,1.6,1.2,-0.6,10,8,8,7,8,Matches
541,Wesley Fofana,frFRA,DF,Chelsea,24-137,2000.0,13.0,724,803,90.2,12262,3415,306,326,93.9,385,416,92.5,26,42,61.9,0,0.4,0.2,-0.4,6,54,1,0,32,Matches
542,Wilfred Ndidi,ngNGA,MF,Leicester City,28-138,1996.0,22.9,717,904,79.3,10136,2633,400,462,86.6,234,290,80.7,32,62,51.6,4,1.8,1.5,2.2,15,61,10,3,64,Matches
543,Will Alves,engENG,FW,Leicester City,20-089,2005.0,0.0,1,1,100.0,12,0,1,1,100.0,0,0,,0,0,,0,0.0,0.0,0.0,0,0,0,0,0,Matches
544,Will Hughes,engENG,MF,Crystal Palace,30-016,1995.0,20.8,658,865,76.1,10532,3689,333,376,88.6,259,313,82.7,44,120,36.7,3,2.7,2.3,0.3,29,69,14,3,82,Matches
545,Will Lankshear,engENG,"FW,MF",Tottenham,20-013,2005.0,0.1,0,1,0.0,0,0,0,1,0.0,0,0,,0,0,,0,0.0,0.0,0.0,0,0,0,0,0,Matches
546,William Osula,dkDEN,FW,Newcastle Utd,21-272,2003.0,1.2,11,18,61.1,126,33,8,13,61.5,2,4,50.0,0,0,,0,0.1,0.0,-0.1,1,0,1,0,2,Matches
547,William Saliba,frFRA,DF,Arsenal,24-040,2001.0,31.3,2273,2412,94.2,39201,11810,953,996,95.7,1192,1241,96.1,119,148,80.4,0,0.9,1.3,-0.9,7,175,6,0,134,Matches
548,William Smallbone,ieIRL,MF,Southampton,25-071,2000.0,6.8,242,313,77.3,3918,1086,116,133,87.2,102,120,85.0,16,45,35.6,0,0.6,0.8,-0.6,9,10,3,2,23,Matches
549,Willian,brBRA,"FW,MF",Fulham,36-267,1988.0,2.5,151,178,84.8,2622,766,78,83,94.0,62,73,84.9,11,16,68.8,0,0.5,0.6,-0.5,5,17,9,2,36,Matches
550,Willy Boly,ciCIV,DF,Nott'ham Forest,34-089,1991.0,1.7,55,70,78.6,1010,477,20,22,90.9,30,32,93.8,4,15,26.7,0,0.0,0.0,0.0,0,3,0,0,2,Matches
551,Wilson Odobert,frFRA,FW,Tottenham,20-156,2004.0,6.0,166,213,77.9,2170,413,117,127,92.1,38,54,70.4,5,9,55.6,0,0.9,0.7,-0.9,5,6,10,3,19,Matches
552,Wout Faes,beBEL,DF,Leicester City,27-030,1998.0,27.3,1175,1349,87.1,21767,7509,452,484,93.4,623,657,94.8,97,184,52.7,0,0.1,0.4,-0.1,4,76,6,0,74,Matches
553,Woyo Coulibaly,frFRA,DF,Leicester City,25-348,1999.0,1.2,48,57,84.2,797,314,28,34,82.4,16,19,84.2,4,4,100.0,0,0.0,0.0,0.0,0,3,0,0,3,Matches
554,Yankuba Minteh,gmGAM,"FW,MF",Brighton,20-285,2004.0,16.6,283,459,61.7,4572,1567,163,210,77.6,85,138,61.6,28,60,46.7,4,4.7,4.6,-0.7,25,12,28,7,37,Matches
555,Yasin Ayari,seSWE,MF,Brighton,21-209,2003.0,19.3,707,869,81.4,10616,2856,413,451,91.6,244,287,85.0,33,88,37.5,1,2.2,2.3,-1.2,28,51,17,4,66,Matches
556,Yehor Yarmoliuk,uaUKR,MF,Brentford,21-063,2004.0,12.5,499,583,85.6,8728,2050,246,285,86.3,185,209,88.5,54,64,84.4,0,0.4,0.5,-0.4,8,58,6,3,48,Matches
557,Yerson Mosquera,coCOL,DF,Wolves,24-001,2001.0,4.9,205,240,85.4,3996,1184,66,73,90.4,115,123,93.5,22,35,62.9,0,0.1,0.0,-0.1,2,16,1,1,7,Matches
558,Yoane Wissa,cdCOD,FW,Brentford,28-242,1996.0,28.4,399,520,76.7,5784,1398,246,287,85.7,114,151,75.5,25,42,59.5,3,1.8,1.6,1.2,23,41,9,1,57,Matches
559,Youri Tielemans,beBEL,MF,Aston Villa,27-361,1997.0,32.4,1639,1988,82.4,28103,9982,763,847,90.1,714,815,87.6,134,249,53.8,7,6.9,5.6,0.1,59,221,35,4,226,Matches
560,Youssef Chermiti,ptPOR,"FW,MF",Everton,20-344,2004.0,0.5,5,9,55.6,73,9,3,6,50.0,0,0,,1,1,100.0,0,0.0,0.0,0.0,0,0,0,0,1,Matches
561,Yukinari Sugawara,jpJPN,"DF,MF",Southampton,24-309,2000.0,16.3,689,862,79.9,10831,3323,366,415,88.2,272,328,82.9,35,73,47.9,1,2.2,2.5,-1.2,17,43,21,9,68,Matches
562,Yunus Emre Konak,trTUR,"FW,MF",Brentford,19-113,2006.0,0.5,25,34,73.5,423,84,13,16,81.3,9,11,81.8,3,4,75.0,0,0.0,0.0,0.0,0,2,0,0,2,Matches
563,Yves Bissouma,mlMLI,MF,Tottenham,28-246,1996.0,13.4,693,775,89.4,10536,2727,378,407,92.9,255,273,93.4,36,57,63.2,0,0.3,0.6,-0.3,6,57,10,1,71,Matches
564,Zain Silcott-Duberry,msMSR,FW,Bournemouth,19-298,2005.0,0.0,1,2,50.0,25,0,0,0,,1,1,100.0,0,0,,0,0.0,0.0,0.0,0,0,0,0,0,Matches
565,Álex Moreno,esESP,"DF,MF",Nott'ham Forest,31-329,1993.0,10.6,308,428,72.0,4574,1911,184,210,87.6,95,148,64.2,14,40,35.0,1,1.3,1.1,-0.3,8,25,9,2,34,Matches
566,İlkay Gündoğan,deGER,MF,Manchester City,34-191,1990.0,22.8,1408,1576,89.3,21666,4054,803,851,94.4,487,530,91.9,88,140,62.9,5,2.8,3.9,2.2,37,97,21,2,115,Matches
567,Łukasz Fabiański,plPOL,GK,West Ham,40-015,1985.0,11.9,304,454,67.0,8756,6129,53,53,100.0,147,148,99.3,104,252,41.3,0,0.0,0.0,0.0,0,4,0,0,0,Matches
