Rk,Player,Nation,Pos,Squad,Age,Born,90s,CrdY,CrdR,2CrdY,Fls,Fld,Off,Crs,Int,TklW,PKwon,PKcon,OG,Recov,Won,Lostm,Won%,Matches
1,Aaron Cresswell,engENG,DF,West Ham,35-139,1989.0,6.5,2,0,0,3,1,0,27,6,4,0,0,0,21,7,6,53.8,Matches
2,Aaron Ramsdale,engENG,GK,Southampton,26-354,1998.0,26.0,2,0,0,1,4,0,0,2,0,0,0,0,19,5,0,100.0,Matches
3,Aaron Wan-Bissaka,engENG,DF,West Ham,27-158,1997.0,31.0,1,0,0,22,24,4,64,59,43,0,0,1,155,22,29,43.1,Matches
4,Abdoulaye Doucouré,mlMLI,MF,Everton,32-122,1993.0,26.9,5,1,1,46,5,10,23,9,27,0,0,0,139,29,43,40.3,Matches
5,Abdukodir Khusanov,uzUZB,DF,Manchester City,21-063,2004.0,5.6,1,0,0,3,3,0,1,3,4,0,0,1,27,6,4,60.0,Matches
6,Abdul Fatawu Issahaku,ghGHA,FW,Leicester City,21-056,2004.0,6.4,0,0,0,11,20,2,30,4,15,0,0,0,38,14,13,51.9,Matches
7,Adam Armstrong,engENG,"FW,MF",Southampton,28-082,1997.0,13.9,4,0,0,12,5,9,14,3,3,0,0,0,23,5,9,35.7,Matches
8,Adam Lallana,engENG,MF,Southampton,36-358,1988.0,4.0,4,0,0,8,8,0,4,5,5,0,0,0,19,2,2,50.0,Matches
9,Adam Smith,engENG,DF,Bournemouth,34-004,1991.0,15.7,6,0,0,15,11,0,30,14,10,0,0,0,43,12,13,48.0,Matches
10,Adam Webster,engENG,DF,Brighton,30-119,1995.0,6.9,0,0,0,5,2,1,1,14,5,0,1,0,20,17,4,81.0,Matches
11,Adam Wharton,engENG,MF,Crystal Palace,20-335,2004.0,14.0,2,0,0,12,21,0,35,18,14,0,0,0,96,7,16,30.4,Matches
12,Adama Traoré,esESP,"FW,MF",Fulham,29-098,1996.0,17.4,2,0,0,20,29,1,90,1,12,0,0,0,78,24,25,49.0,Matches
13,Albert Grønbaek,dkDEN,"FW,MF",Southampton,23-345,2001.0,1.6,0,0,0,0,1,0,1,0,1,0,0,0,6,2,0,100.0,Matches
14,Alejandro Garnacho,arARG,"MF,FW",Manchester Utd,20-306,2004.0,22.8,2,0,0,11,40,10,50,13,18,0,0,0,103,3,23,11.5,Matches
15,Alex Iwobi,ngNGA,"FW,MF",Fulham,29-000,1996.0,30.2,1,0,0,17,16,4,118,11,21,0,0,0,124,5,31,13.9,Matches
16,Alex McCarthy,engENG,GK,Southampton,35-151,1989.0,5.0,0,0,0,0,1,0,0,0,0,0,0,0,4,2,0,100.0,Matches
17,Alex Palmer,engENG,GK,Ipswich Town,28-266,1996.0,10.0,2,0,0,1,2,0,0,0,0,0,0,0,14,3,0,100.0,Matches
18,Alex Scott,engENG,MF,Bournemouth,21-255,2003.0,7.6,2,0,0,10,26,0,5,10,12,0,0,0,49,6,7,46.2,Matches
19,Alexander Isak,seSWE,FW,Newcastle Utd,25-224,1999.0,27.6,1,0,0,25,13,20,15,3,5,1,0,0,54,25,48,34.2,Matches
20,Alexis Mac Allister,arARG,MF,Liverpool,26-130,1998.0,28.4,6,0,0,60,39,2,84,22,58,0,0,0,145,19,34,35.8,Matches
21,Alfie Dorrington,engENG,DF,Tottenham,20-013,2005.0,0.2,0,0,0,0,0,0,0,0,0,0,0,0,3,0,0,,Matches
22,Alfie Pond,engENG,DF,Wolves,21-063,2004.0,0.0,0,0,0,0,0,0,0,0,0,0,0,0,0,0,0,,Matches
23,Ali Al Hamadi,iqIRQ,FW,Ipswich Town,23-063,2002.0,1.5,3,0,0,8,3,1,0,0,0,0,0,0,4,5,9,35.7,Matches
24,Alisson,brBRA,GK,Liverpool,32-213,1992.0,23.9,0,0,0,0,2,0,0,0,0,0,0,0,41,6,0,100.0,Matches
25,Alphonse Areola,frFRA,GK,West Ham,32-065,1993.0,22.1,0,0,0,0,0,0,0,0,2,0,0,1,27,2,0,100.0,Matches
26,Altay Bayındır,trTUR,GK,Manchester Utd,27-019,1998.0,1.0,0,0,0,0,0,0,0,0,0,0,0,0,0,1,1,50.0,Matches
27,Amad Diallo,ciCIV,"FW,MF",Manchester Utd,22-296,2002.0,17.7,3,0,0,19,23,9,38,11,26,1,0,0,93,9,15,37.5,Matches
28,Amadou Onana,beBEL,MF,Aston Villa,23-260,2001.0,15.0,4,0,0,30,23,0,1,24,24,0,0,0,64,25,18,58.1,Matches
29,Andreas Pereira,brBRA,MF,Fulham,29-122,1996.0,20.9,7,0,0,27,23,1,168,8,12,1,0,0,97,12,21,36.4,Matches
30,Andrew Robertson,sctSCO,DF,Liverpool,31-053,1994.0,25.6,3,1,0,11,8,2,136,20,22,0,1,1,91,6,12,33.3,Matches
31,André,brBRA,MF,Wolves,23-291,2001.0,25.0,7,0,0,34,32,0,0,32,48,0,1,0,176,2,6,25.0,Matches
32,André Onana,cmCMR,GK,Manchester Utd,29-031,1996.0,33.0,0,0,0,0,2,0,0,0,1,0,0,0,33,6,0,100.0,Matches
33,Andrés García,esESP,"DF,MF",Aston Villa,22-085,2003.0,3.5,0,0,0,1,0,0,18,2,5,0,0,0,15,0,6,0.0,Matches
34,Andy Irving,sctSCO,MF,West Ham,24-355,2000.0,1.8,2,0,0,6,1,0,2,1,4,0,0,0,10,1,1,50.0,Matches
35,Anthony Elanga,seSWE,"FW,MF",Nott'ham Forest,23-006,2002.0,23.8,1,0,0,8,35,14,151,5,12,0,0,0,82,22,33,40.0,Matches
36,Anthony Gordon,engENG,FW,Newcastle Utd,24-068,2001.0,24.4,2,0,0,19,62,8,120,6,17,1,0,0,92,5,7,41.7,Matches
37,Antoine Semenyo,ghGHA,FW,Bournemouth,25-116,2000.0,32.3,9,0,0,65,36,14,52,10,34,1,0,0,147,60,72,45.5,Matches
38,Antonee Robinson,usUSA,DF,Fulham,27-268,1997.0,32.2,8,0,0,30,17,6,158,56,56,0,0,0,142,45,25,64.3,Matches
39,Antony,brBRA,"DF,MF",Manchester Utd,25-068,2000.0,1.6,0,0,0,2,5,0,5,2,3,0,0,0,11,0,1,0.0,Matches
40,Antonín Kinský,czCZE,GK,Tottenham,22-051,2003.0,4.0,0,0,0,0,0,0,0,0,1,0,0,0,4,2,0,100.0,Matches
41,Archie Gray,engENG,"DF,MF",Tottenham,19-052,2006.0,15.5,0,0,0,9,11,0,12,12,6,0,0,1,57,9,8,52.9,Matches
42,Arijanet Muric,xkKVX,GK,Ipswich Town,26-177,1998.0,18.0,1,0,0,0,4,0,0,0,0,0,0,0,26,11,1,91.7,Matches
43,Armando Broja,alALB,FW,Everton,23-235,2001.0,3.7,1,0,0,6,4,3,1,1,1,0,0,0,9,18,21,46.2,Matches
44,Armel Bella Kotchap,deGER,DF,Southampton,23-143,2001.0,3.7,0,0,0,3,2,0,0,5,5,0,0,0,19,6,5,54.5,Matches
45,Asher Agbinone,engENG,MF,Crystal Palace,19-217,2005.0,0.1,0,0,0,0,0,0,1,0,1,0,0,0,0,0,1,0.0,Matches
46,Ashley Young,engENG,"DF,FW",Everton,39-298,1985.0,17.9,6,1,0,24,17,0,64,23,28,0,0,0,61,10,10,50.0,Matches
47,Axel Disasi,frFRA,DF,Chelsea,27-053,1998.0,4.0,1,0,0,2,0,0,0,2,4,0,0,0,15,5,2,71.4,Matches
48,Axel Disasi,frFRA,DF,Aston Villa,27-053,1998.0,5.4,2,0,0,3,2,2,1,5,5,0,0,0,15,8,6,57.1,Matches
49,Axel Tuanzebe,cdCOD,DF,Ipswich Town,27-170,1997.0,16.1,5,1,1,12,11,0,6,21,17,0,0,1,43,15,16,48.4,Matches
50,Ayden Heaven,engENG,DF,Manchester Utd,18-223,2006.0,1.1,0,0,0,2,3,0,0,1,3,0,0,0,4,1,2,33.3,Matches
51,Bart Verbruggen,nlNED,GK,Brighton,22-258,2002.0,32.0,5,0,0,0,2,0,0,0,0,0,0,0,58,10,1,90.9,Matches
52,Ben Brereton,clCHI,FW,Southampton,26-015,1999.0,5.0,1,0,0,4,8,1,5,0,2,0,0,0,16,9,7,56.3,Matches
53,Ben Chilwell,engENG,DF,Crystal Palace,28-133,1996.0,1.5,1,0,0,2,2,2,3,4,4,0,0,0,12,3,3,50.0,Matches
54,Ben Davies,wlsWAL,DF,Tottenham,32-009,1993.0,11.5,3,0,0,12,5,0,4,11,9,0,0,0,34,41,35,53.9,Matches
55,Ben Godfrey,engENG,DF,Ipswich Town,27-108,1998.0,1.8,1,0,0,1,0,0,0,2,0,0,0,0,2,3,0,100.0,Matches
56,Ben Johnson,engENG,"DF,FW",Ipswich Town,25-099,2000.0,15.0,5,1,1,27,6,1,37,13,22,0,0,0,57,19,18,51.4,Matches
57,Ben Mee,engENG,DF,Brentford,35-224,1989.0,2.0,2,0,0,5,0,0,0,4,2,0,0,0,11,5,5,50.0,Matches
58,Ben White,engENG,DF,Arsenal,27-207,1997.0,9.5,2,0,0,8,4,1,10,12,8,0,0,0,24,11,3,78.6,Matches
59,Ben Winterburn,engENG,"FW,MF",Bournemouth,20-241,2004.0,0.3,0,0,0,0,1,0,0,2,0,0,0,0,2,1,0,100.0,Matches
60,Benoît Badiashile,frFRA,DF,Chelsea,24-038,2001.0,3.7,0,0,0,6,2,0,0,6,6,0,0,0,18,8,2,80.0,Matches
61,Bernardo Silva,ptPOR,"MF,FW",Manchester City,30-266,1994.0,26.7,7,0,0,26,29,3,54,20,34,0,0,0,93,5,10,33.3,Matches
62,Bernd Leno,deGER,GK,Fulham,33-060,1992.0,34.0,4,0,0,0,3,0,0,0,2,0,0,0,47,9,0,100.0,Matches
63,Beto,gwGNB,FW,Everton,27-092,1998.0,13.2,2,0,0,29,18,14,3,3,6,0,0,0,29,74,86,46.3,Matches
64,Bilal El Khannouss,maMAR,MF,Leicester City,20-358,2004.0,21.3,4,0,0,27,9,1,78,6,26,0,0,0,83,19,19,50.0,Matches
65,Billy Gilmour,sctSCO,MF,Brighton,23-326,2001.0,1.1,0,0,0,2,3,0,1,0,3,0,0,0,5,0,0,,Matches
66,Bobby De Cordova-Reid,jmJAM,FW,Leicester City,32-090,1993.0,8.3,2,0,0,9,9,4,15,0,4,1,0,0,29,6,14,30.0,Matches
67,Boubacar Kamara,frFRA,MF,Aston Villa,25-161,1999.0,15.3,2,0,0,23,26,0,1,16,19,0,0,0,67,16,21,43.2,Matches
68,Boubacar Traoré,mlMLI,MF,Wolves,23-256,2001.0,0.0,0,0,0,0,0,0,0,0,0,0,0,0,0,0,1,0.0,Matches
69,Boubakary Soumaré,frFRA,MF,Leicester City,26-065,1999.0,21.7,8,0,0,21,21,0,8,24,18,0,0,0,130,19,9,67.9,Matches
70,Brajan Gruda,deGER,"FW,MF",Brighton,20-337,2004.0,5.6,0,0,0,6,9,1,17,2,6,0,0,0,19,3,4,42.9,Matches
71,Brandon Austin,engENG,GK,Tottenham,26-115,1999.0,1.0,0,0,0,0,2,0,0,0,0,0,0,0,1,2,0,100.0,Matches
72,Brennan Johnson,wlsWAL,FW,Tottenham,23-345,2001.0,23.1,5,0,0,26,25,12,52,4,26,2,0,0,60,7,20,25.9,Matches
73,Bruno Fernandes,ptPOR,MF,Manchester Utd,30-237,1994.0,30.6,4,2,1,26,37,2,172,25,47,0,0,0,192,21,28,42.9,Matches
74,Bruno Guimarães,brBRA,MF,Newcastle Utd,27-168,1997.0,32.4,6,0,0,54,99,2,24,27,41,0,0,0,161,17,16,51.5,Matches
75,Bryan Mbeumo,cmCMR,FW,Brentford,25-269,1999.0,33.9,3,0,0,23,42,11,177,14,29,0,0,0,139,32,69,31.7,Matches
76,Bukayo Saka,engENG,"FW,MF",Arsenal,23-240,2001.0,16.2,3,0,0,13,35,5,109,2,13,1,0,0,61,8,19,29.6,Matches
77,Caleb Kporha,engENG,DF,Crystal Palace,18-292,2006.0,0.1,0,0,0,0,0,0,2,0,1,0,0,0,1,0,1,0.0,Matches
78,Caleb Okoli,itITA,DF,Leicester City,23-294,2001.0,12.5,4,0,0,16,9,0,1,15,14,0,0,0,44,23,21,52.3,Matches
79,Callum Hudson-Odoi,engENG,"FW,MF",Nott'ham Forest,24-177,2000.0,23.9,2,0,0,12,22,8,75,13,14,1,0,0,91,3,10,23.1,Matches
80,Callum Wilson,engENG,FW,Newcastle Utd,33-065,1992.0,3.0,1,0,0,2,1,3,2,1,2,0,0,0,10,2,12,14.3,Matches
81,Calvin Bassey,ngNGA,DF,Fulham,25-123,1999.0,31.2,6,0,0,24,30,2,6,18,32,0,0,0,155,40,31,56.3,Matches
82,Cameron Archer,engENG,FW,Southampton,23-286,2001.0,15.1,0,0,0,16,12,7,3,2,7,0,0,0,34,8,27,22.9,Matches
83,Cameron Burgess,auAUS,DF,Ipswich Town,29-194,1995.0,15.1,0,0,0,4,4,1,0,13,9,0,0,0,37,38,19,66.7,Matches
84,Caoimhín Kelleher,ieIRL,GK,Liverpool,26-161,1998.0,10.0,0,0,0,0,3,0,0,0,0,0,0,0,18,1,0,100.0,Matches
85,Carlos Alcaraz,arARG,"FW,MF",Everton,22-154,2002.0,5.5,3,0,0,9,6,1,9,3,5,0,0,0,24,10,6,62.5,Matches
86,Carlos Alcaraz,arARG,MF,Southampton,22-154,2002.0,0.1,0,0,0,1,0,0,1,1,0,0,0,0,2,1,0,100.0,Matches
87,Carlos Baleba,cmCMR,MF,Brighton,21-120,2004.0,25.7,8,1,1,38,43,0,8,40,41,0,2,0,172,38,23,62.3,Matches
88,Carlos Forbs,ptPOR,"MF,FW",Wolves,21-045,2004.0,2.7,2,0,0,2,1,0,9,1,5,0,0,0,11,1,3,25.0,Matches
89,Carlos Soler,esESP,"MF,FW",West Ham,28-121,1997.0,15.0,5,0,0,24,17,0,31,8,10,0,0,0,63,9,11,45.0,Matches
90,Carlos Vinícius,brBRA,"MF,FW",Fulham,30-039,1995.0,0.2,0,0,0,0,2,0,0,0,0,0,0,0,0,0,0,,Matches
91,Casemiro,brBRA,MF,Manchester Utd,33-069,1992.0,14.8,3,0,0,17,18,3,19,12,46,0,0,0,89,31,17,64.6,Matches
92,Chadi Riad,maMAR,DF,Crystal Palace,21-320,2003.0,1.0,0,0,0,1,0,0,0,2,2,0,0,0,4,2,4,33.3,Matches
93,Charlie Taylor,engENG,DF,Southampton,31-227,1993.0,3.0,1,0,0,2,2,0,9,3,5,0,0,0,7,4,2,66.7,Matches
94,Cheick Doucouré,mlMLI,MF,Crystal Palace,25-115,2000.0,5.0,1,0,0,7,7,0,1,11,8,0,0,0,31,5,5,50.0,Matches
95,Chidozie Obi-Martin,dkDEN,FW,Manchester Utd,17-155,2007.0,0.7,1,0,0,0,0,0,0,0,1,0,0,0,8,1,1,50.0,Matches
96,Chiedozie Ogbene,ieIRL,FW,Ipswich Town,28-002,1997.0,2.6,0,0,0,2,7,1,4,1,3,0,0,0,6,1,6,14.3,Matches
97,Chiquinho,ptPOR,MF,Wolves,25-087,2000.0,0.1,0,0,0,1,0,0,1,0,0,0,0,0,1,0,0,,Matches
98,Chris Richards,usUSA,DF,Crystal Palace,25-036,2000.0,17.4,4,1,1,11,4,1,1,10,27,1,0,0,48,33,35,48.5,Matches
99,Chris Wood,nzNZL,FW,Nott'ham Forest,33-147,1991.0,28.9,1,0,0,22,20,26,1,5,4,0,0,0,42,82,123,40.0,Matches
100,Christian Eriksen,dkDEN,MF,Manchester Utd,33-078,1992.0,11.0,4,0,0,8,3,0,74,7,9,0,0,0,59,2,5,28.6,Matches
101,Christian Nørgaard,dkDEN,MF,Brentford,31-054,1994.0,27.3,6,1,0,39,26,1,14,43,45,0,0,0,175,42,29,59.2,Matches
102,Christian Walton,engENG,GK,Ipswich Town,29-175,1995.0,6.0,0,0,0,0,1,0,0,0,0,0,0,0,5,2,0,100.0,Matches
103,Christopher Nkunku,frFRA,FW,Chelsea,27-170,1997.0,10.2,2,0,0,16,11,3,4,7,8,0,0,0,29,16,22,42.1,Matches
104,Cody Gakpo,nlNED,FW,Liverpool,25-361,1999.0,18.1,5,0,0,17,23,5,64,11,14,1,0,0,62,15,22,40.5,Matches
105,Cole Palmer,engENG,MF,Chelsea,22-362,2002.0,31.5,6,0,0,12,55,6,133,8,16,1,0,0,93,1,7,12.5,Matches
106,Conor Bradley,nirNIR,DF,Liverpool,21-298,2003.0,5.9,3,0,0,8,10,0,5,3,8,0,0,0,34,7,6,53.8,Matches
107,Conor Chaplin,engENG,"MF,FW",Ipswich Town,28-076,1997.0,7.2,1,0,0,10,5,0,9,3,5,0,0,0,23,2,8,20.0,Matches
108,Conor Coady,engENG,DF,Leicester City,32-067,1993.0,15.0,2,0,0,7,2,1,0,11,8,0,2,0,46,13,16,44.8,Matches
109,Conor Townsend,engENG,DF,Ipswich Town,32-060,1993.0,3.7,1,0,0,2,4,0,12,4,8,0,0,0,8,6,4,60.0,Matches
110,Craig Dawson,engENG,DF,Wolves,34-362,1990.0,10.8,2,0,0,6,5,2,0,9,3,0,0,2,35,21,11,65.6,Matches
111,Cristian Romero,arARG,DF,Tottenham,27-006,1998.0,15.7,3,0,0,14,12,2,3,21,29,0,0,0,90,41,27,60.3,Matches
112,Crysencio Summerville,nlNED,"FW,MF",West Ham,23-185,2001.0,8.7,2,0,0,9,23,4,21,0,7,0,0,0,38,4,9,30.8,Matches
113,Curtis Jones,engENG,"MF,DF",Liverpool,24-093,2001.0,16.0,3,1,1,15,23,1,6,5,18,1,0,0,78,13,12,52.0,Matches
114,Daichi Kamada,jpJPN,MF,Crystal Palace,28-271,1996.0,14.9,3,1,0,25,17,2,27,16,25,0,0,0,67,3,12,20.0,Matches
115,Dan Burn,engENG,DF,Newcastle Utd,32-359,1992.0,33.0,10,0,0,28,11,5,2,25,19,0,0,2,91,127,62,67.2,Matches
116,Dane Scarlett,engENG,"FW,MF",Tottenham,21-040,2004.0,0.4,0,0,0,0,1,1,0,0,0,0,0,0,3,1,0,100.0,Matches
117,Dango Ouattara,bfBFA,FW,Bournemouth,23-081,2002.0,21.5,2,0,0,15,19,14,85,11,25,0,0,0,88,43,59,42.2,Matches
118,Daniel Bentley,engENG,GK,Wolves,31-294,1993.0,1.0,0,0,0,0,0,0,0,0,0,0,0,0,1,2,0,100.0,Matches
119,Daniel Jebbison,engENG,FW,Bournemouth,21-263,2003.0,0.8,1,0,0,2,2,0,1,1,1,0,0,0,8,2,9,18.2,Matches
120,Daniel Muñoz,coCOL,DF,Crystal Palace,28-342,1996.0,31.9,9,0,0,47,19,13,60,39,70,0,0,0,149,56,73,43.4,Matches
121,Daniel Podence,ptPOR,"MF,FW",Wolves,29-194,1995.0,0.5,0,0,0,0,2,0,1,0,0,0,0,0,1,0,1,0.0,Matches
122,Danilo,brBRA,"MF,FW",Nott'ham Forest,24-004,2001.0,3.0,0,0,0,1,0,0,3,3,3,0,0,0,18,1,1,50.0,Matches
123,Danny Ings,engENG,"FW,MF",West Ham,32-284,1992.0,3.2,0,0,0,0,2,0,3,1,2,1,0,0,9,8,10,44.4,Matches
124,Danny Ward,wlsWAL,GK,Leicester City,31-315,1993.0,1.5,0,0,0,0,0,0,0,0,0,0,0,0,1,0,0,,Matches
125,Danny Welbeck,engENG,FW,Brighton,34-158,1990.0,20.6,4,0,0,11,21,3,3,5,13,0,0,0,37,15,24,38.5,Matches
126,Dara O'Shea,ieIRL,DF,Ipswich Town,26-060,1999.0,30.7,6,0,0,16,22,3,6,31,28,0,0,0,98,100,77,56.5,Matches
127,Darwin Núñez,uyURU,FW,Liverpool,25-313,1999.0,11.3,8,0,0,27,14,11,2,3,15,1,0,0,38,16,29,35.6,Matches
128,David Brooks,wlsWAL,"FW,MF",Bournemouth,27-299,1997.0,9.1,3,0,0,8,15,0,44,5,4,0,0,0,44,7,9,43.8,Matches
129,David Raya,esESP,GK,Arsenal,29-230,1995.0,34.0,2,0,0,1,8,0,0,2,0,0,1,0,38,10,0,100.0,Matches
130,Dean Henderson,engENG,GK,Crystal Palace,28-052,1997.0,34.0,3,0,0,0,0,0,0,0,1,0,0,0,25,11,1,91.7,Matches
131,Dean Huijsen,esESP,DF,Bournemouth,20-019,2005.0,23.8,8,0,0,28,9,2,12,49,23,0,0,0,93,63,41,60.6,Matches
132,Declan Rice,engENG,MF,Arsenal,26-109,1999.0,28.6,7,1,1,19,15,1,155,24,22,0,0,0,139,30,23,56.6,Matches
133,Dejan Kulusevski,seSWE,"MF,FW",Tottenham,25-008,2000.0,25.3,3,0,0,43,33,5,88,13,23,0,0,0,115,10,14,41.7,Matches
134,Destiny Udogie,itITA,DF,Tottenham,22-156,2002.0,20.4,2,0,0,29,38,2,19,21,47,0,0,1,109,13,13,50.0,Matches
135,Diego Carlos,brBRA,DF,Aston Villa,32-049,1993.0,9.2,1,0,0,11,1,1,0,5,3,0,0,0,36,11,10,52.4,Matches
136,Diego Gómez,pyPAR,MF,Brighton,22-037,2003.0,4.9,0,0,0,7,2,1,9,7,10,0,0,0,30,7,3,70.0,Matches
137,Diogo Dalot,ptPOR,DF,Manchester Utd,26-046,1999.0,31.0,5,0,0,40,9,4,65,37,39,0,1,0,164,38,21,64.4,Matches
138,Diogo Jota,ptPOR,FW,Liverpool,28-150,1996.0,12.2,2,0,0,18,12,1,8,7,8,1,0,0,40,21,30,41.2,Matches
139,Divin Mubama,engENG,FW,Manchester City,20-190,2004.0,0.3,0,0,0,0,0,0,0,0,0,0,0,0,1,0,1,0.0,Matches
140,Djed Spence,engENG,DF,Tottenham,24-267,2000.0,16.8,4,1,1,19,23,2,23,17,30,0,0,1,91,17,12,58.6,Matches
141,Dominic Calvert-Lewin,engENG,FW,Everton,28-048,1997.0,17.5,2,0,0,27,22,27,6,6,7,0,0,0,32,83,79,51.2,Matches
142,Dominic Solanke,engENG,FW,Tottenham,27-231,1997.0,23.5,0,0,0,36,36,5,4,0,11,0,0,1,37,44,59,42.7,Matches
143,Dominik Szoboszlai,huHUN,MF,Liverpool,24-190,2000.0,25.1,6,0,0,37,23,4,34,9,20,0,0,0,120,18,22,45.0,Matches
144,Donyell Malen,nlNED,FW,Aston Villa,26-114,1999.0,3.0,0,0,0,1,4,2,7,0,4,0,0,0,8,3,4,42.9,Matches
145,Dwight McNeil,engENG,"MF,FW",Everton,25-162,1999.0,13.2,1,0,0,6,14,1,92,5,6,0,0,0,65,3,14,17.6,Matches
146,Eberechi Eze,engENG,"MF,FW",Crystal Palace,26-308,1998.0,26.0,1,0,0,11,46,9,100,11,22,0,0,0,128,6,36,14.3,Matches
147,Eddie Nketiah,engENG,"FW,MF",Crystal Palace,25-338,1999.0,9.8,5,1,1,25,23,3,5,2,5,1,0,0,21,18,31,36.7,Matches
148,Ederson,brBRA,GK,Manchester City,31-259,1993.0,22.8,3,0,0,1,0,0,0,1,0,0,1,0,38,4,1,80.0,Matches
149,Edmond-Paris Maghoma,engENG,"MF,FW",Brentford,23-360,2001.0,1.3,0,0,0,2,4,0,3,1,1,0,0,0,7,1,3,25.0,Matches
150,Edson Álvarez,mxMEX,MF,West Ham,27-191,1997.0,18.1,8,1,1,37,18,4,6,16,23,0,0,0,78,28,20,58.3,Matches
151,Eiran Cashin,ieIRL,DF,Brighton,23-175,2001.0,0.2,0,0,0,0,0,0,1,0,0,0,0,0,1,2,1,66.7,Matches
152,Elliot Anderson,engENG,MF,Nott'ham Forest,22-178,2002.0,26.4,7,0,0,40,54,4,73,28,50,0,0,0,186,43,22,66.2,Matches
153,Emerson Palmieri,itITA,DF,West Ham,30-273,1994.0,22.4,5,0,0,24,13,0,63,20,29,0,0,0,84,16,18,47.1,Matches
154,Emi Buendía,arARG,"MF,FW",Aston Villa,28-129,1996.0,1.1,1,0,0,4,6,0,0,0,6,0,0,0,8,0,2,0.0,Matches
155,Emil Krafth,seSWE,DF,Newcastle Utd,30-274,1994.0,3.2,0,0,0,3,1,0,1,2,2,0,0,0,17,5,5,50.0,Matches
156,Emile Smith Rowe,engENG,MF,Fulham,24-279,2000.0,20.6,2,0,0,17,12,4,13,11,17,0,0,0,69,6,17,26.1,Matches
157,Emiliano Martínez,arARG,GK,Aston Villa,32-243,1992.0,32.0,4,0,0,1,5,0,0,0,3,0,0,0,28,8,1,88.9,Matches
158,Emmanuel Agbadou,ciCIV,DF,Wolves,27-320,1997.0,12.7,2,0,0,5,4,1,1,9,18,0,0,0,66,22,16,57.9,Matches
159,Enes Ünal,trTUR,"FW,MF",Bournemouth,27-358,1997.0,3.8,2,0,0,6,9,1,4,0,0,0,0,0,16,24,22,52.2,Matches
160,Enzo Fernández,arARG,MF,Chelsea,24-106,2001.0,28.8,7,0,0,45,47,1,103,11,30,0,0,0,141,13,27,32.5,Matches
161,Eric da Silva Moreira,deGER,"MF,DF",Nott'ham Forest,19-000,2006.0,0.3,0,0,0,0,0,0,0,1,2,0,0,0,2,0,0,,Matches
162,Erling Haaland,noNOR,FW,Manchester City,24-286,2000.0,27.6,2,0,0,22,12,4,3,5,5,0,0,0,29,49,45,52.1,Matches
163,Ethan Nwaneri,engENG,"FW,MF",Arsenal,18-043,2007.0,9.1,1,0,0,7,5,6,51,2,7,0,0,0,33,3,7,30.0,Matches
164,Ethan Pinnock,jmJAM,DF,Brentford,31-339,1993.0,21.3,2,0,0,8,4,0,9,24,19,0,1,1,50,63,43,59.4,Matches
165,Evan Ferguson,ieIRL,FW,Brighton,20-196,2004.0,2.7,0,0,0,3,1,0,0,0,3,0,0,0,10,4,9,30.8,Matches
166,Evan Ferguson,ieIRL,FW,West Ham,20-196,2004.0,1.6,0,0,0,1,2,0,0,1,0,0,0,0,8,5,8,38.5,Matches
167,Evanilson,brBRA,FW,Bournemouth,25-209,1999.0,21.9,0,1,0,31,43,17,0,0,9,5,0,0,56,38,56,40.4,Matches
168,Ezri Konsa,engENG,DF,Aston Villa,27-192,1997.0,28.6,0,0,0,6,42,0,5,21,17,0,0,0,86,27,21,56.3,Matches
169,Fabian Schär,chSUI,DF,Newcastle Utd,33-134,1991.0,28.6,7,1,0,31,12,4,9,40,19,0,0,0,123,40,61,39.6,Matches
170,Fabio Carvalho,ptPOR,"FW,MF",Brentford,22-246,2002.0,5.1,1,0,0,5,10,1,10,3,9,0,0,0,30,2,6,25.0,Matches
171,Facundo Buonanotte,arARG,"FW,MF",Leicester City,20-131,2004.0,16.4,7,0,0,35,33,3,41,11,32,0,0,0,77,17,35,32.7,Matches
172,Federico Chiesa,itITA,FW,Liverpool,27-190,1997.0,0.4,0,0,0,2,1,0,2,0,0,0,0,0,4,0,0,,Matches
173,Ferdi Kadioglu,trTUR,"DF,MF",Brighton,25-208,1999.0,4.3,1,0,0,5,3,1,9,8,6,0,0,0,14,3,1,75.0,Matches
174,Filip Jørgensen,dkDEN,GK,Chelsea,23-017,2002.0,6.0,0,0,0,1,1,0,0,0,0,0,1,0,5,0,0,,Matches
175,Flynn Downes,engENG,MF,Southampton,26-103,1999.0,19.9,10,0,0,45,33,0,3,30,23,0,0,0,73,13,13,50.0,Matches
176,Frank Onyeka,ngNGA,MF,Brentford,27-122,1998.0,0.3,0,0,0,2,0,0,0,0,0,0,0,0,2,0,0,,Matches
177,Fraser Forster,engENG,GK,Tottenham,37-047,1988.0,7.0,0,0,0,0,0,0,0,0,0,0,0,0,1,1,0,100.0,Matches
178,Gabriel Jesus,brBRA,FW,Arsenal,28-030,1997.0,6.8,4,0,0,14,10,9,7,4,6,0,0,0,28,9,18,33.3,Matches
179,Gabriel Magalhães,brBRA,DF,Arsenal,27-135,1997.0,26.3,4,0,0,19,19,0,9,16,15,1,0,0,63,53,37,58.9,Matches
180,Gabriel Martinelli,brBRA,"FW,MF",Arsenal,23-319,2001.0,21.7,1,0,0,14,19,8,80,4,14,0,0,0,70,14,29,32.6,Matches
181,George Edmundson,engENG,DF,Ipswich Town,27-245,1997.0,0.0,0,0,0,0,0,0,0,0,0,0,0,0,0,0,0,,Matches
182,George Hirst,sctSCO,FW,Ipswich Town,26-077,1999.0,5.2,1,0,0,11,9,2,3,2,3,0,0,0,8,30,19,61.2,Matches
183,Georginio Rutter,frFRA,"MF,FW",Brighton,23-013,2002.0,18.4,2,0,0,34,45,7,9,10,15,0,1,0,66,25,46,35.2,Matches
184,Gonçalo Guedes,ptPOR,"MF,FW",Wolves,28-155,1996.0,8.7,1,0,0,14,15,3,17,5,4,0,0,0,34,3,11,21.4,Matches
185,Guglielmo Vicario,itITA,GK,Tottenham,28-208,1996.0,22.0,1,0,0,0,2,0,0,1,0,0,0,0,31,9,0,100.0,Matches
186,Guido Rodríguez,arARG,MF,West Ham,31-021,1994.0,11.3,5,0,0,15,11,1,4,12,16,0,0,0,46,8,7,53.3,Matches
187,Gustavo Nunes,brBRA,"MF,FW",Brentford,19-164,2005.0,0.0,0,0,0,0,0,0,0,0,0,0,0,0,0,0,0,,Matches
188,Hamza Choudhury,bdBAN,"MF,DF",Leicester City,27-214,1997.0,1.5,0,0,0,1,0,0,5,5,1,0,0,0,2,0,0,,Matches
189,Harrison Armstrong,engENG,MF,Everton,18-104,2007.0,0.5,1,0,0,2,2,0,1,0,0,0,0,0,2,0,2,0.0,Matches
190,Harrison Reed,engENG,MF,Fulham,30-096,1995.0,1.0,2,0,0,6,2,0,5,1,3,0,1,0,10,1,2,33.3,Matches
191,Harry Amass,engENG,DF,Manchester Utd,18-048,2007.0,1.8,0,0,0,2,3,1,4,1,1,0,0,0,10,5,1,83.3,Matches
192,Harry Clarke,engENG,DF,Ipswich Town,24-062,2001.0,4.2,3,1,1,5,1,0,5,4,3,0,1,0,17,10,4,71.4,Matches
193,Harry Maguire,engENG,DF,Manchester Utd,32-059,1993.0,16.5,7,0,0,17,8,1,2,37,13,0,0,0,53,51,21,70.8,Matches
194,Harry Toffolo,engENG,DF,Nott'ham Forest,29-257,1995.0,1.5,1,0,0,1,0,0,4,2,3,0,0,0,2,1,0,100.0,Matches
195,Harry Wilson,wlsWAL,"FW,MF",Fulham,28-042,1997.0,10.4,2,0,0,10,18,1,35,5,8,1,0,0,44,4,18,18.2,Matches
196,Harry Winks,engENG,MF,Leicester City,29-090,1996.0,17.1,4,0,0,9,13,0,34,9,11,0,0,0,106,8,6,57.1,Matches
197,Harvey Barnes,engENG,FW,Newcastle Utd,27-145,1997.0,15.7,0,0,0,10,18,4,37,6,9,0,0,0,46,5,14,26.3,Matches
198,Harvey Elliott,engENG,"MF,FW",Liverpool,22-029,2003.0,2.2,1,0,0,0,0,1,10,1,3,0,0,0,10,1,2,33.3,Matches
199,Hwang Hee-chan,krKOR,"MF,FW",Wolves,29-097,1996.0,7.2,0,0,0,6,8,0,8,2,4,0,0,0,27,3,9,25.0,Matches
200,Hákon Rafn Valdimarsson,isISL,GK,Brentford,23-202,2001.0,1.6,0,0,0,0,0,0,0,0,0,0,0,0,1,1,0,100.0,Matches
201,Ian Maatsen,nlNED,DF,Aston Villa,23-054,2002.0,9.9,2,0,0,9,8,3,47,15,13,0,0,0,54,8,5,61.5,Matches
202,Ibrahim Sangaré,ciCIV,MF,Nott'ham Forest,27-152,1997.0,3.3,2,0,0,8,5,0,0,3,10,0,0,0,23,6,8,42.9,Matches
203,Ibrahima Konaté,frFRA,DF,Liverpool,25-343,1999.0,25.8,5,0,0,26,18,0,0,12,25,0,0,0,86,72,28,72.0,Matches
204,Idrissa Gana Gueye,snSEN,MF,Everton,35-219,1989.0,30.1,8,0,0,51,39,0,7,41,74,0,0,0,177,22,15,59.5,Matches
205,Igor,brBRA,DF,Brighton,27-085,1998.0,10.0,4,0,0,9,6,0,2,4,4,0,0,0,40,8,6,57.1,Matches
206,Iliman Ndiaye,snSEN,FW,Everton,25-058,2000.0,24.0,3,0,0,21,46,5,35,17,25,0,0,0,160,5,17,22.7,Matches
207,Illia Zabarnyi,uaUKR,DF,Bournemouth,22-244,2002.0,30.6,3,1,0,17,6,0,5,35,32,0,0,0,140,70,40,63.6,Matches
208,Ismaila Sarr,snSEN,"MF,FW",Crystal Palace,27-067,1998.0,26.6,4,0,0,12,49,11,50,8,10,1,0,0,99,31,46,40.3,Matches
209,Issa Diop,frFRA,DF,Fulham,28-114,1997.0,14.9,2,0,0,10,4,0,1,9,12,0,0,1,45,20,12,62.5,Matches
210,Jack Clarke,engENG,"FW,MF",Ipswich Town,24-161,2000.0,11.5,2,0,0,14,20,3,13,7,17,0,0,0,65,7,14,33.3,Matches
211,Jack Grealish,engENG,"FW,MF",Manchester City,29-235,1995.0,8.0,3,0,0,5,25,0,20,2,5,0,0,0,26,1,7,12.5,Matches
212,Jack Harrison,engENG,FW,Everton,28-164,1996.0,21.0,0,0,0,13,26,4,115,9,21,1,0,0,65,4,26,13.3,Matches
213,Jack Hinshelwood,engENG,"DF,MF",Brighton,20-022,2005.0,18.6,5,0,0,15,6,0,26,14,18,0,0,0,55,19,14,57.6,Matches
214,Jack Stephens,engENG,DF,Southampton,31-096,1994.0,12.9,2,2,0,12,4,1,1,11,18,0,1,0,41,6,8,42.9,Matches
215,Jack Taylor,ieIRL,MF,Ipswich Town,26-314,1998.0,7.6,3,0,0,14,4,0,6,7,8,0,0,0,43,7,6,53.8,Matches
216,Jacob Greaves,engENG,DF,Ipswich Town,24-233,2000.0,20.5,5,0,0,11,18,1,0,18,14,0,0,0,43,58,38,60.4,Matches
217,Jacob Murphy,engENG,FW,Newcastle Utd,30-068,1995.0,23.2,3,0,0,11,14,3,108,11,15,1,0,0,88,4,15,21.1,Matches
218,Jacob Ramsey,engENG,"FW,MF",Aston Villa,23-340,2001.0,16.5,2,0,0,12,24,5,10,7,15,1,0,0,74,6,10,37.5,Matches
219,Jaden Philogene Bidace,engENG,"FW,MF",Aston Villa,23-084,2002.0,3.7,4,1,1,12,8,1,4,3,5,0,0,0,21,0,5,0.0,Matches
220,Jaden Philogene Bidace,engENG,"FW,DF",Ipswich Town,23-084,2002.0,5.3,1,0,0,8,10,1,13,10,7,0,0,0,23,5,3,62.5,Matches
221,Jadon Sancho,engENG,FW,Chelsea,25-039,2000.0,18.5,1,0,0,6,11,5,23,2,6,2,0,0,97,5,10,33.3,Matches
222,Jahmai Simpson-Pusey,engENG,DF,Manchester City,19-180,2005.0,1.1,1,0,0,0,1,0,0,0,0,0,0,0,3,1,3,25.0,Matches
223,Jake Evans,,FW,Leicester City,,,0.0,0,0,0,0,0,0,0,0,0,0,0,0,0,0,0,,Matches
224,Jake O'Brien,ieIRL,DF,Everton,23-353,2001.0,14.5,4,0,0,11,4,3,17,4,14,0,0,0,50,33,23,58.9,Matches
225,Jakub Kiwior,plPOL,DF,Arsenal,25-077,2000.0,8.5,0,0,0,8,3,0,1,2,6,0,0,0,18,8,7,53.3,Matches
226,Jakub Moder,plPOL,MF,Brighton,26-026,1999.0,0.1,0,0,0,0,0,0,1,0,0,0,0,0,2,0,1,0.0,Matches
227,Jakub Stolarczyk,plPOL,GK,Leicester City,24-135,2000.0,6.0,1,0,0,0,0,0,0,0,1,0,0,0,7,3,0,100.0,Matches
228,James Bree,engENG,DF,Southampton,27-204,1997.0,9.9,0,0,0,2,4,0,24,8,10,0,0,0,56,12,5,70.6,Matches
229,James Garner,engENG,"MF,DF",Everton,24-051,2001.0,13.7,3,0,0,16,12,0,50,16,23,0,0,0,60,10,8,55.6,Matches
230,James Hill,engENG,DF,Bournemouth,23-113,2002.0,5.0,1,0,0,7,5,0,10,9,8,0,0,0,13,14,12,53.8,Matches
231,James Justin,engENG,DF,Leicester City,27-069,1998.0,28.7,5,0,0,21,34,2,53,42,29,0,0,0,75,58,46,55.8,Matches
232,James Maddison,engENG,MF,Tottenham,28-161,1996.0,20.1,6,0,0,32,64,4,98,12,19,0,0,0,76,5,7,41.7,Matches
233,James Mcatee,engENG,"MF,FW",Manchester City,22-197,2002.0,3.4,1,0,0,5,3,0,5,2,2,0,0,0,8,2,3,40.0,Matches
234,James Milner,engENG,MF,Brighton,39-119,1986.0,1.9,1,0,0,3,1,0,8,2,2,0,0,0,2,0,1,0.0,Matches
235,James Tarkowski,engENG,DF,Everton,32-165,1992.0,32.5,6,0,0,35,28,2,1,41,40,0,1,0,98,102,33,75.6,Matches
236,James Ward-Prowse,engENG,MF,Nott'ham Forest,30-183,1994.0,4.4,2,1,1,7,2,0,19,5,1,0,0,0,19,3,5,37.5,Matches
237,James Ward-Prowse,engENG,MF,West Ham,30-183,1994.0,8.9,2,0,0,9,2,0,37,5,9,0,0,0,43,5,4,55.6,Matches
238,Jamie Vardy,engENG,FW,Leicester City,38-112,1987.0,28.6,5,0,0,21,20,25,11,3,13,2,0,0,34,49,51,49.0,Matches
239,Jan Bednarek,plPOL,DF,Southampton,29-021,1996.0,26.1,7,0,0,31,12,0,1,53,18,0,1,0,102,68,36,65.4,Matches
240,Jan Paul van Hecke,nlNED,DF,Brighton,24-329,2000.0,28.9,8,1,1,22,22,0,11,23,25,0,0,0,119,73,48,60.3,Matches
241,Jannik Vestergaard,dkDEN,DF,Leicester City,32-273,1992.0,15.5,5,0,0,12,4,0,0,16,10,0,0,1,46,26,19,57.8,Matches
242,Jarell Quansah,engENG,DF,Liverpool,22-094,2003.0,3.5,1,0,0,7,1,0,2,5,7,0,0,0,9,5,8,38.5,Matches
243,Jarrad Branthwaite,engENG,DF,Everton,22-310,2002.0,25.1,4,0,0,10,15,1,3,23,20,0,0,0,80,50,36,58.1,Matches
244,Jarrod Bowen,engENG,"FW,MF",West Ham,28-134,1996.0,29.2,1,0,0,18,47,9,100,16,23,0,0,0,120,11,44,20.0,Matches
245,Jason Steele,engENG,GK,Brighton,34-258,1990.0,2.0,0,0,0,0,1,0,0,0,0,0,0,0,7,1,1,50.0,Matches
246,Jay Robinson,engENG,MF,Southampton,18-049,2007.0,0.0,0,0,0,0,0,0,0,0,0,0,0,0,2,0,0,,Matches
247,Jay Stansfield,engENG,MF,Fulham,22-160,2002.0,0.0,0,0,0,1,0,0,0,0,0,0,0,0,0,0,0,,Matches
248,Jayden Danns,engENG,MF,Liverpool,19-107,2006.0,0.1,0,0,0,0,0,0,0,0,0,0,0,0,0,0,0,,Matches
249,Jayden Meghoma,engENG,DF,Brentford,18-309,2006.0,0.1,0,0,0,0,0,0,0,0,0,0,0,0,1,0,0,,Matches
250,Jean-Clair Todibo,frFRA,DF,West Ham,25-124,1999.0,16.5,2,0,0,10,5,0,2,20,22,0,0,0,62,23,23,50.0,Matches
251,Jean-Philippe Mateta,frFRA,FW,Crystal Palace,27-309,1997.0,27.1,2,0,0,27,26,17,24,2,12,0,0,0,60,59,95,38.3,Matches
252,Jean-Ricner Bellegarde,frFRA,"MF,FW",Wolves,26-310,1998.0,17.2,3,0,0,29,41,1,40,10,22,0,0,0,57,9,18,33.3,Matches
253,Jefferson Lerma,coCOL,"MF,DF",Crystal Palace,30-190,1994.0,22.6,8,0,0,34,35,0,11,36,15,0,0,0,139,39,38,50.6,Matches
254,Jeffrey Schlupp,ghGHA,"MF,DF",Crystal Palace,32-131,1992.0,1.1,0,0,0,1,0,0,4,0,0,0,0,0,6,3,4,42.9,Matches
255,Jens Cajuste,seSWE,MF,Ipswich Town,25-266,1999.0,19.7,2,0,0,21,21,0,9,25,19,0,0,0,98,12,20,37.5,Matches
256,Jeremy Doku,beBEL,"FW,MF",Manchester City,22-341,2002.0,15.5,1,0,0,7,31,5,51,4,19,0,0,0,57,0,11,0.0,Matches
257,Jeremy Monga,,FW,Leicester City,,,0.3,0,0,0,0,0,0,1,0,0,0,0,0,3,0,1,0.0,Matches
258,Jeremy Sarmiento,ecECU,MF,Brighton,22-321,2002.0,0.1,0,0,0,0,0,0,0,0,0,0,0,0,1,0,0,,Matches
259,Jesper Lindstrøm,dkDEN,FW,Everton,25-063,2000.0,13.8,2,0,0,15,10,1,71,12,25,0,0,0,70,6,12,33.3,Matches
260,Joachim Andersen,dkDEN,DF,Crystal Palace,28-337,1996.0,1.0,1,0,0,2,0,0,1,0,1,0,0,0,7,2,0,100.0,Matches
261,Joachim Andersen,dkDEN,DF,Fulham,28-337,1996.0,24.7,5,1,0,15,17,0,10,30,17,0,0,1,104,62,35,63.9,Matches
262,Joe Aribo,ngNGA,"MF,DF",Southampton,28-286,1996.0,21.2,1,0,0,20,28,1,10,20,30,0,1,0,110,25,21,54.3,Matches
263,Joe Gomez,engENG,DF,Liverpool,27-345,1997.0,5.8,1,0,0,2,3,0,2,7,10,0,0,0,34,9,4,69.2,Matches
264,Joe Lumley,engENG,GK,Southampton,30-077,1995.0,3.0,0,0,0,0,0,0,0,0,0,0,0,0,2,2,1,66.7,Matches
265,Joe Willock,engENG,"MF,FW",Newcastle Utd,25-256,1999.0,10.6,2,0,0,20,12,3,16,5,14,0,0,0,35,5,13,27.8,Matches
266,Joel Ward,engENG,DF,Crystal Palace,35-186,1989.0,0.0,0,0,0,0,0,0,0,0,0,0,0,0,0,1,0,100.0,Matches
267,Joelinton,brBRA,"MF,FW",Newcastle Utd,28-262,1996.0,26.6,10,0,0,58,35,7,16,23,35,0,0,0,149,59,46,56.2,Matches
268,John McGinn,sctSCO,"MF,FW",Aston Villa,30-197,1994.0,22.1,7,0,0,43,63,3,50,14,22,1,0,0,92,15,10,60.0,Matches
269,John Stones,engENG,"DF,MF",Manchester City,30-340,1994.0,6.1,1,0,0,2,2,0,0,4,2,0,0,0,22,8,6,57.1,Matches
270,Jonny Evans,nirNIR,DF,Manchester Utd,37-120,1988.0,3.2,1,0,0,5,6,0,0,4,5,0,0,0,15,8,3,72.7,Matches
271,Jordan Ayew,ghGHA,"FW,MF",Leicester City,33-234,1991.0,15.1,5,0,0,28,45,5,52,12,13,0,0,0,84,33,54,37.9,Matches
272,Jordan Ayew,ghGHA,"FW,MF",Crystal Palace,33-234,1991.0,0.2,1,0,0,1,0,0,1,0,0,0,0,0,1,1,1,50.0,Matches
273,Jordan Pickford,engENG,GK,Everton,31-057,1994.0,34.0,7,0,0,0,6,0,0,1,0,0,0,0,31,4,1,80.0,Matches
274,Jorge Cuenca,esESP,DF,Fulham,25-167,1999.0,2.9,0,0,0,2,2,0,1,2,2,0,0,0,9,6,3,66.7,Matches
275,Jorginho,itITA,MF,Arsenal,33-134,1991.0,7.8,5,0,0,15,17,0,1,7,4,0,0,0,54,1,6,14.3,Matches
276,Joshua Acheampong,engENG,DF,Chelsea,18-363,2006.0,1.9,1,0,0,0,1,0,0,1,1,0,0,0,7,1,6,14.3,Matches
277,Joshua King,engENG,"MF,FW",Fulham,18-120,2007.0,0.9,0,0,0,2,2,0,1,1,3,0,0,0,3,0,0,,Matches
278,Joshua Zirkzee,nlNED,"FW,MF",Manchester Utd,23-346,2001.0,15.6,2,0,0,9,13,3,4,6,8,1,0,0,57,21,54,28.0,Matches
279,José Sá,ptPOR,GK,Wolves,32-106,1993.0,27.0,2,0,0,4,8,0,0,0,2,0,4,0,31,9,1,90.0,Matches
280,Jota Silva,ptPOR,"FW,MF",Nott'ham Forest,25-275,1999.0,9.4,5,0,0,24,23,8,21,12,13,1,0,0,42,21,27,43.8,Matches
281,João Félix,ptPOR,"FW,MF",Chelsea,25-174,1999.0,4.1,2,0,0,6,17,1,0,3,3,0,0,0,22,4,5,44.4,Matches
282,João Gomes,brBRA,MF,Wolves,24-080,2001.0,30.9,10,1,1,67,41,1,27,25,62,0,0,0,178,9,24,27.3,Matches
283,João Pedro,brBRA,"FW,MF",Brighton,23-219,2001.0,21.6,4,1,0,26,46,2,22,9,12,3,1,0,59,41,43,48.8,Matches
284,Joël Veltman,nlNED,DF,Brighton,33-108,1992.0,18.3,4,0,0,26,42,0,23,18,28,0,1,0,67,21,18,53.8,Matches
285,Joško Gvardiol,hrCRO,DF,Manchester City,23-100,2002.0,33.4,2,0,0,13,23,2,19,38,34,0,0,0,132,48,33,59.3,Matches
286,Julian Araujo,mxMEX,DF,Bournemouth,23-263,2001.0,4.0,1,0,0,4,1,0,5,4,3,0,0,0,26,2,6,25.0,Matches
287,Julio Enciso,pyPAR,"MF,FW",Brighton,21-100,2004.0,3.3,0,0,0,3,7,0,20,0,0,0,0,0,15,6,5,54.5,Matches
288,Julio Enciso,pyPAR,"FW,MF",Ipswich Town,21-100,2004.0,6.9,3,0,0,7,12,0,11,1,8,0,1,0,34,7,16,30.4,Matches
289,Julio Soler,arARG,FW,Bournemouth,20-076,2005.0,0.0,0,0,0,0,1,0,0,0,1,0,0,0,0,0,0,,Matches
290,Jurriën Timber,nlNED,DF,Arsenal,23-320,2001.0,26.9,7,0,0,31,29,6,28,22,38,0,0,0,94,22,20,52.4,Matches
291,Justin Devenny,nirNIR,MF,Crystal Palace,21-204,2003.0,4.8,1,0,0,7,0,1,17,0,9,0,0,0,21,2,13,13.3,Matches
292,Justin Kluivert,nlNED,"MF,FW",Bournemouth,25-363,1999.0,23.3,8,0,0,40,29,5,78,13,9,1,0,0,71,7,25,21.9,Matches
293,Jáder Durán,coCOL,FW,Aston Villa,21-141,2003.0,7.1,3,1,0,14,15,5,3,0,7,0,0,0,19,19,19,50.0,Matches
294,Jørgen Strand Larsen,noNOR,FW,Wolves,25-086,2000.0,27.4,4,0,0,46,18,14,6,5,6,0,0,0,42,66,96,40.7,Matches
295,Kaelan Casey,engENG,DF,West Ham,20-187,2004.0,0.0,0,0,0,0,0,0,0,0,0,0,0,0,0,1,0,100.0,Matches
296,Kai Havertz,deGER,"FW,MF",Arsenal,25-326,1999.0,20.4,4,0,0,36,21,14,11,6,9,0,0,0,39,62,73,45.9,Matches
297,Kalvin Phillips,engENG,MF,Ipswich Town,29-152,1995.0,13.5,6,1,1,28,19,0,18,19,19,0,0,0,68,7,21,25.0,Matches
298,Kamaldeen Sulemana,ghGHA,"FW,MF",Southampton,23-077,2002.0,12.5,1,0,0,18,10,2,24,6,14,0,0,0,51,8,20,28.6,Matches
299,Kaoru Mitoma,jpJPN,"FW,MF",Brighton,27-348,1997.0,28.0,1,0,0,39,23,5,72,13,26,0,0,0,92,24,27,47.1,Matches
300,Kasey McAteer,ieIRL,"FW,MF",Leicester City,23-162,2001.0,5.9,2,0,0,14,13,2,14,3,9,0,0,0,30,10,15,40.0,Matches
301,Keane Lewis-Potter,engENG,"DF,FW",Brentford,24-070,2001.0,30.7,6,0,0,16,28,4,68,19,26,1,0,0,132,26,33,44.1,Matches
302,Kenny Tete,nlNED,DF,Fulham,29-206,1995.0,16.0,3,0,0,25,14,0,26,28,34,0,0,0,61,18,12,60.0,Matches
303,Kepa Arrizabalaga,esESP,GK,Bournemouth,30-212,1994.0,27.0,3,0,0,2,5,0,0,0,0,0,2,0,48,7,1,87.5,Matches
304,Kevin Danso,atAUT,DF,Tottenham,26-226,1998.0,5.4,0,0,0,6,7,0,1,2,4,0,0,0,21,12,8,60.0,Matches
305,Kevin De Bruyne,beBEL,"MF,FW",Manchester City,33-309,1991.0,17.1,2,0,0,16,16,5,122,7,9,0,0,0,56,4,15,21.1,Matches
306,Kevin Schade,deGER,FW,Brentford,23-157,2001.0,22.2,3,0,0,19,33,13,36,5,23,0,0,0,76,76,63,54.7,Matches
307,Kieran Tierney,sctSCO,"DF,FW",Arsenal,27-332,1997.0,2.0,0,0,0,0,2,2,10,2,4,0,0,0,3,3,5,37.5,Matches
308,Kieran Trippier,engENG,DF,Newcastle Utd,34-226,1990.0,13.2,1,0,0,16,10,2,74,11,19,0,0,0,61,19,14,57.6,Matches
309,Kiernan Dewsbury-Hall,engENG,"MF,FW",Chelsea,26-239,1998.0,2.9,0,0,0,4,6,0,2,1,5,0,0,0,9,0,1,0.0,Matches
310,Kim Jisoo,krKOR,DF,Brentford,20-130,2004.0,0.3,0,0,0,1,0,0,0,0,0,0,0,0,0,0,0,,Matches
311,Kobbie Mainoo,engENG,MF,Manchester Utd,20-014,2005.0,15.7,5,0,0,26,19,2,4,19,24,0,0,0,77,18,27,40.0,Matches
312,Konstantinos Mavropanos,grGRE,DF,West Ham,27-143,1997.0,21.6,6,1,1,17,14,3,2,38,22,0,0,0,67,56,24,70.0,Matches
313,Kosta Nedeljković,rsSRB,DF,Aston Villa,19-138,2005.0,1.4,0,0,0,0,1,0,1,0,5,0,0,0,4,0,1,0.0,Matches
314,Kostas Tsimikas,grGRE,DF,Liverpool,28-356,1996.0,7.4,2,0,0,9,6,1,53,10,17,0,0,0,26,5,6,45.5,Matches
315,Kristoffer Ajer,noNOR,DF,Brentford,27-016,1998.0,15.5,5,0,0,12,6,1,14,12,17,0,0,0,42,27,22,55.1,Matches
316,Kyle Walker,engENG,DF,Manchester City,34-340,1990.0,10.8,3,0,0,6,5,1,14,3,10,0,0,0,46,9,7,56.3,Matches
317,Kyle Walker-Peters,engENG,DF,Southampton,28-020,1997.0,31.4,5,0,0,28,49,2,51,18,28,0,0,0,130,11,21,34.4,Matches
318,Lamare Bogarde,nlNED,"DF,MF",Aston Villa,21-118,2004.0,5.3,2,0,0,8,11,0,0,1,6,0,0,0,13,6,6,50.0,Matches
319,Leandro Trossard,beBEL,FW,Arsenal,30-150,1994.0,25.2,4,1,1,24,41,5,78,9,16,0,0,0,90,6,21,22.2,Matches
320,Leif Davis,engENG,DF,Ipswich Town,25-111,2000.0,28.5,5,1,0,25,30,3,148,25,26,0,2,0,111,33,22,60.0,Matches
321,Leny Yoro,frFRA,DF,Manchester Utd,19-171,2005.0,11.9,5,0,0,9,2,1,1,17,10,0,0,0,41,16,15,51.6,Matches
322,Leon Bailey,jmJAM,"FW,MF",Aston Villa,27-267,1997.0,12.6,3,0,0,12,18,3,34,3,4,1,0,0,59,6,9,40.0,Matches
323,Lesley Ugochukwu,frFRA,MF,Southampton,21-038,2004.0,16.1,5,0,0,26,14,0,6,12,22,0,1,0,59,18,17,51.4,Matches
324,Levi Colwill,engENG,DF,Chelsea,22-066,2003.0,31.0,8,0,0,42,18,4,13,31,28,0,1,0,108,76,51,59.8,Matches
325,Lewis Cook,engENG,"MF,DF",Bournemouth,28-089,1997.0,30.3,8,0,0,46,10,3,126,40,41,0,1,0,178,40,34,54.1,Matches
326,Lewis Dunk,engENG,DF,Brighton,33-163,1991.0,22.1,5,0,0,7,10,2,5,12,10,0,0,1,102,49,30,62.0,Matches
327,Lewis Hall,engENG,DF,Newcastle Utd,20-237,2004.0,24.3,3,0,0,9,21,1,110,18,41,0,0,0,119,30,31,49.2,Matches
328,Lewis Miley,engENG,MF,Newcastle Utd,19-002,2006.0,2.8,0,0,0,3,1,0,0,2,9,0,0,0,16,5,5,50.0,Matches
329,Lewis Orford,engENG,MF,West Ham,19-074,2006.0,0.5,0,0,0,0,0,0,1,1,0,0,0,0,7,0,1,0.0,Matches
330,Liam Delap,engENG,FW,Ipswich Town,22-084,2003.0,26.9,9,0,0,65,48,13,5,2,7,2,0,0,64,52,67,43.7,Matches
331,Lisandro Martínez,arARG,DF,Manchester Utd,27-105,1998.0,19.5,7,0,0,22,7,0,9,32,24,0,0,0,81,16,13,55.2,Matches
332,Lloyd Kelly,engENG,DF,Newcastle Utd,26-209,1998.0,3.4,2,0,0,5,5,1,1,1,4,0,0,0,19,6,2,75.0,Matches
333,Lucas Bergvall,seSWE,MF,Tottenham,19-090,2006.0,13.5,3,0,0,20,17,0,21,24,19,0,0,0,73,9,8,52.9,Matches
334,Lucas Digne,frFRA,DF,Aston Villa,31-287,1993.0,24.9,4,0,0,20,14,7,138,25,36,0,0,0,98,34,26,56.7,Matches
335,Lucas Paquetá,brBRA,"MF,FW",West Ham,27-249,1997.0,25.1,8,0,0,49,57,6,28,17,35,0,1,0,140,47,57,45.2,Matches
336,Luis Díaz,coCOL,FW,Liverpool,28-110,1997.0,24.7,2,0,0,48,30,10,30,7,21,2,0,0,98,12,33,26.7,Matches
337,Luis Guilherme,brBRA,"MF,FW",West Ham,19-083,2006.0,1.5,0,0,0,0,4,0,8,3,0,0,0,0,7,2,1,66.7,Matches
338,Luis Sinisterra,coCOL,"FW,MF",Bournemouth,25-320,1999.0,2.6,0,0,0,4,2,1,7,1,2,0,0,0,17,3,7,30.0,Matches
339,Luke Shaw,engENG,DF,Manchester Utd,29-295,1995.0,1.9,1,0,0,2,0,0,9,2,2,0,0,0,9,3,0,100.0,Matches
340,Luke Thomas,engENG,DF,Leicester City,23-327,2001.0,8.7,1,0,0,4,6,0,20,15,20,0,1,0,32,9,11,45.0,Matches
341,Luke Woolfenden,engENG,DF,Ipswich Town,26-194,1998.0,12.2,2,0,0,5,2,1,0,18,6,0,0,0,35,15,12,55.6,Matches
342,Mads Hermansen,dkDEN,GK,Leicester City,24-296,2000.0,26.5,1,0,0,0,3,0,0,0,1,0,0,0,17,4,1,80.0,Matches
343,Mads Roerslev,dkDEN,DF,Brentford,25-313,1999.0,12.2,2,0,0,6,10,0,31,4,8,0,0,0,39,10,14,41.7,Matches
344,Malo Gusto,frFRA,DF,Chelsea,21-349,2003.0,20.2,4,0,0,20,18,2,51,23,28,0,0,0,114,8,15,34.8,Matches
345,Manuel Akanji,chSUI,DF,Manchester City,29-288,1995.0,19.4,3,0,0,16,9,0,11,7,11,0,0,0,89,26,29,47.3,Matches
346,Manuel Ugarte Ribeiro,uyURU,MF,Manchester Utd,24-022,2001.0,18.0,9,0,0,35,31,0,7,25,43,0,0,1,111,17,18,48.6,Matches
347,Marc Cucurella,esESP,DF,Chelsea,26-285,1998.0,29.2,10,1,1,33,32,3,29,23,38,0,0,0,110,29,51,36.3,Matches
348,Marc Guiu,esESP,FW,Chelsea,19-119,2006.0,0.8,0,0,0,0,0,0,0,0,1,0,0,0,2,0,1,0.0,Matches
349,Marc Guéhi,engENG,DF,Crystal Palace,24-294,2000.0,32.0,9,1,1,22,26,1,13,25,31,0,0,3,135,66,50,56.9,Matches
350,Marco Asensio,esESP,"MF,FW",Aston Villa,29-102,1996.0,5.3,1,0,0,8,6,2,22,1,5,0,0,0,20,0,1,0.0,Matches
351,Marcos Senesi,arARG,DF,Bournemouth,27-358,1997.0,11.3,5,0,0,19,7,0,10,11,21,0,0,0,67,23,27,46.0,Matches
352,Marcus Harness,engENG,MF,Ipswich Town,29-068,1996.0,0.5,0,0,0,0,0,1,0,0,0,0,0,0,2,0,0,,Matches
353,Marcus Rashford,engENG,FW,Aston Villa,27-184,1997.0,4.9,0,0,0,1,3,1,28,1,7,0,0,0,14,1,8,11.1,Matches
354,Marcus Rashford,engENG,"FW,MF",Manchester Utd,27-184,1997.0,10.9,2,0,0,8,7,7,27,4,4,0,0,0,24,5,7,41.7,Matches
355,Marcus Tavernier,engENG,"FW,MF",Bournemouth,26-042,1999.0,17.6,5,0,0,25,20,4,89,4,23,0,0,0,96,24,31,43.6,Matches
356,Mario Lemina,gaGAB,"MF,DF",Wolves,31-244,1993.0,15.2,4,0,0,17,8,4,10,27,31,0,1,0,73,25,16,61.0,Matches
357,Mark Flekken,nlNED,GK,Brentford,31-324,1993.0,32.4,1,0,0,0,3,0,0,0,4,0,0,0,36,4,0,100.0,Matches
358,Mark Travers,ieIRL,GK,Bournemouth,25-350,1999.0,5.0,0,0,0,0,1,0,0,0,0,0,0,0,3,1,0,100.0,Matches
359,Marshall Munetsi,zwZIM,"MF,FW",Wolves,28-315,1996.0,9.8,0,0,0,15,10,3,6,6,10,0,0,0,31,24,18,57.1,Matches
360,Martial Godo,engENG,FW,Fulham,22-050,2003.0,0.2,0,0,0,0,0,0,1,1,0,0,0,0,0,0,1,0.0,Matches
361,Martin Dúbravka,skSVK,GK,Newcastle Utd,36-108,1989.0,10.0,0,0,0,0,1,0,0,0,0,0,0,0,18,4,0,100.0,Matches
362,Martin Ødegaard,noNOR,MF,Arsenal,26-137,1998.0,22.7,4,0,0,10,20,1,80,4,11,0,0,0,86,8,7,53.3,Matches
363,Mason Holgate,engENG,"FW,DF",Everton,28-193,1996.0,0.1,0,0,0,0,0,0,0,0,0,0,0,0,0,0,1,0.0,Matches
364,Mason Mount,engENG,"MF,FW",Manchester Utd,26-113,1999.0,4.2,3,0,0,13,7,0,9,2,2,0,0,0,11,3,6,33.3,Matches
365,Massimo Luongo,auAUS,MF,Ipswich Town,32-220,1992.0,2.2,0,0,0,1,2,0,1,2,5,0,0,0,10,1,0,100.0,Matches
366,Mateo Kovačić,hrCRO,MF,Manchester City,30-362,1994.0,22.8,5,0,0,23,23,0,0,20,38,0,0,0,110,9,8,52.9,Matches
367,Mateus Fernandes,ptPOR,MF,Southampton,20-297,2004.0,28.7,8,0,0,40,52,3,102,21,43,0,0,0,162,13,9,59.1,Matches
368,Matheus Cunha,brBRA,"MF,FW",Wolves,25-341,1999.0,26.9,3,0,0,41,69,8,123,17,21,0,0,0,123,10,27,27.0,Matches
369,Matheus França,brBRA,"FW,MF",Crystal Palace,21-032,2004.0,0.3,0,0,0,0,0,0,1,0,0,0,0,0,2,0,0,,Matches
370,Matheus Nunes,ptPOR,"DF,MF",Manchester City,26-249,1998.0,16.6,4,0,0,28,17,6,39,13,21,0,1,0,60,13,16,44.8,Matches
371,Mathias Jensen,dkDEN,MF,Brentford,29-122,1996.0,8.8,2,0,0,7,10,0,31,8,9,0,0,0,45,8,5,61.5,Matches
372,Mathis Amougou,frFRA,MF,Chelsea,19-105,2006.0,0.1,0,0,0,0,0,0,0,0,0,0,0,0,2,0,0,,Matches
373,Mathys Tel,frFRA,FW,Tottenham,20-006,2005.0,6.2,0,0,0,6,7,0,25,0,2,0,0,0,27,1,2,33.3,Matches
374,Mats Wieffer,nlNED,"MF,DF",Brighton,25-168,1999.0,7.7,4,0,0,17,6,1,7,11,19,0,0,0,54,23,18,56.1,Matches
375,Matt Doherty,ieIRL,DF,Wolves,33-107,1992.0,21.8,6,0,0,18,11,2,18,21,20,0,0,1,99,48,19,71.6,Matches
376,Matt O'Riley,dkDEN,MF,Brighton,24-163,2000.0,8.4,1,0,0,11,11,1,42,12,9,1,0,1,23,4,7,36.4,Matches
377,Matt Targett,engENG,DF,Newcastle Utd,29-227,1995.0,0.2,0,0,0,0,0,0,1,1,0,0,0,0,2,0,0,,Matches
378,Matthijs de Ligt,nlNED,DF,Manchester Utd,25-264,1999.0,23.2,3,0,0,16,12,2,6,33,22,0,2,0,66,57,29,66.3,Matches
379,Matty Cash,plPOL,DF,Aston Villa,27-269,1997.0,19.0,6,0,0,24,15,1,30,21,26,0,2,0,61,17,19,47.2,Matches
380,Matz Sels,beBEL,GK,Nott'ham Forest,33-066,1992.0,34.0,3,0,0,0,10,0,0,0,1,0,0,0,11,14,2,87.5,Matches
381,Max Aarons,engENG,DF,Bournemouth,25-119,2000.0,1.0,0,0,0,0,2,0,2,1,2,0,0,0,7,0,0,,Matches
382,Max Kilman,engENG,DF,West Ham,27-345,1997.0,33.2,4,0,0,17,12,2,3,37,17,0,0,0,135,101,48,67.8,Matches
383,Maxence Lacroix,frFRA,DF,Crystal Palace,25-027,2000.0,30.6,5,0,0,31,18,1,6,50,40,0,1,0,121,54,44,55.1,Matches
384,Maxwel Cornet,ciCIV,FW,Southampton,28-218,1996.0,0.8,1,0,0,0,1,1,3,0,5,0,0,0,2,3,0,100.0,Matches
385,Michael Kayode,itITA,DF,Brentford,20-297,2004.0,2.3,1,0,0,5,1,0,7,2,7,0,0,0,15,1,1,50.0,Matches
386,Michael Keane,engENG,DF,Everton,32-112,1993.0,9.5,5,0,0,9,0,0,1,10,7,0,0,0,24,20,14,58.8,Matches
387,Michail Antonio,jmJAM,FW,West Ham,35-036,1990.0,9.3,1,0,0,12,7,4,25,0,2,0,0,0,22,17,22,43.6,Matches
388,Micky van de Ven,nlNED,DF,Tottenham,24-014,2001.0,10.6,4,0,0,10,8,0,0,10,6,0,0,0,61,19,18,51.4,Matches
389,Miguel Almirón,pyPAR,FW,Newcastle Utd,31-082,1994.0,1.7,0,0,0,1,3,2,0,0,2,0,0,0,4,0,2,0.0,Matches
390,Mikel Merino,esESP,"MF,FW",Arsenal,28-315,1996.0,15.6,2,0,0,35,20,7,12,13,22,0,0,0,76,57,52,52.3,Matches
391,Mikey Moore,engENG,"FW,MF",Tottenham,17-265,2007.0,2.1,0,0,0,3,4,2,12,1,0,0,0,0,5,1,4,20.0,Matches
392,Mikkel Damsgaard,dkDEN,"MF,FW",Brentford,24-304,2000.0,28.6,2,0,0,17,26,6,122,25,41,0,0,0,156,12,25,32.4,Matches
393,Milos Kerkez,huHUN,DF,Bournemouth,21-177,2003.0,33.2,4,0,0,27,44,1,120,40,26,0,0,0,153,25,46,35.2,Matches
394,Mohamed Salah,egEGY,FW,Liverpool,32-322,1992.0,33.5,1,0,0,22,33,16,67,7,11,0,0,0,93,9,12,42.9,Matches
395,Mohammed Kudus,ghGHA,"FW,MF",West Ham,24-274,2000.0,25.9,1,1,0,35,58,18,70,4,19,0,0,0,125,10,35,22.2,Matches
396,Moisés Caicedo,ecECU,MF,Chelsea,23-182,2001.0,33.2,10,0,0,61,54,0,8,47,63,1,1,0,197,30,15,66.7,Matches
397,Morato,brBRA,DF,Nott'ham Forest,23-307,2001.0,8.9,2,0,0,10,2,0,0,10,13,0,0,0,31,5,13,27.8,Matches
398,Morgan Gibbs-White,engENG,MF,Nott'ham Forest,25-096,2000.0,27.2,10,1,1,33,36,7,37,18,18,1,0,0,114,37,47,44.0,Matches
399,Morgan Rogers,engENG,"FW,MF",Aston Villa,22-281,2002.0,30.7,9,0,0,46,47,2,21,5,18,1,0,0,103,11,43,20.4,Matches
400,Murillo,brBRA,DF,Nott'ham Forest,22-303,2002.0,32.5,5,0,0,25,4,0,12,30,36,0,1,0,129,42,19,68.9,Matches
401,Mykhailo Mudryk,uaUKR,FW,Chelsea,24-118,2001.0,1.7,0,0,0,2,2,1,7,0,2,0,0,0,9,2,4,33.3,Matches
402,Myles Lewis-Skelly,engENG,DF,Arsenal,18-219,2006.0,12.0,2,2,0,10,35,0,8,6,14,0,1,0,42,7,7,50.0,Matches
403,Nasser Djiga,bfBFA,"DF,FW",Wolves,22-169,2002.0,0.2,0,0,0,0,0,0,0,2,0,0,0,0,1,1,1,50.0,Matches
404,Nathan Aké,nlNED,DF,Manchester City,30-074,1995.0,7.5,0,0,0,2,0,0,1,3,7,0,0,0,24,13,10,56.5,Matches
405,Nathan Broadhead,wlsWAL,"MF,FW",Ipswich Town,27-028,1998.0,6.7,1,0,0,4,13,2,9,4,3,0,0,0,30,1,9,10.0,Matches
406,Nathan Butler-Oyedeji,engENG,FW,Arsenal,22-119,2003.0,0.1,0,0,0,0,0,0,0,0,0,0,0,0,0,0,0,,Matches
407,Nathan Collins,ieIRL,DF,Brentford,24-003,2001.0,34.0,5,0,0,24,25,6,7,32,21,2,0,0,148,110,59,65.1,Matches
408,Nathan Patterson,sctSCO,DF,Everton,23-199,2001.0,3.0,0,0,0,4,1,0,8,1,4,0,0,0,9,1,5,16.7,Matches
409,Nathan Wood-Gordon,engENG,DF,Southampton,22-337,2002.0,6.9,2,0,0,8,4,0,3,4,7,0,0,0,20,11,7,61.1,Matches
410,Nathaniel Clyne,engENG,"DF,MF",Crystal Palace,34-028,1991.0,5.4,1,0,0,2,2,0,7,3,8,0,0,0,10,1,7,12.5,Matches
411,Neco Williams,wlsWAL,DF,Nott'ham Forest,24-020,2001.0,24.8,6,0,0,22,37,1,43,24,44,0,0,0,94,35,28,55.6,Matches
412,Neto,brBRA,GK,Bournemouth,35-288,1989.0,2.0,0,0,0,0,2,0,0,0,0,0,0,0,3,0,0,,Matches
413,Nick Pope,engENG,GK,Newcastle Utd,33-014,1992.0,24.0,2,0,0,2,5,0,0,1,0,0,2,0,19,11,1,91.7,Matches
414,Niclas Füllkrug,deGER,FW,West Ham,32-083,1993.0,6.5,2,0,0,14,4,7,1,0,2,0,0,0,10,26,36,41.9,Matches
415,Nico O’Reilly,engENG,DF,Manchester City,20-043,2005.0,5.7,0,0,0,6,4,1,8,4,4,0,0,0,29,5,7,41.7,Matches
416,Nicolas Jackson,snSEN,FW,Chelsea,23-317,2001.0,23.5,7,0,0,32,29,19,3,3,11,0,0,0,44,18,35,34.0,Matches
417,Nicolás Domínguez,arARG,"MF,FW",Nott'ham Forest,26-309,1998.0,18.5,8,0,0,29,15,1,5,27,40,0,0,0,102,21,19,52.5,Matches
418,Nicolás González,esESP,MF,Manchester City,23-120,2002.0,7.2,3,0,0,11,4,0,0,5,6,0,0,0,31,16,11,59.3,Matches
419,Nikola Milenković,rsSRB,DF,Nott'ham Forest,27-203,1997.0,33.0,4,0,0,17,4,1,0,24,26,0,0,0,74,92,36,71.9,Matches
420,Noni Madueke,engENG,FW,Chelsea,23-054,2002.0,19.1,3,0,0,20,24,4,58,8,15,0,0,0,67,10,15,40.0,Matches
421,Noussair Mazraoui,maMAR,DF,Manchester Utd,27-170,1997.0,29.3,2,0,0,37,22,3,20,34,60,0,1,0,141,47,28,62.7,Matches
422,Nélson Semedo,ptPOR,DF,Wolves,31-168,1993.0,29.6,7,0,0,44,28,4,58,23,34,0,1,0,121,27,41,39.7,Matches
423,Odsonne Édouard,frFRA,"MF,FW",Crystal Palace,27-107,1998.0,1.3,0,0,0,4,0,2,1,0,0,0,0,0,5,1,4,20.0,Matches
424,Odsonne Édouard,frFRA,FW,Leicester City,27-107,1998.0,0.3,0,0,0,2,0,0,0,0,1,0,0,0,1,1,1,50.0,Matches
425,Ola Aina,ngNGA,DF,Nott'ham Forest,28-207,1996.0,29.4,2,0,0,21,33,2,46,31,41,0,1,0,166,12,18,40.0,Matches
426,Oleksandr Zinchenko,uaUKR,"DF,MF",Arsenal,28-139,1996.0,5.0,1,0,0,8,3,1,10,4,1,0,0,0,16,11,11,50.0,Matches
427,Oliver Scarles,engENG,DF,West Ham,19-142,2005.0,6.6,1,0,0,4,3,1,13,10,11,0,0,0,33,5,5,50.0,Matches
428,Oliver Skipp,engENG,MF,Leicester City,24-229,2000.0,10.1,7,0,0,17,13,0,4,9,4,0,0,0,37,10,5,66.7,Matches
429,Ollie Watkins,engENG,FW,Aston Villa,29-124,1995.0,25.1,2,0,0,27,29,12,7,7,6,2,0,0,39,46,61,43.0,Matches
430,Omar Marmoush,egEGY,"FW,MF",Manchester City,26-085,1999.0,11.1,0,0,0,13,17,9,25,5,6,1,0,0,32,5,8,38.5,Matches
431,Omari Hutchinson,engENG,"MF,FW",Ipswich Town,21-185,2003.0,24.7,5,0,0,28,36,4,56,10,11,0,0,0,90,6,22,21.4,Matches
432,Orel Mangala,beBEL,MF,Everton,27-046,1998.0,14.0,2,0,0,24,17,2,6,21,8,0,0,0,49,6,8,42.9,Matches
433,Oscar Bobb,noNOR,FW,Manchester City,21-295,2003.0,0.2,0,0,0,0,1,0,0,0,0,0,0,0,1,0,0,,Matches
434,Pablo Sarabia,esESP,"MF,FW",Wolves,32-357,1992.0,8.0,3,0,0,14,15,5,40,4,8,0,0,0,29,4,12,25.0,Matches
435,Pape Matar Sarr,snSEN,MF,Tottenham,22-231,2002.0,18.2,6,0,0,28,31,2,14,24,30,0,1,0,105,24,36,40.0,Matches
436,Patrick Dorgu,dkDEN,DF,Manchester Utd,20-189,2004.0,6.5,3,1,0,13,19,3,28,4,17,0,0,0,26,11,5,68.8,Matches
437,Patson Daka,zmZAM,"FW,MF",Leicester City,26-206,1998.0,7.2,0,0,0,11,16,3,3,1,9,0,0,0,17,10,27,27.0,Matches
438,Pau Torres,esESP,DF,Aston Villa,28-107,1997.0,19.2,1,0,0,6,7,0,1,9,14,0,0,0,53,16,22,42.1,Matches
439,Paul Onuachu,ngNGA,FW,Southampton,30-340,1994.0,10.9,4,0,0,26,15,9,0,1,2,0,0,0,17,88,54,62.0,Matches
440,Pedro Lima,brBRA,DF,Wolves,18-306,2006.0,0.8,0,0,0,1,1,1,5,2,0,0,0,0,3,0,3,0.0,Matches
441,Pedro Neto,ptPOR,FW,Chelsea,25-055,2000.0,21.4,8,0,0,18,29,3,131,8,9,0,0,0,70,10,26,27.8,Matches
442,Pedro Porro,esESP,DF,Tottenham,25-232,1999.0,27.4,4,0,0,24,30,1,191,34,46,0,0,0,148,11,22,33.3,Matches
443,Pervis Estupiñán,ecECU,DF,Brighton,27-102,1998.0,23.7,5,0,0,33,16,3,111,30,36,0,0,0,135,41,26,61.2,Matches
444,Phil Foden,engENG,"MF,FW",Manchester City,24-340,2000.0,18.8,2,0,0,5,32,3,73,9,5,0,0,0,59,3,8,27.3,Matches
445,Philip Billing,dkDEN,MF,Bournemouth,28-326,1996.0,2.0,1,0,0,3,2,0,10,5,5,0,0,0,14,6,4,60.0,Matches
446,Radu Drăgușin,roROU,DF,Tottenham,23-089,2002.0,13.9,1,0,0,6,10,0,1,15,6,0,0,0,48,33,22,60.0,Matches
447,Raheem Sterling,engENG,"FW,MF",Arsenal,30-146,1994.0,4.8,1,0,0,12,3,4,14,1,4,0,0,0,13,1,3,25.0,Matches
448,Ramón Sosa,pyPAR,"FW,MF",Nott'ham Forest,25-245,1999.0,3.0,1,0,0,6,8,3,8,3,3,0,0,0,21,4,7,36.4,Matches
449,Rasmus Højlund,dkDEN,FW,Manchester Utd,22-088,2003.0,19.4,2,0,0,15,26,11,6,1,1,1,0,0,30,23,82,21.9,Matches
450,Rayan Aït-Nouri,dzALG,DF,Wolves,23-331,2001.0,31.8,7,1,1,30,39,5,86,24,52,0,0,0,133,20,28,41.7,Matches
451,Raúl Jiménez,mxMEX,FW,Fulham,33-363,1991.0,23.7,4,0,0,35,36,14,20,9,18,1,0,0,70,72,83,46.5,Matches
452,Reece James,engENG,"DF,MF",Chelsea,25-146,1999.0,9.3,1,0,0,6,10,0,38,12,9,0,0,0,53,21,6,77.8,Matches
453,Reiss Nelson,engENG,FW,Fulham,25-144,1999.0,5.4,1,0,0,6,9,1,23,5,6,0,0,0,29,0,4,0.0,Matches
454,Reiss Nelson,engENG,FW,Arsenal,25-144,1999.0,0.0,0,0,0,1,1,0,0,0,0,0,0,0,0,0,0,,Matches
455,Remy Rees-Dottin,engENG,FW,Bournemouth,19-058,2006.0,0.0,0,0,0,0,0,0,0,0,0,0,0,0,0,0,0,,Matches
456,Renato Veiga,ptPOR,"DF,MF",Chelsea,21-278,2003.0,2.0,2,0,0,6,1,1,0,1,6,0,0,0,9,3,3,50.0,Matches
457,Ricardo Pereira,ptPOR,DF,Leicester City,31-209,1993.0,3.8,1,0,0,4,6,0,3,2,6,0,0,0,16,4,2,66.7,Matches
458,Riccardo Calafiori,itITA,DF,Arsenal,22-349,2002.0,10.3,4,0,0,16,6,3,11,9,18,0,0,0,30,22,13,62.9,Matches
459,Richarlison,brBRA,FW,Tottenham,27-358,1997.0,4.5,2,0,0,6,9,1,7,0,3,0,0,0,8,8,17,32.0,Matches
460,Rico Henry,engENG,DF,Brentford,27-299,1997.0,0.7,0,0,0,1,1,0,0,1,0,0,0,0,3,1,1,50.0,Matches
461,Rico Lewis,engENG,"DF,MF",Manchester City,20-163,2004.0,20.2,5,1,1,11,33,0,3,13,19,0,0,0,94,5,13,27.8,Matches
462,Robert Sánchez,esESP,GK,Chelsea,27-166,1997.0,28.0,5,0,0,2,4,0,0,2,0,0,2,0,41,8,0,100.0,Matches
463,Robin Olsen,seSWE,GK,Aston Villa,35-115,1990.0,2.0,0,0,0,0,0,0,0,0,0,0,0,0,2,0,0,,Matches
464,Rodri,esESP,MF,Manchester City,28-315,1996.0,0.7,0,0,0,1,2,0,0,1,1,0,0,0,7,1,0,100.0,Matches
465,Rodrigo Bentancur,uyURU,MF,Tottenham,27-312,1997.0,16.9,7,0,0,31,10,1,4,36,20,0,0,0,111,35,27,56.5,Matches
466,Rodrigo Gomes,ptPOR,"DF,FW",Wolves,21-300,2003.0,7.5,0,0,0,3,5,0,19,5,13,0,0,0,24,6,15,28.6,Matches
467,Rodrigo Muniz,brBRA,FW,Fulham,23-364,2001.0,10.7,1,0,0,11,31,3,1,5,5,0,0,0,14,67,63,51.5,Matches
468,Romain Esse,engENG,MF,Crystal Palace,19-355,2005.0,0.4,0,0,0,0,0,0,0,1,2,0,0,0,1,1,0,100.0,Matches
469,Roman Dixon,engENG,DF,Everton,20-128,2004.0,1.0,0,0,0,0,0,0,0,1,5,0,0,0,6,0,3,0.0,Matches
470,Roméo Lavia,beBEL,MF,Chelsea,21-117,2004.0,6.7,4,0,0,12,3,0,0,13,11,0,1,0,30,10,2,83.3,Matches
471,Ronnie Edwards,engENG,DF,Southampton,22-036,2003.0,0.1,0,0,0,0,0,0,0,0,0,0,0,0,0,0,0,,Matches
472,Ross Barkley,engENG,MF,Aston Villa,31-149,1993.0,6.3,3,0,0,8,3,0,1,10,3,0,0,0,40,6,4,60.0,Matches
473,Ross Stewart,sctSCO,FW,Southampton,28-296,1996.0,2.7,1,0,0,6,5,1,0,0,2,0,0,0,2,7,13,35.0,Matches
474,Ryan Christie,sctSCO,MF,Bournemouth,30-070,1995.0,23.5,9,0,0,43,31,1,48,30,33,0,0,0,182,20,28,41.7,Matches
475,Ryan Fraser,sctSCO,"FW,DF",Southampton,31-068,1994.0,3.4,0,1,0,1,4,1,12,1,2,0,1,0,10,2,3,40.0,Matches
476,Ryan Gravenberch,nlNED,MF,Liverpool,22-352,2002.0,32.5,5,0,0,42,46,0,6,57,34,0,0,0,182,26,14,65.0,Matches
477,Ryan Manning,ieIRL,"DF,MF",Southampton,28-323,1996.0,15.2,2,0,0,19,30,0,77,16,17,0,0,0,62,13,5,72.2,Matches
478,Ryan Sessegnon,engENG,"FW,DF",Fulham,24-350,2000.0,4.6,0,0,0,14,4,1,13,2,10,0,0,0,20,7,9,43.8,Matches
479,Ryan Trevitt,engENG,MF,Brentford,22-052,2003.0,0.0,0,0,0,0,0,0,0,0,1,0,0,0,2,0,0,,Matches
480,Ryan Yates,engENG,MF,Nott'ham Forest,27-163,1997.0,20.7,9,0,0,51,48,6,5,26,21,0,0,0,93,43,30,58.9,Matches
481,Rúben Dias,ptPOR,DF,Manchester City,27-354,1997.0,22.2,4,0,0,12,8,0,3,18,10,0,1,1,68,30,31,49.2,Matches
482,Sam Johnstone,engENG,GK,Wolves,32-039,1993.0,7.0,0,0,0,0,0,0,0,0,0,0,0,0,9,4,0,100.0,Matches
483,Sam Morsy,egEGY,MF,Ipswich Town,33-235,1991.0,26.9,9,0,0,44,23,0,12,28,34,0,1,1,138,16,23,41.0,Matches
484,Sammie Szmodics,ieIRL,"FW,MF",Ipswich Town,29-221,1995.0,10.9,2,0,0,9,8,8,13,6,9,0,1,0,41,6,11,35.3,Matches
485,Samuel Amo-Ameyaw,engENG,"FW,DF",Southampton,18-289,2006.0,0.3,1,0,0,1,2,0,2,0,0,0,0,0,1,0,1,0.0,Matches
486,Samuel Edozie,engENG,"DF,FW",Southampton,22-095,2003.0,0.7,1,0,0,2,1,0,4,0,1,0,0,0,1,0,0,,Matches
487,Sander Berge,noNOR,MF,Fulham,27-078,1998.0,22.4,4,0,0,27,8,0,3,20,28,0,0,0,116,25,20,55.6,Matches
488,Sandro Tonali,itITA,MF,Newcastle Utd,24-360,2000.0,25.2,5,0,0,36,40,2,30,30,29,1,0,0,162,12,11,52.2,Matches
489,Santiago Bueno,uyURU,DF,Wolves,26-175,1998.0,18.7,2,0,0,26,5,0,0,15,21,0,0,0,43,35,31,53.0,Matches
490,Saša Lukić,rsSRB,MF,Fulham,28-263,1996.0,23.1,12,0,0,58,25,0,53,25,36,0,0,0,103,18,23,43.9,Matches
491,Scott McTominay,sctSCO,MF,Manchester Utd,28-146,1996.0,0.2,0,0,0,0,0,0,0,0,0,0,0,0,1,1,0,100.0,Matches
492,Sean Longstaff,engENG,MF,Newcastle Utd,27-185,1997.0,8.9,2,0,0,9,6,0,5,7,16,0,0,0,31,7,7,50.0,Matches
493,Sepp van den Berg,nlNED,DF,Brentford,23-134,2001.0,24.7,2,0,0,19,5,1,7,19,22,1,0,0,81,83,65,56.1,Matches
494,Sergio Reguilón,esESP,DF,Tottenham,28-138,1996.0,1.4,2,0,0,2,5,0,10,2,3,0,0,0,9,5,2,71.4,Matches
495,Shumaira Mheuka,engENG,MF,Chelsea,17-195,2007.0,0.0,0,0,0,0,0,0,0,0,0,0,0,0,0,1,0,100.0,Matches
496,Simon Adingra,ciCIV,"FW,MF",Brighton,23-122,2002.0,9.9,0,0,0,10,2,2,34,8,13,0,0,0,38,5,3,62.5,Matches
497,Solly March,engENG,"FW,MF",Brighton,30-287,1994.0,1.9,2,0,0,2,2,3,20,2,3,0,0,0,7,1,2,33.3,Matches
498,Son Heung-min,krKOR,FW,Tottenham,32-299,1992.0,22.3,1,0,0,5,28,11,75,5,9,1,0,0,81,6,11,35.3,Matches
499,Stefan Ortega,deGER,GK,Manchester City,32-178,1992.0,12.2,1,0,0,1,2,0,0,0,0,0,1,0,8,2,0,100.0,Matches
500,Stephy Mavididi,engENG,FW,Leicester City,26-337,1998.0,17.9,2,0,0,18,18,3,69,11,19,0,0,0,83,9,15,37.5,Matches
501,Sven Botman,nlNED,DF,Newcastle Utd,25-111,2000.0,2.6,1,0,0,4,2,0,0,4,4,0,0,0,8,11,6,64.7,Matches
502,Sávio,brBRA,"FW,MF",Manchester City,21-023,2004.0,19.3,3,0,0,17,27,3,81,6,16,2,0,0,79,1,2,33.3,Matches
503,Séamus Coleman,ieIRL,DF,Everton,36-204,1988.0,2.2,1,0,0,0,1,0,3,1,1,0,0,0,7,1,1,50.0,Matches
504,Taiwo Awoniyi,ngNGA,FW,Nott'ham Forest,27-264,1997.0,4.5,0,0,0,8,10,1,2,0,3,0,0,0,18,13,38,25.5,Matches
505,Takehiro Tomiyasu,jpJPN,DF,Arsenal,26-179,1998.0,0.1,0,0,0,0,0,0,0,0,0,0,0,0,0,0,0,,Matches
506,Tariq Lamptey,ghGHA,DF,Brighton,24-215,2000.0,8.5,0,0,0,12,10,0,24,6,10,0,1,0,35,1,12,7.7,Matches
507,Taylor Harwood-Bellis,engENG,DF,Southampton,23-093,2002.0,28.5,8,0,0,32,13,0,9,30,19,0,0,0,115,52,40,56.5,Matches
508,Thiago,brBRA,FW,Brentford,23-311,2001.0,1.5,0,0,0,3,3,1,1,2,2,0,0,0,9,4,3,57.1,Matches
509,Thomas Partey,ghGHA,"MF,DF",Arsenal,31-324,1993.0,27.1,4,0,0,39,27,1,12,32,48,0,0,0,120,26,21,55.3,Matches
510,Tim Iroegbunam,engENG,MF,Everton,21-307,2003.0,6.3,4,0,0,15,11,0,1,15,13,0,0,0,47,9,4,69.2,Matches
511,Timo Werner,deGER,"FW,MF",Tottenham,29-058,1996.0,5.7,0,0,0,3,5,5,28,1,4,0,0,0,18,0,1,0.0,Matches
512,Timothy Castagne,beBEL,DF,Fulham,29-149,1995.0,18.1,1,0,0,15,6,1,37,22,29,0,1,0,55,34,35,49.3,Matches
513,Toby Collyer,engENG,MF,Manchester Utd,21-120,2004.0,2.0,0,0,0,2,4,0,0,2,9,0,0,0,17,3,1,75.0,Matches
514,Tom Cairney,sctSCO,MF,Fulham,34-103,1991.0,5.5,3,1,0,8,17,0,17,4,5,0,0,0,44,4,8,33.3,Matches
515,Tommy Doyle,engENG,MF,Wolves,23-198,2001.0,5.4,1,0,0,5,5,0,15,5,6,0,0,0,43,1,6,14.3,Matches
516,Tomáš Souček,czCZE,MF,West Ham,30-065,1995.0,25.0,8,0,0,41,24,4,11,18,19,1,0,0,52,90,65,58.1,Matches
517,Tosin Adarabioyo,engENG,DF,Chelsea,27-221,1997.0,13.7,3,0,0,8,6,1,0,10,10,0,0,0,34,36,26,58.1,Matches
518,Toti Gomes,ptPOR,DF,Wolves,26-107,1999.0,26.0,6,0,0,23,14,4,13,23,38,0,1,0,100,48,24,66.7,Matches
519,Trent Alexander-Arnold,engENG,DF,Liverpool,26-208,1998.0,24.9,5,0,0,11,7,1,142,30,49,0,0,0,126,3,13,18.8,Matches
520,Trevoh Chalobah,engENG,DF,Chelsea,25-302,1999.0,8.3,1,0,0,6,5,0,3,7,4,0,0,0,25,22,10,68.8,Matches
521,Trevoh Chalobah,engENG,DF,Crystal Palace,25-302,1999.0,11.8,1,0,0,10,15,1,7,19,16,0,0,0,56,22,19,53.7,Matches
522,Tyler Adams,usUSA,MF,Bournemouth,26-078,1999.0,18.0,7,0,0,41,19,0,3,31,46,0,1,0,96,29,17,63.0,Matches
523,Tyler Dibling,engENG,"FW,MF",Southampton,19-052,2006.0,18.9,6,0,0,28,48,2,27,8,20,2,0,0,74,10,21,32.3,Matches
524,Tyler Fredricson,engENG,DF,Manchester Utd,20-069,2005.0,1.0,0,0,0,0,2,0,0,1,2,0,0,0,6,5,2,71.4,Matches
525,Tyrell Malacia,nlNED,DF,Manchester Utd,25-259,1999.0,1.1,1,0,0,3,2,0,1,1,1,0,0,0,3,0,0,,Matches
526,Tyrick Mitchell,engENG,DF,Crystal Palace,25-244,1999.0,31.7,2,0,0,20,22,2,97,14,52,0,0,0,152,18,21,46.2,Matches
527,Tyrique George,engENG,FW,Chelsea,19-088,2006.0,1.1,1,0,0,2,0,1,3,1,0,0,0,0,3,0,3,0.0,Matches
528,Tyrone Mings,engENG,DF,Aston Villa,32-051,1993.0,11.7,1,0,0,3,9,0,1,7,5,0,0,0,33,26,21,55.3,Matches
529,Valentino Livramento,engENG,DF,Newcastle Utd,22-172,2002.0,27.6,1,0,0,6,32,2,44,21,33,0,0,0,170,22,30,42.3,Matches
530,Victor Bernth Kristiansen,dkDEN,DF,Leicester City,22-138,2002.0,26.4,1,0,0,17,17,3,96,40,50,0,1,1,97,19,42,31.1,Matches
531,Victor Lindelöf,seSWE,DF,Manchester Utd,30-290,1994.0,5.2,1,0,0,7,1,0,1,7,1,0,0,0,11,10,13,43.5,Matches
532,Virgil van Dijk,nlNED,DF,Liverpool,33-299,1991.0,34.0,3,0,0,15,12,0,1,52,17,0,0,0,108,110,45,71.0,Matches
533,Vitaliy Mykolenko,uaUKR,DF,Everton,25-339,1999.0,30.2,2,0,0,20,28,3,86,36,32,0,1,0,77,44,36,55.0,Matches
534,Vitaly Janelt,deGER,MF,Brentford,26-358,1998.0,25.0,3,0,0,24,15,1,30,27,22,0,0,2,107,19,11,63.3,Matches
535,Vitezslav Jaros,czCZE,GK,Liverpool,23-284,2001.0,0.1,0,0,0,0,0,0,0,0,0,0,0,0,0,0,0,,Matches
536,Vitor Reis,brBRA,DF,Manchester City,19-111,2006.0,0.0,0,0,0,0,0,0,0,0,0,0,0,0,0,0,0,,Matches
537,Vladimír Coufal,czCZE,DF,West Ham,32-254,1992.0,9.6,4,0,0,20,14,0,20,8,11,0,0,1,28,18,12,60.0,Matches
538,Wataru Endo,jpJPN,MF,Liverpool,32-083,1993.0,1.9,0,0,0,14,6,0,0,3,6,0,0,0,7,2,3,40.0,Matches
539,Welington,brBRA,"DF,MF",Southampton,24-073,2001.0,2.4,1,0,0,3,5,0,10,3,5,0,1,0,10,0,2,0.0,Matches
540,Wes Burns,wlsWAL,"FW,DF",Ipswich Town,30-161,1994.0,10.3,1,0,0,4,11,0,46,10,11,0,0,0,50,8,21,27.6,Matches
541,Wesley Fofana,frFRA,DF,Chelsea,24-137,2000.0,13.0,7,0,0,24,16,0,1,14,12,0,0,0,54,27,12,69.2,Matches
542,Wilfred Ndidi,ngNGA,MF,Leicester City,28-138,1996.0,22.9,8,0,0,38,17,3,30,24,46,0,0,1,114,53,51,51.0,Matches
543,Will Alves,engENG,FW,Leicester City,20-089,2005.0,0.0,0,0,0,0,0,0,0,0,0,0,0,0,0,0,0,,Matches
544,Will Hughes,engENG,MF,Crystal Palace,30-016,1995.0,20.8,11,0,0,60,30,0,65,19,33,0,1,0,107,17,17,50.0,Matches
545,Will Lankshear,engENG,"FW,MF",Tottenham,20-013,2005.0,0.1,0,0,0,2,0,0,0,0,0,0,0,0,0,0,0,,Matches
546,William Osula,dkDEN,FW,Newcastle Utd,21-272,2003.0,1.2,0,0,0,2,1,1,1,4,0,0,0,0,2,4,1,80.0,Matches
547,William Saliba,frFRA,DF,Arsenal,24-040,2001.0,31.3,2,1,0,27,17,1,3,21,34,0,1,0,140,57,35,62.0,Matches
548,William Smallbone,ieIRL,MF,Southampton,25-071,2000.0,6.8,1,0,0,10,3,0,31,2,10,0,1,0,23,4,2,66.7,Matches
549,Willian,brBRA,"FW,MF",Fulham,36-267,1988.0,2.5,0,0,0,1,0,0,12,1,1,0,0,0,14,1,2,33.3,Matches
550,Willy Boly,ciCIV,DF,Nott'ham Forest,34-089,1991.0,1.7,1,0,0,1,0,0,0,3,1,0,0,0,5,6,2,75.0,Matches
551,Wilson Odobert,frFRA,FW,Tottenham,20-156,2004.0,6.0,0,0,0,0,3,0,20,3,2,0,0,0,27,3,4,42.9,Matches
552,Wout Faes,beBEL,DF,Leicester City,27-030,1998.0,27.3,4,0,0,21,9,1,5,26,23,0,0,0,84,41,34,54.7,Matches
553,Woyo Coulibaly,frFRA,DF,Leicester City,25-348,1999.0,1.2,1,0,0,2,1,0,0,5,4,0,0,0,14,0,3,0.0,Matches
554,Yankuba Minteh,gmGAM,"FW,MF",Brighton,20-285,2004.0,16.6,6,0,0,17,9,4,73,10,31,0,0,0,73,16,25,39.0,Matches
555,Yasin Ayari,seSWE,MF,Brighton,21-209,2003.0,19.3,3,0,0,31,23,3,64,20,29,0,0,0,105,13,19,40.6,Matches
556,Yehor Yarmoliuk,uaUKR,MF,Brentford,21-063,2004.0,12.5,5,0,0,12,9,2,13,10,23,0,0,0,89,8,6,57.1,Matches
557,Yerson Mosquera,coCOL,DF,Wolves,24-001,2001.0,4.9,2,0,0,6,7,1,2,10,7,0,0,0,24,11,6,64.7,Matches
558,Yoane Wissa,cdCOD,FW,Brentford,28-242,1996.0,28.4,2,0,0,26,46,14,20,8,11,1,0,0,63,28,34,45.2,Matches
559,Youri Tielemans,beBEL,MF,Aston Villa,27-361,1997.0,32.4,4,0,0,40,53,0,115,21,56,0,0,0,140,22,18,55.0,Matches
560,Youssef Chermiti,ptPOR,"FW,MF",Everton,20-344,2004.0,0.5,1,0,0,1,1,2,0,0,0,0,0,0,0,1,1,50.0,Matches
561,Yukinari Sugawara,jpJPN,"DF,MF",Southampton,24-309,2000.0,16.3,4,0,0,15,9,4,69,10,16,0,2,0,40,5,9,35.7,Matches
562,Yunus Emre Konak,trTUR,"FW,MF",Brentford,19-113,2006.0,0.5,0,0,0,3,1,0,0,0,4,0,0,0,2,5,8,38.5,Matches
563,Yves Bissouma,mlMLI,MF,Tottenham,28-246,1996.0,13.4,7,0,0,22,18,0,2,14,28,0,1,0,71,4,7,36.4,Matches
564,Zain Silcott-Duberry,msMSR,FW,Bournemouth,19-298,2005.0,0.0,0,0,0,0,0,0,0,0,1,0,0,0,0,0,1,0.0,Matches
565,Álex Moreno,esESP,"DF,MF",Nott'ham Forest,31-329,1993.0,10.6,2,0,0,12,6,0,19,15,18,0,0,0,50,3,11,21.4,Matches
566,İlkay Gündoğan,deGER,MF,Manchester City,34-191,1990.0,22.8,1,0,0,15,21,0,57,13,13,0,0,0,105,13,11,54.2,Matches
567,Łukasz Fabiański,plPOL,GK,West Ham,40-015,1985.0,11.9,2,0,0,2,1,0,0,0,0,0,2,0,5,2,1,66.7,Matches
