Rk,Player,Nation,Pos,Squad,Age,Born,MP,Starts,Min,90s,Gls,Ast,G+A,G-PK,PK,PKatt,CrdY,CrdR,xG,npxG,xAG,npxG+xAG,PrgCs,PrgPs,PrgRs,Gls.1,Ast.1,G+A.1,G-PK.1,G+A-PK,xG.1,xAG.1,xG+xAG,npxG.1,npxG+xAG.1,Matches
1,Aaron Cresswell,engENG,DF,West Ham,35-139,1989.0,14,7,589,6.5,0,0,0,0,0,0,2,0,0.1,0.1,1.1,1.3,4,24,2,0.0,0.0,0.0,0.0,0.0,0.02,0.17,0.19,0.02,0.19,Matches
2,Aaron Ramsdale,engENG,GK,Southampton,26-354,1998.0,26,26,"2,340",26.0,0,0,0,0,0,0,2,0,0.0,0.0,0.0,0.0,0,0,0,0.0,0.0,0.0,0.0,0.0,0.0,0.0,0.0,0.0,0.0,Matches
3,Aaron Wan-Bissaka,engENG,DF,West Ham,27-158,1997.0,32,31,"2,794",31.0,2,2,4,2,0,0,1,0,1.2,1.2,2.9,4.0,98,125,139,0.06,0.06,0.13,0.06,0.13,0.04,0.09,0.13,0.04,0.13,Matches
4,Abdoulaye Doucouré,mlMLI,MF,Everton,32-122,1993.0,30,29,"2,425",26.9,3,1,4,3,0,0,5,1,3.9,3.9,2.3,6.2,40,78,91,0.11,0.04,0.15,0.11,0.15,0.14,0.09,0.23,0.14,0.23,Matches
5,Abdukodir Khusanov,uzUZB,DF,Manchester City,21-063,2004.0,6,6,503,5.6,0,0,0,0,0,0,1,0,0.0,0.0,0.1,0.1,1,25,2,0.0,0.0,0.0,0.0,0.0,0.0,0.02,0.02,0.0,0.02,Matches
6,Abdul Fatawu Issahaku,ghGHA,FW,Leicester City,21-056,2004.0,11,6,579,6.4,0,2,2,0,0,0,0,0,0.4,0.4,1.6,2.0,42,17,60,0.0,0.31,0.31,0.0,0.31,0.06,0.24,0.31,0.06,0.31,Matches
7,Adam Armstrong,engENG,"FW,MF",Southampton,28-082,1997.0,20,15,"1,248",13.9,2,2,4,2,0,1,4,0,3.3,2.3,1.2,3.5,25,21,79,0.14,0.14,0.29,0.14,0.29,0.24,0.09,0.32,0.17,0.25,Matches
8,Adam Lallana,engENG,MF,Southampton,36-358,1988.0,14,5,361,4.0,0,2,2,0,0,0,4,0,0.2,0.2,0.9,1.1,6,24,10,0.0,0.5,0.5,0.0,0.5,0.04,0.23,0.27,0.04,0.27,Matches
9,Adam Smith,engENG,DF,Bournemouth,34-004,1991.0,22,17,"1,409",15.7,0,0,0,0,0,0,6,0,0.7,0.7,0.3,1.0,12,40,31,0.0,0.0,0.0,0.0,0.0,0.04,0.02,0.06,0.04,0.06,Matches
10,Adam Webster,engENG,DF,Brighton,30-119,1995.0,11,8,617,6.9,0,0,0,0,0,0,0,0,0.0,0.0,0.5,0.5,7,40,2,0.0,0.0,0.0,0.0,0.0,0.0,0.07,0.08,0.0,0.08,Matches
11,Adam Wharton,engENG,MF,Crystal Palace,20-335,2004.0,19,15,"1,258",14.0,0,2,2,0,0,0,2,0,0.3,0.3,3.0,3.3,14,105,10,0.0,0.14,0.14,0.0,0.14,0.02,0.21,0.24,0.02,0.24,Matches
12,Adama Traoré,esESP,"FW,MF",Fulham,29-098,1996.0,32,16,"1,568",17.4,2,6,8,2,0,0,2,0,3.8,3.8,4.7,8.5,87,61,143,0.11,0.34,0.46,0.11,0.46,0.22,0.27,0.49,0.22,0.49,Matches
13,Albert Grønbaek,dkDEN,"FW,MF",Southampton,23-345,2001.0,4,2,143,1.6,0,0,0,0,0,0,0,0,0.1,0.1,0.0,0.1,1,1,3,0.0,0.0,0.0,0.0,0.0,0.07,0.01,0.08,0.07,0.08,Matches
14,Alejandro Garnacho,arARG,"MF,FW",Manchester Utd,20-306,2004.0,33,22,"2,056",22.8,5,1,6,5,0,0,2,0,7.0,7.0,3.6,10.6,134,54,274,0.22,0.04,0.26,0.22,0.26,0.31,0.16,0.46,0.31,0.46,Matches
15,Alex Iwobi,ngNGA,"FW,MF",Fulham,29-000,1996.0,34,32,"2,721",30.2,9,6,15,9,0,0,1,0,4.5,4.5,6.5,11.0,132,196,221,0.3,0.2,0.5,0.3,0.5,0.15,0.22,0.36,0.15,0.36,Matches
16,Alex McCarthy,engENG,GK,Southampton,35-151,1989.0,5,5,450,5.0,0,0,0,0,0,0,0,0,0.0,0.0,0.0,0.0,0,0,0,0.0,0.0,0.0,0.0,0.0,0.0,0.0,0.0,0.0,0.0,Matches
17,Alex Palmer,engENG,GK,Ipswich Town,28-266,1996.0,10,10,900,10.0,0,0,0,0,0,0,2,0,0.0,0.0,0.0,0.0,0,1,0,0.0,0.0,0.0,0.0,0.0,0.0,0.0,0.0,0.0,0.0,Matches
18,Alex Scott,engENG,MF,Bournemouth,21-255,2003.0,17,7,683,7.6,0,0,0,0,0,0,2,0,0.7,0.7,0.8,1.5,14,48,32,0.0,0.0,0.0,0.0,0.0,0.09,0.11,0.19,0.09,0.19,Matches
19,Alexander Isak,seSWE,FW,Newcastle Utd,25-224,1999.0,31,31,"2,487",27.6,22,6,28,19,3,3,1,0,19.0,16.6,4.0,20.7,77,77,196,0.8,0.22,1.01,0.69,0.9,0.69,0.15,0.83,0.6,0.75,Matches
20,Alexis Mac Allister,arARG,MF,Liverpool,26-130,1998.0,33,30,"2,553",28.4,5,4,9,5,0,0,6,0,2.8,2.8,4.4,7.3,34,170,78,0.18,0.14,0.32,0.18,0.32,0.1,0.16,0.26,0.1,0.26,Matches
21,Alfie Dorrington,engENG,DF,Tottenham,20-013,2005.0,1,0,14,0.2,0,0,0,0,0,0,0,0,0.0,0.0,0.0,0.0,0,0,0,0.0,0.0,0.0,0.0,0.0,0.0,0.0,0.0,0.0,0.0,Matches
22,Alfie Pond,engENG,DF,Wolves,21-063,2004.0,1,0,1,0.0,0,0,0,0,0,0,0,0,0.0,0.0,0.0,0.0,0,0,0,0.0,0.0,0.0,0.0,0.0,0.0,0.0,0.0,0.0,0.0,Matches
23,Ali Al Hamadi,iqIRQ,FW,Ipswich Town,23-063,2002.0,11,0,134,1.5,0,0,0,0,0,0,3,0,0.4,0.4,0.1,0.4,4,3,14,0.0,0.0,0.0,0.0,0.0,0.24,0.05,0.28,0.24,0.28,Matches
24,Alisson,brBRA,GK,Liverpool,32-213,1992.0,24,24,"2,148",23.9,0,0,0,0,0,0,0,0,0.0,0.0,0.6,0.6,0,0,0,0.0,0.0,0.0,0.0,0.0,0.0,0.02,0.02,0.0,0.02,Matches
25,Alphonse Areola,frFRA,GK,West Ham,32-065,1993.0,23,22,"1,990",22.1,0,0,0,0,0,0,0,0,0.0,0.0,0.0,0.0,0,0,0,0.0,0.0,0.0,0.0,0.0,0.0,0.0,0.0,0.0,0.0,Matches
26,Altay Bayındır,trTUR,GK,Manchester Utd,27-019,1998.0,1,1,90,1.0,0,0,0,0,0,0,0,0,0.0,0.0,0.0,0.0,0,0,0,0.0,0.0,0.0,0.0,0.0,0.0,0.0,0.0,0.0,0.0,Matches
27,Amad Diallo,ciCIV,"FW,MF",Manchester Utd,22-296,2002.0,22,17,"1,594",17.7,6,6,12,6,0,0,3,0,4.1,4.1,3.9,8.0,92,53,159,0.34,0.34,0.68,0.34,0.68,0.23,0.22,0.45,0.23,0.45,Matches
28,Amadou Onana,beBEL,MF,Aston Villa,23-260,2001.0,22,17,"1,348",15.0,3,0,3,3,0,0,4,0,2.1,2.1,0.3,2.4,20,58,13,0.2,0.0,0.2,0.2,0.2,0.14,0.02,0.16,0.14,0.16,Matches
29,Andreas Pereira,brBRA,MF,Fulham,29-122,1996.0,31,23,"1,879",20.9,2,4,6,2,0,1,7,0,3.5,2.7,4.5,7.2,27,99,78,0.1,0.19,0.29,0.1,0.29,0.17,0.21,0.38,0.13,0.34,Matches
30,Andrew Robertson,sctSCO,DF,Liverpool,31-053,1994.0,31,27,"2,308",25.6,0,0,0,0,0,0,3,1,1.0,1.0,4.1,5.1,58,165,95,0.0,0.0,0.0,0.0,0.0,0.04,0.16,0.2,0.04,0.2,Matches
31,André,brBRA,MF,Wolves,23-291,2001.0,30,28,"2,249",25.0,0,0,0,0,0,0,7,0,0.4,0.4,0.7,1.1,8,95,11,0.0,0.0,0.0,0.0,0.0,0.02,0.03,0.05,0.02,0.05,Matches
32,André Onana,cmCMR,GK,Manchester Utd,29-031,1996.0,33,33,"2,970",33.0,0,0,0,0,0,0,0,0,0.0,0.0,0.2,0.2,0,1,0,0.0,0.0,0.0,0.0,0.0,0.0,0.01,0.01,0.0,0.01,Matches
33,Andrés García,esESP,"DF,MF",Aston Villa,22-085,2003.0,7,5,318,3.5,0,0,0,0,0,0,0,0,0.0,0.0,0.2,0.2,26,15,28,0.0,0.0,0.0,0.0,0.0,0.01,0.05,0.06,0.01,0.06,Matches
34,Andy Irving,sctSCO,MF,West Ham,24-355,2000.0,10,1,166,1.8,0,0,0,0,0,0,2,0,0.1,0.1,0.2,0.4,0,9,4,0.0,0.0,0.0,0.0,0.0,0.06,0.13,0.19,0.06,0.19,Matches
35,Anthony Elanga,seSWE,"FW,MF",Nott'ham Forest,23-006,2002.0,34,27,"2,142",23.8,6,9,15,6,0,0,1,0,4.0,4.0,4.7,8.8,84,52,177,0.25,0.38,0.63,0.25,0.63,0.17,0.2,0.37,0.17,0.37,Matches
36,Anthony Gordon,engENG,FW,Newcastle Utd,24-068,2001.0,30,25,"2,200",24.4,6,5,11,5,1,2,2,0,8.0,6.4,4.9,11.3,109,92,194,0.25,0.2,0.45,0.2,0.41,0.33,0.2,0.53,0.26,0.46,Matches
37,Antoine Semenyo,ghGHA,FW,Bournemouth,25-116,2000.0,33,33,"2,907",32.3,9,4,13,9,0,0,9,0,9.3,9.3,5.7,15.0,132,106,259,0.28,0.12,0.4,0.28,0.4,0.29,0.18,0.46,0.29,0.46,Matches
38,Antonee Robinson,usUSA,DF,Fulham,27-268,1997.0,33,32,"2,899",32.2,0,10,10,0,0,0,8,0,0.7,0.7,4.1,4.8,110,120,257,0.0,0.31,0.31,0.0,0.31,0.02,0.13,0.15,0.02,0.15,Matches
39,Antony,brBRA,"DF,MF",Manchester Utd,25-068,2000.0,8,0,141,1.6,0,0,0,0,0,0,0,0,1.0,1.0,0.1,1.1,5,6,7,0.0,0.0,0.0,0.0,0.0,0.65,0.08,0.73,0.65,0.73,Matches
40,Antonín Kinský,czCZE,GK,Tottenham,22-051,2003.0,4,4,360,4.0,0,0,0,0,0,0,0,0,0.0,0.0,0.1,0.1,1,1,0,0.0,0.0,0.0,0.0,0.0,0.0,0.02,0.02,0.0,0.02,Matches
41,Archie Gray,engENG,"DF,MF",Tottenham,19-052,2006.0,24,15,"1,391",15.5,0,0,0,0,0,0,0,0,0.0,0.0,0.1,0.1,5,32,15,0.0,0.0,0.0,0.0,0.0,0.0,0.01,0.01,0.0,0.01,Matches
42,Arijanet Muric,xkKVX,GK,Ipswich Town,26-177,1998.0,18,18,"1,620",18.0,0,0,0,0,0,0,1,0,0.0,0.0,0.0,0.0,0,1,0,0.0,0.0,0.0,0.0,0.0,0.0,0.0,0.0,0.0,0.0,Matches
43,Armando Broja,alALB,FW,Everton,23-235,2001.0,10,4,334,3.7,0,0,0,0,0,0,1,0,0.1,0.1,0.2,0.3,12,2,26,0.0,0.0,0.0,0.0,0.0,0.03,0.05,0.08,0.03,0.08,Matches
44,Armel Bella Kotchap,deGER,DF,Southampton,23-143,2001.0,4,2,331,3.7,0,0,0,0,0,0,0,0,0.3,0.3,0.0,0.3,0,5,0,0.0,0.0,0.0,0.0,0.0,0.09,0.0,0.09,0.09,0.09,Matches
45,Asher Agbinone,engENG,MF,Crystal Palace,19-217,2005.0,2,0,6,0.1,0,0,0,0,0,0,0,0,0.0,0.0,0.0,0.1,2,0,1,0.0,0.0,0.0,0.0,0.0,0.29,0.5,0.79,0.29,0.79,Matches
46,Ashley Young,engENG,"DF,FW",Everton,39-298,1985.0,28,17,"1,613",17.9,1,3,4,1,0,0,6,1,0.3,0.3,1.6,1.8,20,82,26,0.06,0.17,0.22,0.06,0.22,0.01,0.09,0.1,0.01,0.1,Matches
47,Axel Disasi,frFRA,DF,Chelsea,27-053,1998.0,6,4,364,4.0,1,0,1,1,0,0,1,0,0.3,0.3,0.1,0.4,6,16,2,0.25,0.0,0.25,0.25,0.25,0.07,0.02,0.09,0.07,0.09,Matches
48,Axel Disasi,frFRA,DF,Aston Villa,27-053,1998.0,7,5,490,5.4,0,0,0,0,0,0,2,0,0.1,0.1,0.4,0.5,10,16,5,0.0,0.0,0.0,0.0,0.0,0.02,0.07,0.09,0.02,0.09,Matches
49,Axel Tuanzebe,cdCOD,DF,Ipswich Town,27-170,1997.0,18,17,"1,445",16.1,0,1,1,0,0,0,5,1,0.2,0.2,0.3,0.5,9,45,8,0.0,0.06,0.06,0.0,0.06,0.01,0.02,0.03,0.01,0.03,Matches
50,Ayden Heaven,engENG,DF,Manchester Utd,18-223,2006.0,2,1,95,1.1,0,0,0,0,0,0,0,0,0.0,0.0,0.0,0.0,1,2,1,0.0,0.0,0.0,0.0,0.0,0.0,0.0,0.0,0.0,0.0,Matches
51,Bart Verbruggen,nlNED,GK,Brighton,22-258,2002.0,32,32,"2,880",32.0,0,1,1,0,0,0,5,0,0.0,0.0,0.0,0.0,0,2,0,0.0,0.03,0.03,0.0,0.03,0.0,0.0,0.0,0.0,0.0,Matches
52,Ben Brereton,clCHI,FW,Southampton,26-015,1999.0,10,4,449,5.0,0,0,0,0,0,0,1,0,0.9,0.9,0.1,1.0,12,9,42,0.0,0.0,0.0,0.0,0.0,0.18,0.02,0.2,0.18,0.2,Matches
53,Ben Chilwell,engENG,DF,Crystal Palace,28-133,1996.0,6,0,139,1.5,0,0,0,0,0,0,1,0,0.1,0.1,0.2,0.3,2,3,10,0.0,0.0,0.0,0.0,0.0,0.05,0.13,0.18,0.05,0.18,Matches
54,Ben Davies,wlsWAL,DF,Tottenham,32-009,1993.0,13,11,"1,036",11.5,0,0,0,0,0,0,3,0,0.3,0.3,0.2,0.5,13,49,6,0.0,0.0,0.0,0.0,0.0,0.02,0.02,0.04,0.02,0.04,Matches
55,Ben Godfrey,engENG,DF,Ipswich Town,27-108,1998.0,3,2,159,1.8,0,0,0,0,0,0,1,0,0.0,0.0,0.0,0.0,2,4,1,0.0,0.0,0.0,0.0,0.0,0.0,0.0,0.0,0.0,0.0,Matches
56,Ben Johnson,engENG,"DF,FW",Ipswich Town,25-099,2000.0,22,14,"1,348",15.0,1,2,3,1,0,0,5,1,1.1,1.1,1.3,2.3,16,26,33,0.07,0.13,0.2,0.07,0.2,0.07,0.09,0.16,0.07,0.16,Matches
57,Ben Mee,engENG,DF,Brentford,35-224,1989.0,7,2,183,2.0,0,0,0,0,0,0,2,0,0.0,0.0,0.0,0.0,3,11,2,0.0,0.0,0.0,0.0,0.0,0.0,0.0,0.0,0.0,0.0,Matches
58,Ben White,engENG,DF,Arsenal,27-207,1997.0,13,9,856,9.5,0,1,1,0,0,0,2,0,0.4,0.4,0.8,1.2,10,42,27,0.0,0.11,0.11,0.0,0.11,0.04,0.09,0.13,0.04,0.13,Matches
59,Ben Winterburn,engENG,"FW,MF",Bournemouth,20-241,2004.0,3,0,23,0.3,0,0,0,0,0,0,0,0,0.0,0.0,0.0,0.0,2,0,2,0.0,0.0,0.0,0.0,0.0,0.0,0.0,0.0,0.0,0.0,Matches
60,Benoît Badiashile,frFRA,DF,Chelsea,24-038,2001.0,5,3,334,3.7,0,0,0,0,0,0,0,0,0.0,0.0,0.0,0.0,3,17,2,0.0,0.0,0.0,0.0,0.0,0.0,0.0,0.0,0.0,0.0,Matches
61,Bernardo Silva,ptPOR,"MF,FW",Manchester City,30-266,1994.0,30,26,"2,401",26.7,3,4,7,3,0,0,7,0,3.2,3.2,4.4,7.6,94,115,184,0.11,0.15,0.26,0.11,0.26,0.12,0.16,0.29,0.12,0.29,Matches
62,Bernd Leno,deGER,GK,Fulham,33-060,1992.0,34,34,"3,060",34.0,0,1,1,0,0,0,4,0,0.0,0.0,0.1,0.1,0,0,0,0.0,0.03,0.03,0.0,0.03,0.0,0.0,0.0,0.0,0.0,Matches
63,Beto,gwGNB,FW,Everton,27-092,1998.0,26,11,"1,192",13.2,6,0,6,6,0,0,2,0,6.1,6.1,0.8,6.9,12,9,62,0.45,0.0,0.45,0.45,0.45,0.46,0.06,0.52,0.46,0.52,Matches
64,Bilal El Khannouss,maMAR,MF,Leicester City,20-358,2004.0,29,24,"1,920",21.3,2,2,4,2,0,0,4,0,0.9,0.9,3.2,4.1,61,118,77,0.09,0.09,0.19,0.09,0.19,0.04,0.15,0.19,0.04,0.19,Matches
65,Billy Gilmour,sctSCO,MF,Brighton,23-326,2001.0,2,1,98,1.1,0,0,0,0,0,0,0,0,0.1,0.1,0.0,0.1,2,11,2,0.0,0.0,0.0,0.0,0.0,0.07,0.0,0.07,0.07,0.07,Matches
66,Bobby De Cordova-Reid,jmJAM,FW,Leicester City,32-090,1993.0,23,9,744,8.3,1,2,3,1,0,0,2,0,0.8,0.8,1.2,2.0,14,15,48,0.12,0.24,0.36,0.12,0.36,0.1,0.15,0.24,0.1,0.24,Matches
67,Boubacar Kamara,frFRA,MF,Aston Villa,25-161,1999.0,22,16,"1,373",15.3,0,0,0,0,0,0,2,0,0.4,0.4,0.9,1.3,16,72,5,0.0,0.0,0.0,0.0,0.0,0.02,0.06,0.08,0.02,0.08,Matches
68,Boubacar Traoré,mlMLI,MF,Wolves,23-256,2001.0,1,0,1,0.0,0,0,0,0,0,0,0,0,0.0,0.0,0.0,0.0,0,0,0,0.0,0.0,0.0,0.0,0.0,0.0,0.0,0.0,0.0,0.0,Matches
69,Boubakary Soumaré,frFRA,MF,Leicester City,26-065,1999.0,27,23,"1,953",21.7,0,0,0,0,0,0,8,0,0.3,0.3,0.4,0.7,31,94,21,0.0,0.0,0.0,0.0,0.0,0.01,0.02,0.03,0.01,0.03,Matches
70,Brajan Gruda,deGER,"FW,MF",Brighton,20-337,2004.0,17,6,507,5.6,0,3,3,0,0,0,0,0,0.4,0.4,1.2,1.6,16,17,47,0.0,0.53,0.53,0.0,0.53,0.07,0.22,0.29,0.07,0.29,Matches
71,Brandon Austin,engENG,GK,Tottenham,26-115,1999.0,1,1,90,1.0,0,0,0,0,0,0,0,0,0.0,0.0,0.0,0.0,0,0,0,0.0,0.0,0.0,0.0,0.0,0.0,0.0,0.0,0.0,0.0,Matches
72,Brennan Johnson,wlsWAL,FW,Tottenham,23-345,2001.0,31,23,"2,083",23.1,11,3,14,11,0,0,5,0,9.8,9.8,2.3,12.1,57,70,194,0.48,0.13,0.6,0.48,0.6,0.43,0.1,0.52,0.43,0.52,Matches
73,Bruno Fernandes,ptPOR,MF,Manchester Utd,30-237,1994.0,33,32,"2,758",30.6,8,9,17,5,3,3,4,2,9.5,7.1,7.6,14.7,65,281,118,0.26,0.29,0.55,0.16,0.46,0.31,0.25,0.56,0.23,0.48,Matches
74,Bruno Guimarães,brBRA,MF,Newcastle Utd,27-168,1997.0,34,34,"2,912",32.4,4,6,10,4,0,0,6,0,3.8,3.8,5.6,9.4,53,241,79,0.12,0.19,0.31,0.12,0.31,0.12,0.17,0.29,0.12,0.29,Matches
75,Bryan Mbeumo,cmCMR,FW,Brentford,25-269,1999.0,34,34,"3,054",33.9,18,6,24,13,5,5,3,0,10.8,6.8,7.9,14.8,114,126,306,0.53,0.18,0.71,0.38,0.56,0.32,0.23,0.55,0.2,0.44,Matches
76,Bukayo Saka,engENG,"FW,MF",Arsenal,23-240,2001.0,21,17,"1,454",16.2,6,10,16,5,1,1,3,0,5.9,5.1,6.7,11.8,79,61,222,0.37,0.62,0.99,0.31,0.93,0.36,0.42,0.78,0.31,0.73,Matches
77,Caleb Kporha,engENG,DF,Crystal Palace,18-292,2006.0,2,0,13,0.1,0,0,0,0,0,0,0,0,0.0,0.0,0.0,0.0,1,0,0,0.0,0.0,0.0,0.0,0.0,0.0,0.0,0.0,0.0,0.0,Matches
78,Caleb Okoli,itITA,DF,Leicester City,23-294,2001.0,18,12,"1,124",12.5,1,0,1,1,0,0,4,0,0.6,0.6,0.0,0.6,3,32,2,0.08,0.0,0.08,0.08,0.08,0.05,0.0,0.05,0.05,0.05,Matches
79,Callum Hudson-Odoi,engENG,"FW,MF",Nott'ham Forest,24-177,2000.0,29,25,"2,152",23.9,5,2,7,5,0,0,2,0,2.5,2.5,2.7,5.2,127,66,186,0.21,0.08,0.29,0.21,0.29,0.1,0.11,0.22,0.1,0.22,Matches
80,Callum Wilson,engENG,FW,Newcastle Utd,33-065,1992.0,14,1,268,3.0,0,0,0,0,0,0,1,0,0.3,0.3,0.1,0.4,5,3,11,0.0,0.0,0.0,0.0,0.0,0.11,0.02,0.14,0.11,0.14,Matches
81,Calvin Bassey,ngNGA,DF,Fulham,25-123,1999.0,32,31,"2,804",31.2,1,0,1,1,0,0,6,0,1.0,1.0,0.1,1.1,35,104,13,0.03,0.0,0.03,0.03,0.03,0.03,0.0,0.03,0.03,0.03,Matches
82,Cameron Archer,engENG,FW,Southampton,23-286,2001.0,31,13,"1,361",15.1,2,0,2,2,0,1,0,0,5.1,4.3,0.4,4.6,19,14,62,0.13,0.0,0.13,0.13,0.13,0.34,0.02,0.36,0.28,0.31,Matches
83,Cameron Burgess,auAUS,DF,Ipswich Town,29-194,1995.0,16,14,"1,361",15.1,0,1,1,0,0,0,0,0,0.7,0.7,0.5,1.2,2,40,4,0.0,0.07,0.07,0.0,0.07,0.05,0.03,0.08,0.05,0.08,Matches
84,Caoimhín Kelleher,ieIRL,GK,Liverpool,26-161,1998.0,10,10,900,10.0,0,0,0,0,0,0,0,0,0.0,0.0,0.0,0.0,0,0,0,0.0,0.0,0.0,0.0,0.0,0.0,0.0,0.0,0.0,0.0,Matches
85,Carlos Alcaraz,arARG,"FW,MF",Everton,22-154,2002.0,11,4,491,5.5,1,1,2,1,0,0,3,0,1.3,1.3,1.3,2.6,14,27,10,0.18,0.18,0.37,0.18,0.37,0.24,0.23,0.48,0.24,0.48,Matches
86,Carlos Alcaraz,arARG,MF,Southampton,22-154,2002.0,1,0,10,0.1,0,0,0,0,0,0,0,0,0.1,0.1,0.1,0.2,4,6,1,0.0,0.0,0.0,0.0,0.0,0.62,0.86,1.48,0.62,1.48,Matches
87,Carlos Baleba,cmCMR,MF,Brighton,21-120,2004.0,30,27,"2,313",25.7,3,1,4,3,0,0,8,1,3.0,3.0,1.3,4.2,40,111,26,0.12,0.04,0.16,0.12,0.16,0.12,0.05,0.17,0.12,0.17,Matches
88,Carlos Forbs,ptPOR,"MF,FW",Wolves,21-045,2004.0,10,1,239,2.7,0,0,0,0,0,0,2,0,0.1,0.1,0.0,0.2,10,8,28,0.0,0.0,0.0,0.0,0.0,0.05,0.01,0.07,0.05,0.07,Matches
89,Carlos Soler,esESP,"MF,FW",West Ham,28-121,1997.0,28,14,"1,347",15.0,1,1,2,1,0,0,5,0,1.7,1.7,1.2,2.9,16,52,33,0.07,0.07,0.13,0.07,0.13,0.11,0.08,0.19,0.11,0.19,Matches
90,Carlos Vinícius,brBRA,"MF,FW",Fulham,30-039,1995.0,3,0,16,0.2,0,0,0,0,0,0,0,0,0.0,0.0,0.0,0.0,1,0,3,0.0,0.0,0.0,0.0,0.0,0.21,0.0,0.21,0.21,0.21,Matches
91,Casemiro,brBRA,MF,Manchester Utd,33-069,1992.0,22,16,"1,335",14.8,1,0,1,1,0,0,3,0,1.7,1.7,2.3,3.9,4,70,26,0.07,0.0,0.07,0.07,0.07,0.11,0.15,0.27,0.11,0.27,Matches
92,Chadi Riad,maMAR,DF,Crystal Palace,21-320,2003.0,1,1,90,1.0,0,0,0,0,0,0,0,0,0.0,0.0,0.0,0.0,2,7,0,0.0,0.0,0.0,0.0,0.0,0.0,0.0,0.0,0.0,0.0,Matches
93,Charlie Taylor,engENG,DF,Southampton,31-227,1993.0,7,2,266,3.0,0,0,0,0,0,0,1,0,0.0,0.0,0.1,0.1,3,8,6,0.0,0.0,0.0,0.0,0.0,0.0,0.03,0.03,0.0,0.03,Matches
94,Cheick Doucouré,mlMLI,MF,Crystal Palace,25-115,2000.0,13,4,452,5.0,0,0,0,0,0,0,1,0,0.4,0.4,0.0,0.4,2,19,7,0.0,0.0,0.0,0.0,0.0,0.08,0.0,0.08,0.08,0.08,Matches
95,Chidozie Obi-Martin,dkDEN,FW,Manchester Utd,17-155,2007.0,5,0,65,0.7,0,0,0,0,0,0,1,0,0.3,0.3,0.0,0.3,2,1,8,0.0,0.0,0.0,0.0,0.0,0.37,0.0,0.37,0.37,0.37,Matches
96,Chiedozie Ogbene,ieIRL,FW,Ipswich Town,28-002,1997.0,5,3,238,2.6,0,0,0,0,0,0,0,0,0.0,0.0,0.1,0.1,7,0,15,0.0,0.0,0.0,0.0,0.0,0.0,0.03,0.03,0.0,0.03,Matches
97,Chiquinho,ptPOR,MF,Wolves,25-087,2000.0,1,0,7,0.1,0,0,0,0,0,0,0,0,0.0,0.0,0.0,0.0,0,0,0,0.0,0.0,0.0,0.0,0.0,0.0,0.42,0.42,0.0,0.42,Matches
98,Chris Richards,usUSA,DF,Crystal Palace,25-036,2000.0,20,18,"1,562",17.4,1,0,1,1,0,0,4,1,1.2,1.2,0.1,1.3,5,34,1,0.06,0.0,0.06,0.06,0.06,0.07,0.01,0.08,0.07,0.08,Matches
99,Chris Wood,nzNZL,FW,Nott'ham Forest,33-147,1991.0,32,31,"2,599",28.9,19,3,22,16,3,3,1,0,11.4,9.1,2.4,11.4,13,34,79,0.66,0.1,0.76,0.55,0.66,0.4,0.08,0.48,0.31,0.4,Matches
100,Christian Eriksen,dkDEN,MF,Manchester Utd,33-078,1992.0,20,11,994,11.0,0,1,1,0,0,0,4,0,0.3,0.3,2.6,2.9,10,49,29,0.0,0.09,0.09,0.0,0.09,0.03,0.24,0.26,0.03,0.26,Matches
101,Christian Nørgaard,dkDEN,MF,Brentford,31-054,1994.0,30,30,"2,459",27.3,5,2,7,5,0,0,6,1,3.7,3.7,0.8,4.5,12,126,34,0.18,0.07,0.26,0.18,0.26,0.14,0.03,0.16,0.14,0.16,Matches
102,Christian Walton,engENG,GK,Ipswich Town,29-175,1995.0,6,6,540,6.0,0,0,0,0,0,0,0,0,0.0,0.0,0.0,0.0,0,0,0,0.0,0.0,0.0,0.0,0.0,0.0,0.0,0.0,0.0,0.0,Matches
103,Christopher Nkunku,frFRA,FW,Chelsea,27-170,1997.0,27,9,921,10.2,3,2,5,3,0,0,2,0,4.8,4.8,2.1,6.9,17,25,68,0.29,0.2,0.49,0.29,0.49,0.47,0.21,0.68,0.47,0.67,Matches
104,Cody Gakpo,nlNED,FW,Liverpool,25-361,1999.0,31,19,"1,627",18.1,9,3,12,9,0,0,5,0,6.4,6.4,3.5,9.9,48,51,240,0.5,0.17,0.66,0.5,0.66,0.35,0.19,0.55,0.35,0.55,Matches
105,Cole Palmer,engENG,MF,Chelsea,22-362,2002.0,33,32,"2,831",31.5,14,8,22,11,3,4,6,0,15.8,12.7,9.3,22.0,103,194,165,0.45,0.25,0.7,0.35,0.6,0.5,0.3,0.8,0.4,0.7,Matches
106,Conor Bradley,nirNIR,DF,Liverpool,21-298,2003.0,15,4,533,5.9,0,1,1,0,0,0,3,0,0.6,0.6,0.5,1.1,26,25,27,0.0,0.17,0.17,0.0,0.17,0.1,0.08,0.18,0.1,0.18,Matches
107,Conor Chaplin,engENG,"MF,FW",Ipswich Town,28-076,1997.0,18,7,645,7.2,1,1,2,1,0,0,1,0,1.2,1.2,0.6,1.8,10,25,20,0.14,0.14,0.28,0.14,0.28,0.16,0.09,0.25,0.16,0.25,Matches
108,Conor Coady,engENG,DF,Leicester City,32-067,1993.0,18,15,"1,354",15.0,0,0,0,0,0,0,2,0,0.1,0.1,0.1,0.2,2,28,0,0.0,0.0,0.0,0.0,0.0,0.01,0.0,0.01,0.01,0.01,Matches
109,Conor Townsend,engENG,DF,Ipswich Town,32-060,1993.0,6,3,335,3.7,0,1,1,0,0,0,1,0,0.0,0.0,0.7,0.7,2,8,13,0.0,0.27,0.27,0.0,0.27,0.01,0.18,0.18,0.01,0.18,Matches
110,Craig Dawson,engENG,DF,Wolves,34-362,1990.0,15,10,971,10.8,0,0,0,0,0,0,2,0,0.5,0.5,0.0,0.5,6,20,5,0.0,0.0,0.0,0.0,0.0,0.05,0.0,0.05,0.05,0.05,Matches
111,Cristian Romero,arARG,DF,Tottenham,27-006,1998.0,18,18,"1,416",15.7,1,0,1,1,0,0,3,0,1.6,1.6,0.6,2.2,12,71,3,0.06,0.0,0.06,0.06,0.06,0.1,0.04,0.14,0.1,0.14,Matches
112,Crysencio Summerville,nlNED,"FW,MF",West Ham,23-185,2001.0,19,7,786,8.7,1,1,2,1,0,0,2,0,1.6,1.6,1.7,3.3,29,18,71,0.11,0.11,0.23,0.11,0.23,0.19,0.19,0.38,0.19,0.38,Matches
113,Curtis Jones,engENG,"MF,DF",Liverpool,24-093,2001.0,29,16,"1,438",16.0,3,3,6,3,0,0,3,1,4.1,4.1,1.0,5.1,23,85,67,0.19,0.19,0.38,0.19,0.38,0.26,0.06,0.32,0.26,0.32,Matches
114,Daichi Kamada,jpJPN,MF,Crystal Palace,28-271,1996.0,30,13,"1,338",14.9,0,0,0,0,0,0,3,1,1.0,1.0,1.8,2.8,23,73,52,0.0,0.0,0.0,0.0,0.0,0.07,0.12,0.19,0.07,0.19,Matches
115,Dan Burn,engENG,DF,Newcastle Utd,32-359,1992.0,33,33,"2,970",33.0,1,0,1,1,0,0,10,0,1.7,1.7,0.9,2.6,9,56,10,0.03,0.0,0.03,0.03,0.03,0.05,0.03,0.08,0.05,0.08,Matches
116,Dane Scarlett,engENG,"FW,MF",Tottenham,21-040,2004.0,3,0,34,0.4,0,1,1,0,0,0,0,0,0.0,0.0,0.0,0.1,1,1,1,0.0,2.65,2.65,0.0,2.65,0.09,0.12,0.22,0.09,0.22,Matches
117,Dango Ouattara,bfBFA,FW,Bournemouth,23-081,2002.0,31,20,"1,932",21.5,7,4,11,7,0,0,2,0,8.4,8.4,5.2,13.6,77,41,187,0.33,0.19,0.51,0.33,0.51,0.39,0.24,0.63,0.39,0.63,Matches
118,Daniel Bentley,engENG,GK,Wolves,31-294,1993.0,1,1,90,1.0,0,0,0,0,0,0,0,0,0.0,0.0,0.0,0.0,0,0,0,0.0,0.0,0.0,0.0,0.0,0.0,0.0,0.0,0.0,0.0,Matches
119,Daniel Jebbison,engENG,FW,Bournemouth,21-263,2003.0,12,0,76,0.8,0,0,0,0,0,0,1,0,0.2,0.2,0.2,0.4,2,3,11,0.0,0.0,0.0,0.0,0.0,0.24,0.23,0.48,0.24,0.48,Matches
120,Daniel Muñoz,coCOL,DF,Crystal Palace,28-342,1996.0,33,33,"2,868",31.9,4,4,8,4,0,0,9,0,4.6,4.6,4.4,9.0,49,83,183,0.13,0.13,0.25,0.13,0.25,0.14,0.14,0.28,0.14,0.28,Matches
121,Daniel Podence,ptPOR,"MF,FW",Wolves,29-194,1995.0,2,0,48,0.5,0,0,0,0,0,0,0,0,0.0,0.0,0.0,0.0,1,2,3,0.0,0.0,0.0,0.0,0.0,0.07,0.0,0.07,0.07,0.07,Matches
122,Danilo,brBRA,"MF,FW",Nott'ham Forest,24-004,2001.0,7,5,267,3.0,0,0,0,0,0,0,0,0,0.0,0.0,0.0,0.0,2,11,1,0.0,0.0,0.0,0.0,0.0,0.0,0.0,0.0,0.0,0.0,Matches
123,Danny Ings,engENG,"FW,MF",West Ham,32-284,1992.0,15,1,284,3.2,1,2,3,1,0,0,0,0,2.3,2.3,1.3,3.5,6,5,29,0.32,0.63,0.95,0.32,0.95,0.72,0.41,1.12,0.72,1.12,Matches
124,Danny Ward,wlsWAL,GK,Leicester City,31-315,1993.0,2,1,135,1.5,0,0,0,0,0,0,0,0,0.0,0.0,0.0,0.0,0,0,0,0.0,0.0,0.0,0.0,0.0,0.0,0.0,0.0,0.0,0.0,Matches
125,Danny Welbeck,engENG,FW,Brighton,34-158,1990.0,27,21,"1,852",20.6,9,4,13,9,0,0,4,0,8.1,8.1,1.1,9.2,19,40,80,0.44,0.19,0.63,0.44,0.63,0.39,0.05,0.45,0.39,0.45,Matches
126,Dara O'Shea,ieIRL,DF,Ipswich Town,26-060,1999.0,31,31,"2,762",30.7,0,2,2,0,0,0,6,0,1.1,1.1,0.5,1.7,3,70,7,0.0,0.07,0.07,0.0,0.07,0.04,0.02,0.05,0.04,0.05,Matches
127,Darwin Núñez,uyURU,FW,Liverpool,25-313,1999.0,26,8,"1,018",11.3,5,2,7,5,0,0,8,0,5.0,5.0,1.2,6.2,22,27,67,0.44,0.18,0.62,0.44,0.62,0.44,0.11,0.55,0.44,0.55,Matches
128,David Brooks,wlsWAL,"FW,MF",Bournemouth,27-299,1997.0,25,8,815,9.1,2,0,2,2,0,0,3,0,2.2,2.2,1.7,3.9,25,27,75,0.22,0.0,0.22,0.22,0.22,0.24,0.19,0.43,0.24,0.43,Matches
129,David Raya,esESP,GK,Arsenal,29-230,1995.0,34,34,"3,060",34.0,0,0,0,0,0,0,2,0,0.0,0.0,0.0,0.0,0,12,0,0.0,0.0,0.0,0.0,0.0,0.0,0.0,0.0,0.0,0.0,Matches
130,Dean Henderson,engENG,GK,Crystal Palace,28-052,1997.0,34,34,"3,060",34.0,0,0,0,0,0,0,3,0,0.0,0.0,0.1,0.1,0,0,0,0.0,0.0,0.0,0.0,0.0,0.0,0.0,0.0,0.0,0.0,Matches
131,Dean Huijsen,esESP,DF,Bournemouth,20-019,2005.0,28,23,"2,144",23.8,2,1,3,2,0,0,8,0,1.7,1.7,2.0,3.7,36,112,10,0.08,0.04,0.13,0.08,0.13,0.07,0.08,0.15,0.07,0.15,Matches
132,Declan Rice,engENG,MF,Arsenal,26-109,1999.0,32,30,"2,572",28.6,2,7,9,2,0,0,7,1,2.7,2.7,6.5,9.1,87,175,88,0.07,0.24,0.31,0.07,0.31,0.09,0.23,0.32,0.09,0.32,Matches
133,Dejan Kulusevski,seSWE,"MF,FW",Tottenham,25-008,2000.0,30,25,"2,281",25.3,7,4,11,7,0,0,3,0,4.2,4.2,6.1,10.3,118,122,207,0.28,0.16,0.43,0.28,0.43,0.17,0.24,0.41,0.17,0.41,Matches
134,Destiny Udogie,itITA,DF,Tottenham,22-156,2002.0,24,23,"1,834",20.4,0,1,1,0,0,0,2,0,0.3,0.3,1.5,1.8,54,120,93,0.0,0.05,0.05,0.0,0.05,0.01,0.07,0.09,0.01,0.09,Matches
135,Diego Carlos,brBRA,DF,Aston Villa,32-049,1993.0,10,8,830,9.2,0,0,0,0,0,0,1,0,0.6,0.6,0.0,0.6,3,34,0,0.0,0.0,0.0,0.0,0.0,0.07,0.0,0.07,0.07,0.07,Matches
136,Diego Gómez,pyPAR,MF,Brighton,22-037,2003.0,12,4,440,4.9,0,0,0,0,0,0,0,0,0.4,0.4,0.5,0.9,5,20,14,0.0,0.0,0.0,0.0,0.0,0.09,0.1,0.19,0.09,0.19,Matches
137,Diogo Dalot,ptPOR,DF,Manchester Utd,26-046,1999.0,32,31,"2,788",31.0,0,3,3,0,0,0,5,0,2.0,2.0,2.0,4.0,62,102,164,0.0,0.1,0.1,0.0,0.1,0.06,0.07,0.13,0.06,0.13,Matches
138,Diogo Jota,ptPOR,FW,Liverpool,28-150,1996.0,23,13,"1,097",12.2,6,3,9,6,0,0,2,0,7.3,7.3,1.8,9.2,36,33,86,0.49,0.25,0.74,0.49,0.74,0.6,0.15,0.75,0.6,0.75,Matches
139,Divin Mubama,engENG,FW,Manchester City,20-190,2004.0,1,0,28,0.3,0,0,0,0,0,0,0,0,0.0,0.0,0.0,0.0,0,1,0,0.0,0.0,0.0,0.0,0.0,0.12,0.0,0.12,0.12,0.12,Matches
140,Djed Spence,engENG,DF,Tottenham,24-267,2000.0,21,16,"1,514",16.8,1,2,3,1,0,0,4,1,0.6,0.6,1.7,2.3,53,98,68,0.06,0.12,0.18,0.06,0.18,0.03,0.1,0.13,0.03,0.13,Matches
141,Dominic Calvert-Lewin,engENG,FW,Everton,28-048,1997.0,22,19,"1,574",17.5,3,1,4,3,0,0,2,0,6.1,6.1,0.6,6.7,22,19,105,0.17,0.06,0.23,0.17,0.23,0.35,0.04,0.39,0.35,0.39,Matches
142,Dominic Solanke,engENG,FW,Tottenham,27-231,1997.0,25,24,"2,119",23.5,8,3,11,8,0,0,0,0,10.1,10.1,2.9,13.1,29,45,88,0.34,0.13,0.47,0.34,0.47,0.43,0.13,0.56,0.43,0.56,Matches
143,Dominik Szoboszlai,huHUN,MF,Liverpool,24-190,2000.0,32,26,"2,257",25.1,5,5,10,5,0,0,6,0,7.1,7.1,6.2,13.3,65,114,120,0.2,0.2,0.4,0.2,0.4,0.28,0.25,0.53,0.28,0.53,Matches
144,Donyell Malen,nlNED,FW,Aston Villa,26-114,1999.0,11,2,273,3.0,3,0,3,3,0,0,0,0,1.7,1.7,0.1,1.7,9,5,23,0.99,0.0,0.99,0.99,0.99,0.55,0.02,0.57,0.55,0.57,Matches
145,Dwight McNeil,engENG,"MF,FW",Everton,25-162,1999.0,17,13,"1,185",13.2,3,4,7,3,0,0,1,0,1.1,1.1,3.8,4.8,32,61,68,0.23,0.3,0.53,0.23,0.53,0.08,0.29,0.37,0.08,0.37,Matches
146,Eberechi Eze,engENG,"MF,FW",Crystal Palace,26-308,1998.0,30,28,"2,337",26.0,4,8,12,4,0,1,1,0,8.2,7.4,5.2,12.6,65,85,141,0.15,0.31,0.46,0.15,0.46,0.31,0.2,0.52,0.28,0.48,Matches
147,Eddie Nketiah,engENG,"FW,MF",Crystal Palace,25-338,1999.0,25,8,880,9.8,1,1,2,1,0,0,5,1,4.3,4.3,1.5,5.8,37,17,65,0.1,0.1,0.2,0.1,0.2,0.44,0.15,0.59,0.44,0.59,Matches
148,Ederson,brBRA,GK,Manchester City,31-259,1993.0,23,23,"2,050",22.8,0,4,4,0,0,0,3,0,0.0,0.0,1.5,1.5,0,1,0,0.0,0.18,0.18,0.0,0.18,0.0,0.07,0.07,0.0,0.07,Matches
149,Edmond-Paris Maghoma,engENG,"MF,FW",Brentford,23-360,2001.0,8,0,119,1.3,0,0,0,0,0,0,0,0,0.1,0.1,0.1,0.2,4,13,4,0.0,0.0,0.0,0.0,0.0,0.09,0.08,0.17,0.09,0.17,Matches
150,Edson Álvarez,mxMEX,MF,West Ham,27-191,1997.0,25,19,"1,633",18.1,0,1,1,0,0,0,8,1,0.3,0.3,0.8,1.1,21,75,18,0.0,0.06,0.06,0.0,0.06,0.02,0.04,0.06,0.02,0.06,Matches
151,Eiran Cashin,ieIRL,DF,Brighton,23-175,2001.0,2,0,20,0.2,0,0,0,0,0,0,0,0,0.0,0.0,0.0,0.0,0,6,1,0.0,0.0,0.0,0.0,0.0,0.0,0.0,0.0,0.0,0.0,Matches
152,Elliot Anderson,engENG,MF,Nott'ham Forest,22-178,2002.0,33,29,"2,377",26.4,2,6,8,2,0,0,7,0,1.7,1.7,3.1,4.8,44,118,82,0.08,0.23,0.3,0.08,0.3,0.06,0.12,0.18,0.06,0.18,Matches
153,Emerson Palmieri,itITA,DF,West Ham,30-273,1994.0,29,25,"2,015",22.4,2,1,3,2,0,0,5,0,2.0,2.0,1.5,3.4,44,64,82,0.09,0.04,0.13,0.09,0.13,0.09,0.07,0.15,0.09,0.15,Matches
154,Emi Buendía,arARG,"MF,FW",Aston Villa,28-129,1996.0,12,0,98,1.1,0,0,0,0,0,0,1,0,0.7,0.7,0.0,0.7,3,7,6,0.0,0.0,0.0,0.0,0.0,0.6,0.02,0.62,0.6,0.62,Matches
155,Emil Krafth,seSWE,DF,Newcastle Utd,30-274,1994.0,9,2,288,3.2,0,0,0,0,0,0,0,0,0.0,0.0,0.1,0.1,3,7,1,0.0,0.0,0.0,0.0,0.0,0.01,0.03,0.04,0.01,0.04,Matches
156,Emile Smith Rowe,engENG,MF,Fulham,24-279,2000.0,30,23,"1,852",20.6,6,2,8,6,0,0,2,0,4.4,4.4,1.1,5.5,50,120,113,0.29,0.1,0.39,0.29,0.39,0.21,0.05,0.27,0.21,0.27,Matches
157,Emiliano Martínez,arARG,GK,Aston Villa,32-243,1992.0,33,33,"2,880",32.0,0,0,0,0,0,0,4,0,0.0,0.0,0.5,0.5,0,3,0,0.0,0.0,0.0,0.0,0.0,0.0,0.02,0.02,0.0,0.02,Matches
158,Emmanuel Agbadou,ciCIV,DF,Wolves,27-320,1997.0,13,13,"1,140",12.7,0,0,0,0,0,0,2,0,0.3,0.3,0.2,0.5,3,22,1,0.0,0.0,0.0,0.0,0.0,0.02,0.02,0.04,0.02,0.04,Matches
159,Enes Ünal,trTUR,"FW,MF",Bournemouth,27-358,1997.0,17,2,345,3.8,2,1,3,2,0,0,2,0,2.7,2.7,0.4,3.1,4,12,22,0.52,0.26,0.78,0.52,0.78,0.72,0.1,0.82,0.72,0.82,Matches
160,Enzo Fernández,arARG,MF,Chelsea,24-106,2001.0,32,28,"2,590",28.8,5,7,12,5,0,0,7,0,5.4,5.4,6.3,11.7,57,196,115,0.17,0.24,0.42,0.17,0.42,0.19,0.22,0.41,0.19,0.41,Matches
161,Eric da Silva Moreira,deGER,"MF,DF",Nott'ham Forest,19-000,2006.0,2,0,30,0.3,0,0,0,0,0,0,0,0,0.0,0.0,0.0,0.0,1,0,1,0.0,0.0,0.0,0.0,0.0,0.0,0.0,0.0,0.0,0.0,Matches
162,Erling Haaland,noNOR,FW,Manchester City,24-286,2000.0,28,28,"2,480",27.6,21,3,24,19,2,3,2,0,20.8,18.4,2.8,21.2,19,18,103,0.76,0.11,0.87,0.69,0.8,0.76,0.1,0.86,0.67,0.77,Matches
163,Ethan Nwaneri,engENG,"FW,MF",Arsenal,18-043,2007.0,24,10,816,9.1,4,2,6,4,0,0,1,0,1.1,1.1,1.0,2.2,44,30,101,0.44,0.22,0.66,0.44,0.66,0.12,0.11,0.24,0.12,0.24,Matches
164,Ethan Pinnock,jmJAM,DF,Brentford,31-339,1993.0,22,21,"1,913",21.3,2,0,2,2,0,0,2,0,1.1,1.1,1.2,2.3,3,41,9,0.09,0.0,0.09,0.09,0.09,0.05,0.05,0.11,0.05,0.11,Matches
165,Evan Ferguson,ieIRL,FW,Brighton,20-196,2004.0,13,2,246,2.7,1,0,1,1,0,0,0,0,0.5,0.5,0.4,1.0,2,1,9,0.37,0.0,0.37,0.37,0.37,0.2,0.15,0.35,0.2,0.35,Matches
166,Evan Ferguson,ieIRL,FW,West Ham,20-196,2004.0,7,1,145,1.6,0,0,0,0,0,0,0,0,0.6,0.6,0.3,0.9,1,0,6,0.0,0.0,0.0,0.0,0.0,0.35,0.19,0.53,0.35,0.53,Matches
167,Evanilson,brBRA,FW,Bournemouth,25-209,1999.0,27,24,"1,972",21.9,9,1,10,9,0,1,0,1,11.0,10.2,1.6,11.9,26,19,87,0.41,0.05,0.46,0.41,0.46,0.5,0.07,0.58,0.47,0.54,Matches
168,Ezri Konsa,engENG,DF,Aston Villa,27-192,1997.0,30,29,"2,576",28.6,1,0,1,1,0,0,0,0,0.9,0.9,0.4,1.3,16,73,11,0.03,0.0,0.03,0.03,0.03,0.03,0.01,0.05,0.03,0.05,Matches
169,Fabian Schär,chSUI,DF,Newcastle Utd,33-134,1991.0,30,29,"2,575",28.6,4,0,4,4,0,0,7,1,2.1,2.1,0.4,2.5,14,95,17,0.14,0.0,0.14,0.14,0.14,0.07,0.01,0.09,0.07,0.09,Matches
170,Fabio Carvalho,ptPOR,"FW,MF",Brentford,22-246,2002.0,19,3,455,5.1,2,1,3,2,0,0,1,0,2.5,2.5,0.7,3.2,9,17,23,0.4,0.2,0.59,0.4,0.59,0.49,0.13,0.62,0.49,0.62,Matches
171,Facundo Buonanotte,arARG,"FW,MF",Leicester City,20-131,2004.0,29,14,"1,474",16.4,4,2,6,4,0,0,7,0,3.8,3.8,3.1,6.8,38,52,69,0.24,0.12,0.37,0.24,0.37,0.23,0.19,0.42,0.23,0.42,Matches
172,Federico Chiesa,itITA,FW,Liverpool,27-190,1997.0,4,0,37,0.4,0,0,0,0,0,0,0,0,0.2,0.2,0.0,0.2,2,2,6,0.0,0.0,0.0,0.0,0.0,0.6,0.0,0.6,0.6,0.6,Matches
173,Ferdi Kadioglu,trTUR,"DF,MF",Brighton,25-208,1999.0,6,5,385,4.3,1,0,1,1,0,0,1,0,0.4,0.4,0.2,0.6,1,15,27,0.23,0.0,0.23,0.23,0.23,0.1,0.04,0.14,0.1,0.14,Matches
174,Filip Jørgensen,dkDEN,GK,Chelsea,23-017,2002.0,6,6,540,6.0,0,0,0,0,0,0,0,0,0.0,0.0,0.0,0.0,0,0,0,0.0,0.0,0.0,0.0,0.0,0.0,0.0,0.0,0.0,0.0,Matches
175,Flynn Downes,engENG,MF,Southampton,26-103,1999.0,23,21,"1,791",19.9,1,0,1,1,0,0,10,0,0.6,0.6,1.1,1.7,24,59,28,0.05,0.0,0.05,0.05,0.05,0.03,0.05,0.09,0.03,0.09,Matches
176,Frank Onyeka,ngNGA,MF,Brentford,27-122,1998.0,2,0,25,0.3,0,0,0,0,0,0,0,0,0.0,0.0,0.0,0.0,0,1,0,0.0,0.0,0.0,0.0,0.0,0.0,0.0,0.0,0.0,0.0,Matches
177,Fraser Forster,engENG,GK,Tottenham,37-047,1988.0,7,7,630,7.0,0,0,0,0,0,0,0,0,0.0,0.0,0.0,0.0,0,0,0,0.0,0.0,0.0,0.0,0.0,0.0,0.0,0.0,0.0,0.0,Matches
178,Gabriel Jesus,brBRA,FW,Arsenal,28-030,1997.0,17,6,608,6.8,3,0,3,3,0,0,4,0,3.0,3.0,0.7,3.7,15,19,57,0.44,0.0,0.44,0.44,0.44,0.44,0.1,0.54,0.44,0.54,Matches
179,Gabriel Magalhães,brBRA,DF,Arsenal,27-135,1997.0,28,28,"2,363",26.3,3,1,4,3,0,0,4,0,2.6,2.6,0.9,3.5,10,126,11,0.11,0.04,0.15,0.11,0.15,0.1,0.03,0.13,0.1,0.13,Matches
180,Gabriel Martinelli,brBRA,"FW,MF",Arsenal,23-319,2001.0,29,21,"1,956",21.7,7,4,11,7,0,0,1,0,5.9,5.9,4.5,10.3,106,44,259,0.32,0.18,0.51,0.32,0.51,0.27,0.21,0.47,0.27,0.47,Matches
181,George Edmundson,engENG,DF,Ipswich Town,27-245,1997.0,1,0,2,0.0,0,0,0,0,0,0,0,0,0.0,0.0,0.0,0.0,0,0,0,0.0,0.0,0.0,0.0,0.0,0.0,0.0,0.0,0.0,0.0,Matches
182,George Hirst,sctSCO,FW,Ipswich Town,26-077,1999.0,22,3,470,5.2,2,1,3,2,0,0,1,0,1.3,1.3,0.3,1.5,9,12,27,0.38,0.19,0.57,0.38,0.57,0.25,0.05,0.29,0.25,0.29,Matches
183,Georginio Rutter,frFRA,"MF,FW",Brighton,23-013,2002.0,28,19,"1,656",18.4,5,3,8,5,0,0,2,0,4.6,4.6,2.5,7.1,42,67,79,0.27,0.16,0.43,0.27,0.43,0.25,0.14,0.39,0.25,0.39,Matches
184,Gonçalo Guedes,ptPOR,"MF,FW",Wolves,28-155,1996.0,26,7,783,8.7,2,4,6,2,0,0,1,0,2.2,2.2,1.1,3.3,32,31,60,0.23,0.46,0.69,0.23,0.69,0.26,0.13,0.38,0.26,0.38,Matches
185,Guglielmo Vicario,itITA,GK,Tottenham,28-208,1996.0,22,22,"1,980",22.0,0,0,0,0,0,0,1,0,0.0,0.0,0.0,0.0,0,1,0,0.0,0.0,0.0,0.0,0.0,0.0,0.0,0.0,0.0,0.0,Matches
186,Guido Rodríguez,arARG,MF,West Ham,31-021,1994.0,20,14,"1,018",11.3,0,0,0,0,0,0,5,0,0.2,0.2,0.1,0.3,2,31,5,0.0,0.0,0.0,0.0,0.0,0.02,0.01,0.03,0.02,0.03,Matches
187,Gustavo Nunes,brBRA,"MF,FW",Brentford,19-164,2005.0,2,0,2,0.0,0,0,0,0,0,0,0,0,0.0,0.0,0.0,0.0,0,0,0,0.0,0.0,0.0,0.0,0.0,0.0,0.0,0.0,0.0,0.0,Matches
188,Hamza Choudhury,bdBAN,"MF,DF",Leicester City,27-214,1997.0,4,1,131,1.5,0,0,0,0,0,0,0,0,0.0,0.0,0.4,0.4,4,3,6,0.0,0.0,0.0,0.0,0.0,0.0,0.27,0.27,0.0,0.27,Matches
189,Harrison Armstrong,engENG,MF,Everton,18-104,2007.0,3,0,48,0.5,0,0,0,0,0,0,1,0,0.4,0.4,0.1,0.4,1,1,0,0.0,0.0,0.0,0.0,0.0,0.69,0.14,0.82,0.69,0.82,Matches
190,Harrison Reed,engENG,MF,Fulham,30-096,1995.0,11,0,93,1.0,0,0,0,0,0,0,2,0,0.2,0.2,0.1,0.3,1,4,7,0.0,0.0,0.0,0.0,0.0,0.22,0.07,0.3,0.22,0.3,Matches
191,Harry Amass,engENG,DF,Manchester Utd,18-048,2007.0,3,2,166,1.8,0,0,0,0,0,0,0,0,0.0,0.0,0.0,0.0,5,4,12,0.0,0.0,0.0,0.0,0.0,0.01,0.01,0.03,0.01,0.03,Matches
192,Harry Clarke,engENG,DF,Ipswich Town,24-062,2001.0,7,4,379,4.2,0,0,0,0,0,0,3,1,0.1,0.1,0.0,0.1,5,14,2,0.0,0.0,0.0,0.0,0.0,0.02,0.01,0.03,0.02,0.03,Matches
193,Harry Maguire,engENG,DF,Manchester Utd,32-059,1993.0,23,17,"1,483",16.5,1,0,1,1,0,0,7,0,1.4,1.4,0.3,1.7,6,43,6,0.06,0.0,0.06,0.06,0.06,0.09,0.02,0.1,0.09,0.1,Matches
194,Harry Toffolo,engENG,DF,Nott'ham Forest,29-257,1995.0,4,1,137,1.5,0,0,0,0,0,0,1,0,0.0,0.0,0.0,0.0,0,2,4,0.0,0.0,0.0,0.0,0.0,0.01,0.0,0.01,0.01,0.01,Matches
195,Harry Wilson,wlsWAL,"FW,MF",Fulham,28-042,1997.0,21,9,937,10.4,5,1,6,5,0,0,2,0,3.2,3.2,1.1,4.3,16,46,79,0.48,0.1,0.58,0.48,0.58,0.31,0.1,0.42,0.31,0.42,Matches
196,Harry Winks,engENG,MF,Leicester City,29-090,1996.0,22,17,"1,538",17.1,0,2,2,0,0,0,4,0,0.2,0.2,1.2,1.5,19,101,11,0.0,0.12,0.12,0.0,0.12,0.01,0.07,0.09,0.01,0.09,Matches
197,Harvey Barnes,engENG,FW,Newcastle Utd,27-145,1997.0,29,13,"1,413",15.7,9,4,13,9,0,0,0,0,6.3,6.3,3.7,10.0,74,69,159,0.57,0.25,0.83,0.57,0.83,0.4,0.24,0.64,0.4,0.64,Matches
198,Harvey Elliott,engENG,"MF,FW",Liverpool,22-029,2003.0,14,0,199,2.2,0,1,1,0,0,0,1,0,0.7,0.7,0.9,1.6,7,26,23,0.0,0.45,0.45,0.0,0.45,0.33,0.39,0.72,0.33,0.72,Matches
199,Hwang Hee-chan,krKOR,"MF,FW",Wolves,29-097,1996.0,20,5,651,7.2,2,0,2,2,0,0,0,0,0.8,0.8,0.1,0.9,15,12,41,0.28,0.0,0.28,0.28,0.28,0.11,0.02,0.13,0.11,0.13,Matches
200,Hákon Rafn Valdimarsson,isISL,GK,Brentford,23-202,2001.0,2,1,145,1.6,0,0,0,0,0,0,0,0,0.0,0.0,0.0,0.0,0,0,0,0.0,0.0,0.0,0.0,0.0,0.0,0.0,0.0,0.0,0.0,Matches
201,Ian Maatsen,nlNED,DF,Aston Villa,23-054,2002.0,25,7,887,9.9,1,2,3,1,0,0,2,0,0.7,0.7,2.7,3.4,26,39,84,0.1,0.2,0.3,0.1,0.3,0.08,0.27,0.35,0.08,0.35,Matches
202,Ibrahim Sangaré,ciCIV,MF,Nott'ham Forest,27-152,1997.0,9,3,295,3.3,0,1,1,0,0,0,2,0,0.0,0.0,0.4,0.4,0,14,2,0.0,0.31,0.31,0.0,0.31,0.01,0.12,0.12,0.01,0.12,Matches
203,Ibrahima Konaté,frFRA,DF,Liverpool,25-343,1999.0,28,27,"2,320",25.8,1,2,3,1,0,0,5,0,1.7,1.7,1.0,2.7,21,103,3,0.04,0.08,0.12,0.04,0.12,0.07,0.04,0.1,0.07,0.1,Matches
204,Idrissa Gana Gueye,snSEN,MF,Everton,35-219,1989.0,33,31,"2,705",30.1,0,3,3,0,0,0,8,0,1.1,1.1,1.7,2.8,24,126,23,0.0,0.1,0.1,0.0,0.1,0.04,0.06,0.09,0.04,0.09,Matches
205,Igor,brBRA,DF,Brighton,27-085,1998.0,12,9,903,10.0,0,0,0,0,0,0,4,0,0.0,0.0,0.2,0.2,9,44,0,0.0,0.0,0.0,0.0,0.0,0.0,0.02,0.02,0.0,0.02,Matches
206,Iliman Ndiaye,snSEN,FW,Everton,25-058,2000.0,29,26,"2,162",24.0,7,0,7,5,2,2,3,0,5.2,3.6,1.6,5.2,79,45,106,0.29,0.0,0.29,0.21,0.21,0.22,0.07,0.28,0.15,0.22,Matches
207,Illia Zabarnyi,uaUKR,DF,Bournemouth,22-244,2002.0,32,31,"2,752",30.6,0,0,0,0,0,0,3,1,1.1,1.1,0.6,1.6,24,125,4,0.0,0.0,0.0,0.0,0.0,0.03,0.02,0.05,0.03,0.05,Matches
208,Ismaila Sarr,snSEN,"MF,FW",Crystal Palace,27-067,1998.0,34,26,"2,392",26.6,7,4,11,7,0,0,4,0,8.7,8.7,7.0,15.7,67,76,164,0.26,0.15,0.41,0.26,0.41,0.33,0.26,0.59,0.33,0.59,Matches
209,Issa Diop,frFRA,DF,Fulham,28-114,1997.0,21,15,"1,339",14.9,0,0,0,0,0,0,2,0,0.5,0.5,0.1,0.6,6,25,3,0.0,0.0,0.0,0.0,0.0,0.04,0.01,0.04,0.04,0.04,Matches
210,Jack Clarke,engENG,"FW,MF",Ipswich Town,24-161,2000.0,28,11,"1,033",11.5,0,4,4,0,0,0,2,0,1.0,1.0,2.0,2.9,30,33,47,0.0,0.35,0.35,0.0,0.35,0.09,0.17,0.26,0.09,0.26,Matches
211,Jack Grealish,engENG,"FW,MF",Manchester City,29-235,1995.0,19,7,720,8.0,1,1,2,1,0,0,3,0,1.1,1.1,1.8,3.0,69,52,118,0.12,0.12,0.25,0.12,0.25,0.14,0.23,0.37,0.14,0.37,Matches
212,Jack Harrison,engENG,FW,Everton,28-164,1996.0,30,22,"1,887",21.0,1,0,1,1,0,0,0,0,3.3,3.3,3.7,7.0,62,45,116,0.05,0.0,0.05,0.05,0.05,0.16,0.18,0.33,0.16,0.33,Matches
213,Jack Hinshelwood,engENG,"DF,MF",Brighton,20-022,2005.0,22,20,"1,676",18.6,2,2,4,2,0,0,5,0,1.5,1.5,1.3,2.8,16,60,46,0.11,0.11,0.21,0.11,0.21,0.08,0.07,0.15,0.08,0.15,Matches
214,Jack Stephens,engENG,DF,Southampton,31-096,1994.0,16,14,"1,164",12.9,1,0,1,1,0,0,2,2,0.6,0.6,0.2,0.7,13,50,2,0.08,0.0,0.08,0.08,0.08,0.04,0.01,0.06,0.04,0.06,Matches
215,Jack Taylor,ieIRL,MF,Ipswich Town,26-314,1998.0,28,2,685,7.6,1,0,1,1,0,0,3,0,0.7,0.7,0.5,1.2,11,39,18,0.13,0.0,0.13,0.13,0.13,0.09,0.07,0.16,0.09,0.16,Matches
216,Jacob Greaves,engENG,DF,Ipswich Town,24-233,2000.0,21,21,"1,845",20.5,1,0,1,1,0,0,5,0,1.2,1.2,0.0,1.3,6,51,7,0.05,0.0,0.05,0.05,0.05,0.06,0.0,0.06,0.06,0.06,Matches
217,Jacob Murphy,engENG,FW,Newcastle Utd,30-068,1995.0,31,27,"2,084",23.2,8,11,19,8,0,0,3,0,5.6,5.6,8.1,13.7,69,63,210,0.35,0.48,0.82,0.35,0.82,0.24,0.35,0.59,0.24,0.59,Matches
218,Jacob Ramsey,engENG,"FW,MF",Aston Villa,23-340,2001.0,26,18,"1,485",16.5,1,3,4,1,0,0,2,0,1.4,1.4,2.1,3.5,57,64,103,0.06,0.18,0.24,0.06,0.24,0.09,0.12,0.21,0.09,0.21,Matches
219,Jaden Philogene Bidace,engENG,"FW,MF",Aston Villa,23-084,2002.0,11,2,332,3.7,0,0,0,0,0,0,4,1,0.5,0.5,0.3,0.8,7,4,17,0.0,0.0,0.0,0.0,0.0,0.13,0.08,0.2,0.13,0.2,Matches
220,Jaden Philogene Bidace,engENG,"FW,DF",Ipswich Town,23-084,2002.0,10,5,474,5.3,2,0,2,2,0,0,1,0,2.0,2.0,0.2,2.2,13,10,36,0.38,0.0,0.38,0.38,0.38,0.37,0.05,0.42,0.37,0.42,Matches
221,Jadon Sancho,engENG,FW,Chelsea,25-039,2000.0,28,18,"1,668",18.5,3,4,7,3,0,0,1,0,2.0,2.0,3.4,5.4,96,86,214,0.16,0.22,0.38,0.16,0.38,0.11,0.18,0.29,0.11,0.29,Matches
222,Jahmai Simpson-Pusey,engENG,DF,Manchester City,19-180,2005.0,2,1,96,1.1,0,0,0,0,0,0,1,0,0.0,0.0,0.0,0.0,1,3,0,0.0,0.0,0.0,0.0,0.0,0.0,0.0,0.0,0.0,0.0,Matches
223,Jake Evans,,FW,Leicester City,,,1,0,1,0.0,0,0,0,0,0,0,0,0,0.0,0.0,0.0,0.0,0,0,0,0.0,0.0,0.0,0.0,0.0,0.0,0.0,0.0,0.0,0.0,Matches
224,Jake O'Brien,ieIRL,DF,Everton,23-353,2001.0,17,14,"1,301",14.5,2,0,2,2,0,0,4,0,0.7,0.7,0.6,1.3,7,41,24,0.14,0.0,0.14,0.14,0.14,0.05,0.04,0.09,0.05,0.09,Matches
225,Jakub Kiwior,plPOL,DF,Arsenal,25-077,2000.0,13,6,762,8.5,1,0,1,1,0,0,0,0,0.2,0.2,0.3,0.4,5,35,0,0.12,0.0,0.12,0.12,0.12,0.02,0.03,0.05,0.02,0.05,Matches
226,Jakub Moder,plPOL,MF,Brighton,26-026,1999.0,4,0,11,0.1,0,0,0,0,0,0,0,0,0.0,0.0,0.2,0.2,2,4,0,0.0,0.0,0.0,0.0,0.0,0.0,1.45,1.45,0.0,1.45,Matches
227,Jakub Stolarczyk,plPOL,GK,Leicester City,24-135,2000.0,6,6,540,6.0,0,0,0,0,0,0,1,0,0.0,0.0,0.0,0.0,0,1,0,0.0,0.0,0.0,0.0,0.0,0.0,0.0,0.0,0.0,0.0,Matches
228,James Bree,engENG,DF,Southampton,27-204,1997.0,15,11,895,9.9,0,1,1,0,0,0,0,0,0.1,0.1,0.9,1.0,10,31,34,0.0,0.1,0.1,0.0,0.1,0.01,0.09,0.1,0.01,0.1,Matches
229,James Garner,engENG,"MF,DF",Everton,24-051,2001.0,17,13,"1,234",13.7,0,1,1,0,0,0,3,0,0.3,0.3,1.3,1.6,10,38,22,0.0,0.07,0.07,0.0,0.07,0.02,0.09,0.12,0.02,0.12,Matches
230,James Hill,engENG,DF,Bournemouth,23-113,2002.0,10,6,448,5.0,0,1,1,0,0,0,1,0,0.3,0.3,0.3,0.6,3,16,8,0.0,0.2,0.2,0.0,0.2,0.06,0.05,0.11,0.06,0.11,Matches
231,James Justin,engENG,DF,Leicester City,27-069,1998.0,32,30,"2,579",28.7,2,1,3,2,0,0,5,0,1.5,1.5,0.6,2.1,37,86,92,0.07,0.03,0.1,0.07,0.1,0.05,0.02,0.07,0.05,0.07,Matches
232,James Maddison,engENG,MF,Tottenham,28-161,1996.0,31,21,"1,809",20.1,9,7,16,9,0,0,6,0,5.8,5.8,4.2,10.0,45,164,95,0.45,0.35,0.8,0.45,0.8,0.29,0.21,0.5,0.29,0.5,Matches
233,James Mcatee,engENG,"MF,FW",Manchester City,22-197,2002.0,14,2,304,3.4,3,0,3,3,0,0,1,0,2.8,2.8,0.3,3.1,7,6,26,0.89,0.0,0.89,0.89,0.89,0.83,0.1,0.93,0.83,0.93,Matches
234,James Milner,engENG,MF,Brighton,39-119,1986.0,3,3,169,1.9,0,0,0,0,0,0,1,0,0.2,0.2,0.2,0.4,1,10,10,0.0,0.0,0.0,0.0,0.0,0.09,0.12,0.21,0.09,0.21,Matches
235,James Tarkowski,engENG,DF,Everton,32-165,1992.0,33,33,"2,922",32.5,1,1,2,1,0,0,6,0,1.3,1.3,2.9,4.2,9,75,3,0.03,0.03,0.06,0.03,0.06,0.04,0.09,0.13,0.04,0.13,Matches
236,James Ward-Prowse,engENG,MF,Nott'ham Forest,30-183,1994.0,9,5,400,4.4,0,1,1,0,0,0,2,1,0.1,0.1,1.1,1.2,1,16,3,0.0,0.23,0.23,0.0,0.23,0.01,0.25,0.26,0.01,0.26,Matches
237,James Ward-Prowse,engENG,MF,West Ham,30-183,1994.0,11,9,802,8.9,0,1,1,0,0,0,2,0,0.5,0.5,1.1,1.6,9,45,4,0.0,0.11,0.11,0.0,0.11,0.06,0.12,0.18,0.06,0.18,Matches
238,Jamie Vardy,engENG,FW,Leicester City,38-112,1987.0,32,32,"2,571",28.6,7,3,10,6,1,2,5,0,10.2,8.7,2.9,11.6,27,20,108,0.25,0.11,0.35,0.21,0.32,0.36,0.1,0.46,0.3,0.4,Matches
239,Jan Bednarek,plPOL,DF,Southampton,29-021,1996.0,28,28,"2,351",26.1,2,0,2,2,0,0,7,0,0.7,0.7,0.5,1.2,4,58,2,0.08,0.0,0.08,0.08,0.08,0.02,0.02,0.05,0.02,0.05,Matches
240,Jan Paul van Hecke,nlNED,DF,Brighton,24-329,2000.0,30,29,"2,598",28.9,1,1,2,1,0,0,8,1,1.3,1.3,1.5,2.7,53,209,5,0.03,0.03,0.07,0.03,0.07,0.04,0.05,0.09,0.04,0.09,Matches
241,Jannik Vestergaard,dkDEN,DF,Leicester City,32-273,1992.0,18,16,"1,391",15.5,0,0,0,0,0,0,5,0,0.1,0.1,0.1,0.2,3,32,2,0.0,0.0,0.0,0.0,0.0,0.01,0.01,0.01,0.01,0.01,Matches
242,Jarell Quansah,engENG,DF,Liverpool,22-094,2003.0,11,2,315,3.5,0,0,0,0,0,0,1,0,0.1,0.1,0.1,0.2,2,12,4,0.0,0.0,0.0,0.0,0.0,0.03,0.02,0.05,0.03,0.05,Matches
243,Jarrad Branthwaite,engENG,DF,Everton,22-310,2002.0,27,25,"2,258",25.1,0,1,1,0,0,0,4,0,1.1,1.1,0.6,1.6,9,57,2,0.0,0.04,0.04,0.0,0.04,0.04,0.02,0.07,0.04,0.07,Matches
244,Jarrod Bowen,engENG,"FW,MF",West Ham,28-134,1996.0,30,30,"2,631",29.2,9,7,16,8,1,1,1,0,7.4,6.7,6.3,13.1,97,85,183,0.31,0.24,0.55,0.27,0.51,0.25,0.22,0.47,0.23,0.45,Matches
245,Jason Steele,engENG,GK,Brighton,34-258,1990.0,2,2,180,2.0,0,0,0,0,0,0,0,0,0.0,0.0,0.0,0.0,0,0,0,0.0,0.0,0.0,0.0,0.0,0.0,0.0,0.0,0.0,0.0,Matches
246,Jay Robinson,engENG,MF,Southampton,18-049,2007.0,1,0,2,0.0,0,0,0,0,0,0,0,0,0.0,0.0,0.0,0.0,1,0,0,0.0,0.0,0.0,0.0,0.0,0.0,1.69,1.69,0.0,1.69,Matches
247,Jay Stansfield,engENG,MF,Fulham,22-160,2002.0,1,0,1,0.0,0,0,0,0,0,0,0,0,0.0,0.0,0.0,0.0,0,0,0,0.0,0.0,0.0,0.0,0.0,0.0,0.0,0.0,0.0,0.0,Matches
248,Jayden Danns,engENG,MF,Liverpool,19-107,2006.0,1,0,11,0.1,0,0,0,0,0,0,0,0,0.0,0.0,0.0,0.0,0,0,0,0.0,0.0,0.0,0.0,0.0,0.0,0.0,0.0,0.0,0.0,Matches
249,Jayden Meghoma,engENG,DF,Brentford,18-309,2006.0,1,0,5,0.1,0,0,0,0,0,0,0,0,0.0,0.0,0.0,0.0,0,0,0,0.0,0.0,0.0,0.0,0.0,0.0,0.0,0.0,0.0,0.0,Matches
250,Jean-Clair Todibo,frFRA,DF,West Ham,25-124,1999.0,23,16,"1,485",16.5,0,0,0,0,0,0,2,0,0.2,0.2,0.0,0.2,9,28,5,0.0,0.0,0.0,0.0,0.0,0.01,0.0,0.01,0.01,0.01,Matches
251,Jean-Philippe Mateta,frFRA,FW,Crystal Palace,27-309,1997.0,33,30,"2,442",27.1,14,2,16,12,2,2,2,0,12.1,10.5,3.1,13.6,37,46,114,0.52,0.07,0.59,0.44,0.52,0.45,0.11,0.56,0.39,0.5,Matches
252,Jean-Ricner Bellegarde,frFRA,"MF,FW",Wolves,26-310,1998.0,32,19,"1,551",17.2,2,6,8,2,0,0,3,0,1.3,1.3,3.6,4.9,49,39,83,0.12,0.35,0.46,0.12,0.46,0.08,0.21,0.28,0.08,0.28,Matches
253,Jefferson Lerma,coCOL,"MF,DF",Crystal Palace,30-190,1994.0,29,23,"2,030",22.6,0,1,1,0,0,0,8,0,1.0,1.0,1.5,2.5,11,86,24,0.0,0.04,0.04,0.0,0.04,0.04,0.06,0.11,0.04,0.11,Matches
254,Jeffrey Schlupp,ghGHA,"MF,DF",Crystal Palace,32-131,1992.0,12,0,103,1.1,0,0,0,0,0,0,0,0,0.2,0.2,0.2,0.3,4,5,9,0.0,0.0,0.0,0.0,0.0,0.14,0.14,0.28,0.14,0.28,Matches
255,Jens Cajuste,seSWE,MF,Ipswich Town,25-266,1999.0,26,23,"1,774",19.7,1,0,1,1,0,0,2,0,0.5,0.5,0.6,1.1,23,46,16,0.05,0.0,0.05,0.05,0.05,0.02,0.03,0.06,0.02,0.06,Matches
256,Jeremy Doku,beBEL,"FW,MF",Manchester City,22-341,2002.0,26,15,"1,397",15.5,3,6,9,3,0,0,1,0,1.0,1.0,4.4,5.4,189,66,259,0.19,0.39,0.58,0.19,0.58,0.07,0.28,0.35,0.07,0.35,Matches
257,Jeremy Monga,,FW,Leicester City,,,3,0,31,0.3,0,0,0,0,0,0,0,0,0.0,0.0,0.0,0.0,1,1,4,0.0,0.0,0.0,0.0,0.0,0.0,0.0,0.0,0.0,0.0,Matches
258,Jeremy Sarmiento,ecECU,MF,Brighton,22-321,2002.0,1,0,9,0.1,0,0,0,0,0,0,0,0,0.0,0.0,0.0,0.0,0,0,2,0.0,0.0,0.0,0.0,0.0,0.0,0.0,0.0,0.0,0.0,Matches
259,Jesper Lindstrøm,dkDEN,FW,Everton,25-063,2000.0,25,15,"1,239",13.8,0,1,1,0,0,0,2,0,2.1,2.1,2.0,4.1,30,25,81,0.0,0.07,0.07,0.0,0.07,0.15,0.15,0.3,0.15,0.3,Matches
260,Joachim Andersen,dkDEN,DF,Crystal Palace,28-337,1996.0,1,1,90,1.0,0,0,0,0,0,0,1,0,0.0,0.0,0.0,0.0,1,4,1,0.0,0.0,0.0,0.0,0.0,0.04,0.0,0.04,0.04,0.04,Matches
261,Joachim Andersen,dkDEN,DF,Fulham,28-337,1996.0,25,25,"2,223",24.7,0,0,0,0,0,0,5,1,0.9,0.9,0.3,1.3,13,103,2,0.0,0.0,0.0,0.0,0.0,0.04,0.01,0.05,0.04,0.05,Matches
262,Joe Aribo,ngNGA,"MF,DF",Southampton,28-286,1996.0,30,20,"1,909",21.2,3,0,3,3,0,0,1,0,2.7,2.7,1.6,4.3,35,71,64,0.14,0.0,0.14,0.14,0.14,0.13,0.07,0.2,0.13,0.2,Matches
263,Joe Gomez,engENG,DF,Liverpool,27-345,1997.0,9,6,519,5.8,0,0,0,0,0,0,1,0,0.3,0.3,0.1,0.4,5,35,2,0.0,0.0,0.0,0.0,0.0,0.06,0.02,0.08,0.06,0.08,Matches
264,Joe Lumley,engENG,GK,Southampton,30-077,1995.0,3,3,270,3.0,0,0,0,0,0,0,0,0,0.0,0.0,0.0,0.0,0,0,0,0.0,0.0,0.0,0.0,0.0,0.0,0.0,0.0,0.0,0.0,Matches
265,Joe Willock,engENG,"MF,FW",Newcastle Utd,25-256,1999.0,29,10,953,10.6,0,2,2,0,0,0,2,0,1.5,1.5,1.9,3.4,34,35,76,0.0,0.19,0.19,0.0,0.19,0.14,0.18,0.32,0.14,0.32,Matches
266,Joel Ward,engENG,DF,Crystal Palace,35-186,1989.0,1,0,1,0.0,0,0,0,0,0,0,0,0,0.0,0.0,0.0,0.0,0,0,0,0.0,0.0,0.0,0.0,0.0,0.0,0.0,0.0,0.0,0.0,Matches
267,Joelinton,brBRA,"MF,FW",Newcastle Utd,28-262,1996.0,29,29,"2,393",26.6,4,3,7,4,0,0,10,0,3.9,3.9,2.5,6.4,40,116,110,0.15,0.11,0.26,0.15,0.26,0.15,0.09,0.24,0.15,0.24,Matches
268,John McGinn,sctSCO,"MF,FW",Aston Villa,30-197,1994.0,30,24,"1,992",22.1,1,3,4,1,0,0,7,0,2.9,2.6,3.4,6.0,30,90,70,0.05,0.14,0.18,0.05,0.18,0.13,0.15,0.28,0.12,0.27,Matches
269,John Stones,engENG,"DF,MF",Manchester City,30-340,1994.0,11,6,548,6.1,2,0,2,2,0,0,1,0,0.4,0.4,0.1,0.5,10,21,2,0.33,0.0,0.33,0.33,0.33,0.07,0.01,0.08,0.07,0.08,Matches
270,Jonny Evans,nirNIR,DF,Manchester Utd,37-120,1988.0,6,3,290,3.2,0,0,0,0,0,0,1,0,0.1,0.1,0.0,0.1,1,8,2,0.0,0.0,0.0,0.0,0.0,0.03,0.0,0.03,0.03,0.03,Matches
271,Jordan Ayew,ghGHA,"FW,MF",Leicester City,33-234,1991.0,26,15,"1,356",15.1,4,0,4,3,1,1,5,0,2.9,2.1,0.8,2.9,42,33,75,0.27,0.0,0.27,0.2,0.2,0.19,0.06,0.25,0.14,0.19,Matches
272,Jordan Ayew,ghGHA,"FW,MF",Crystal Palace,33-234,1991.0,1,0,21,0.2,0,0,0,0,0,0,1,0,0.5,0.5,0.0,0.5,0,0,1,0.0,0.0,0.0,0.0,0.0,1.96,0.21,2.17,1.96,2.17,Matches
273,Jordan Pickford,engENG,GK,Everton,31-057,1994.0,34,34,"3,060",34.0,0,1,1,0,0,0,7,0,0.0,0.0,0.4,0.4,0,0,0,0.0,0.03,0.03,0.0,0.03,0.0,0.01,0.01,0.0,0.01,Matches
274,Jorge Cuenca,esESP,DF,Fulham,25-167,1999.0,6,3,259,2.9,0,0,0,0,0,0,0,0,0.0,0.0,0.0,0.0,0,9,0,0.0,0.0,0.0,0.0,0.0,0.01,0.0,0.01,0.01,0.01,Matches
275,Jorginho,itITA,MF,Arsenal,33-134,1991.0,14,9,703,7.8,0,0,0,0,0,0,5,0,0.1,0.1,0.4,0.5,12,48,6,0.0,0.0,0.0,0.0,0.0,0.01,0.05,0.06,0.01,0.06,Matches
276,Joshua Acheampong,engENG,DF,Chelsea,18-363,2006.0,4,2,170,1.9,0,0,0,0,0,0,1,0,0.2,0.2,0.0,0.2,0,8,0,0.0,0.0,0.0,0.0,0.0,0.12,0.0,0.12,0.12,0.12,Matches
277,Joshua King,engENG,"MF,FW",Fulham,18-120,2007.0,5,1,80,0.9,0,0,0,0,0,0,0,0,0.2,0.2,0.4,0.6,1,4,9,0.0,0.0,0.0,0.0,0.0,0.22,0.48,0.7,0.22,0.7,Matches
278,Joshua Zirkzee,nlNED,"FW,MF",Manchester Utd,23-346,2001.0,32,14,"1,402",15.6,3,1,4,3,0,0,2,0,4.8,4.8,1.5,6.3,14,44,69,0.19,0.06,0.26,0.19,0.26,0.31,0.1,0.41,0.31,0.41,Matches
279,José Sá,ptPOR,GK,Wolves,32-106,1993.0,27,27,"2,430",27.0,0,0,0,0,0,0,2,0,0.0,0.0,0.1,0.1,0,2,0,0.0,0.0,0.0,0.0,0.0,0.0,0.01,0.01,0.0,0.01,Matches
280,Jota Silva,ptPOR,"FW,MF",Nott'ham Forest,25-275,1999.0,28,5,844,9.4,3,1,4,3,0,0,5,0,2.0,2.0,2.9,4.9,20,18,58,0.32,0.11,0.43,0.32,0.43,0.22,0.31,0.52,0.22,0.52,Matches
281,João Félix,ptPOR,"FW,MF",Chelsea,25-174,1999.0,12,3,369,4.1,1,1,2,1,0,0,2,0,2.2,2.2,1.0,3.2,21,26,30,0.24,0.24,0.49,0.24,0.49,0.54,0.23,0.78,0.54,0.78,Matches
282,João Gomes,brBRA,MF,Wolves,24-080,2001.0,33,33,"2,781",30.9,3,1,4,3,0,0,10,1,2.7,2.7,1.2,3.9,53,148,68,0.1,0.03,0.13,0.1,0.13,0.09,0.04,0.13,0.09,0.13,Matches
283,João Pedro,brBRA,"FW,MF",Brighton,23-219,2001.0,27,23,"1,948",21.6,10,6,16,5,5,5,4,1,8.9,5.0,5.0,10.0,66,78,128,0.46,0.28,0.74,0.23,0.51,0.41,0.23,0.64,0.23,0.46,Matches
284,Joël Veltman,nlNED,DF,Brighton,33-108,1992.0,19,19,"1,643",18.3,0,0,0,0,0,0,4,0,0.5,0.5,0.5,0.9,29,79,32,0.0,0.0,0.0,0.0,0.0,0.03,0.03,0.05,0.03,0.05,Matches
285,Joško Gvardiol,hrCRO,DF,Manchester City,23-100,2002.0,34,33,"3,007",33.4,5,0,5,5,0,0,2,0,4.4,4.0,2.0,6.0,81,251,98,0.15,0.0,0.15,0.15,0.15,0.13,0.06,0.19,0.12,0.18,Matches
286,Julian Araujo,mxMEX,DF,Bournemouth,23-263,2001.0,9,5,362,4.0,0,0,0,0,0,0,1,0,0.0,0.0,0.0,0.0,3,14,18,0.0,0.0,0.0,0.0,0.0,0.0,0.0,0.0,0.0,0.0,Matches
287,Julio Enciso,pyPAR,"MF,FW",Brighton,21-100,2004.0,12,2,294,3.3,0,0,0,0,0,0,0,0,1.0,1.0,0.2,1.2,11,14,17,0.0,0.0,0.0,0.0,0.0,0.31,0.07,0.38,0.31,0.38,Matches
288,Julio Enciso,pyPAR,"FW,MF",Ipswich Town,21-100,2004.0,10,9,620,6.9,1,3,4,1,0,0,3,0,1.2,1.2,1.2,2.4,13,22,30,0.15,0.44,0.58,0.15,0.58,0.17,0.18,0.35,0.17,0.35,Matches
289,Julio Soler,arARG,FW,Bournemouth,20-076,2005.0,1,0,2,0.0,0,0,0,0,0,0,0,0,0.0,0.0,0.0,0.0,0,0,0,0.0,0.0,0.0,0.0,0.0,0.0,0.0,0.0,0.0,0.0,Matches
290,Jurriën Timber,nlNED,DF,Arsenal,23-320,2001.0,30,27,"2,417",26.9,1,3,4,1,0,0,7,0,1.2,1.2,0.8,2.1,57,146,104,0.04,0.11,0.15,0.04,0.15,0.05,0.03,0.08,0.05,0.08,Matches
291,Justin Devenny,nirNIR,MF,Crystal Palace,21-204,2003.0,20,4,429,4.8,1,0,1,1,0,0,1,0,0.7,0.7,0.4,1.1,4,16,12,0.21,0.0,0.21,0.21,0.21,0.14,0.09,0.22,0.14,0.22,Matches
292,Justin Kluivert,nlNED,"MF,FW",Bournemouth,25-363,1999.0,30,26,"2,097",23.3,12,6,18,6,6,6,8,0,9.9,5.2,4.8,10.0,72,95,146,0.52,0.26,0.77,0.26,0.52,0.42,0.21,0.63,0.22,0.43,Matches
293,Jáder Durán,coCOL,FW,Aston Villa,21-141,2003.0,20,4,638,7.1,7,0,7,7,0,0,3,1,4.9,4.9,0.2,5.1,7,13,44,0.99,0.0,0.99,0.99,0.99,0.69,0.03,0.71,0.69,0.71,Matches
294,Jørgen Strand Larsen,noNOR,FW,Wolves,25-086,2000.0,32,29,"2,463",27.4,13,2,15,13,0,0,4,0,10.0,10.0,2.4,12.4,16,28,106,0.48,0.07,0.55,0.48,0.55,0.37,0.09,0.45,0.37,0.45,Matches
295,Kaelan Casey,engENG,DF,West Ham,20-187,2004.0,1,0,1,0.0,0,0,0,0,0,0,0,0,0.0,0.0,0.0,0.0,0,0,0,0.0,0.0,0.0,0.0,0.0,0.0,0.0,0.0,0.0,0.0,Matches
296,Kai Havertz,deGER,"FW,MF",Arsenal,25-326,1999.0,21,21,"1,839",20.4,9,3,12,9,0,0,4,0,9.4,9.4,2.4,11.8,34,59,110,0.44,0.15,0.59,0.44,0.59,0.46,0.12,0.58,0.46,0.58,Matches
297,Kalvin Phillips,engENG,MF,Ipswich Town,29-152,1995.0,18,14,"1,214",13.5,0,0,0,0,0,0,6,1,0.4,0.4,0.2,0.6,4,49,4,0.0,0.0,0.0,0.0,0.0,0.03,0.02,0.05,0.03,0.05,Matches
298,Kamaldeen Sulemana,ghGHA,"FW,MF",Southampton,23-077,2002.0,22,13,"1,122",12.5,1,1,2,1,0,0,1,0,1.3,1.3,0.7,2.0,56,25,72,0.08,0.08,0.16,0.08,0.16,0.11,0.06,0.16,0.11,0.16,Matches
299,Kaoru Mitoma,jpJPN,"FW,MF",Brighton,27-348,1997.0,33,28,"2,521",28.0,9,3,12,9,0,0,1,0,8.8,8.8,4.4,13.2,138,82,277,0.32,0.11,0.43,0.32,0.43,0.31,0.16,0.47,0.31,0.47,Matches
300,Kasey McAteer,ieIRL,"FW,MF",Leicester City,23-162,2001.0,14,5,529,5.9,0,1,1,0,0,0,2,0,0.6,0.6,0.5,1.1,14,10,48,0.0,0.17,0.17,0.0,0.17,0.1,0.08,0.18,0.1,0.18,Matches
301,Keane Lewis-Potter,engENG,"DF,FW",Brentford,24-070,2001.0,34,32,"2,759",30.7,1,3,4,1,0,0,6,0,2.6,2.6,3.0,5.6,92,88,143,0.03,0.1,0.13,0.03,0.13,0.08,0.1,0.18,0.08,0.18,Matches
302,Kenny Tete,nlNED,DF,Fulham,29-206,1995.0,18,17,"1,438",16.0,0,2,2,0,0,0,3,0,1.2,1.2,0.9,2.1,33,46,45,0.0,0.13,0.13,0.0,0.13,0.08,0.05,0.13,0.08,0.13,Matches
303,Kepa Arrizabalaga,esESP,GK,Bournemouth,30-212,1994.0,27,27,"2,430",27.0,0,0,0,0,0,0,3,0,0.1,0.1,0.0,0.1,0,2,0,0.0,0.0,0.0,0.0,0.0,0.0,0.0,0.0,0.0,0.0,Matches
304,Kevin Danso,atAUT,DF,Tottenham,26-226,1998.0,6,5,482,5.4,0,0,0,0,0,0,0,0,0.4,0.4,0.1,0.5,10,17,1,0.0,0.0,0.0,0.0,0.0,0.07,0.01,0.08,0.07,0.08,Matches
305,Kevin De Bruyne,beBEL,"MF,FW",Manchester City,33-309,1991.0,25,17,"1,538",17.1,4,7,11,4,0,0,2,0,3.8,3.8,7.6,11.4,47,135,137,0.23,0.41,0.64,0.23,0.64,0.22,0.44,0.67,0.22,0.67,Matches
306,Kevin Schade,deGER,FW,Brentford,23-157,2001.0,34,22,"1,998",22.2,8,2,10,8,0,0,3,0,6.5,6.5,3.4,9.9,56,32,144,0.36,0.09,0.45,0.36,0.45,0.29,0.15,0.45,0.29,0.45,Matches
307,Kieran Tierney,sctSCO,"DF,FW",Arsenal,27-332,1997.0,10,1,181,2.0,0,0,0,0,0,0,0,0,0.2,0.2,0.9,1.1,5,12,22,0.0,0.0,0.0,0.0,0.0,0.1,0.43,0.53,0.1,0.53,Matches
308,Kieran Trippier,engENG,DF,Newcastle Utd,34-226,1990.0,23,13,"1,192",13.2,0,3,3,0,0,0,1,0,0.1,0.1,1.3,1.3,25,106,52,0.0,0.23,0.23,0.0,0.23,0.01,0.1,0.1,0.01,0.1,Matches
309,Kiernan Dewsbury-Hall,engENG,"MF,FW",Chelsea,26-239,1998.0,12,2,259,2.9,0,1,1,0,0,0,0,0,0.2,0.2,1.1,1.3,5,14,11,0.0,0.35,0.35,0.0,0.35,0.08,0.37,0.45,0.08,0.45,Matches
310,Kim Jisoo,krKOR,DF,Brentford,20-130,2004.0,3,0,30,0.3,0,0,0,0,0,0,0,0,0.0,0.0,0.0,0.0,0,2,0,0.0,0.0,0.0,0.0,0.0,0.0,0.0,0.0,0.0,0.0,Matches
311,Kobbie Mainoo,engENG,MF,Manchester Utd,20-014,2005.0,21,17,"1,416",15.7,0,0,0,0,0,0,5,0,0.6,0.6,1.6,2.2,21,56,38,0.0,0.0,0.0,0.0,0.0,0.04,0.1,0.14,0.04,0.14,Matches
312,Konstantinos Mavropanos,grGRE,DF,West Ham,27-143,1997.0,30,20,"1,944",21.6,0,0,0,0,0,0,6,1,1.5,1.5,0.5,2.0,16,60,2,0.0,0.0,0.0,0.0,0.0,0.07,0.02,0.09,0.07,0.09,Matches
313,Kosta Nedeljković,rsSRB,DF,Aston Villa,19-138,2005.0,5,0,126,1.4,0,0,0,0,0,0,0,0,0.0,0.0,0.0,0.0,1,6,0,0.0,0.0,0.0,0.0,0.0,0.0,0.0,0.0,0.0,0.0,Matches
314,Kostas Tsimikas,grGRE,DF,Liverpool,28-356,1996.0,16,7,666,7.4,0,1,1,0,0,0,2,0,0.4,0.4,1.8,2.2,15,67,38,0.0,0.14,0.14,0.0,0.14,0.05,0.25,0.3,0.05,0.3,Matches
315,Kristoffer Ajer,noNOR,DF,Brentford,27-016,1998.0,21,17,"1,395",15.5,0,0,0,0,0,0,5,0,0.8,0.8,1.2,2.1,27,52,42,0.0,0.0,0.0,0.0,0.0,0.05,0.08,0.13,0.05,0.13,Matches
316,Kyle Walker,engENG,DF,Manchester City,34-340,1990.0,15,9,970,10.8,0,0,0,0,0,0,3,0,0.1,0.1,0.4,0.6,12,64,11,0.0,0.0,0.0,0.0,0.0,0.01,0.04,0.05,0.01,0.05,Matches
317,Kyle Walker-Peters,engENG,DF,Southampton,28-020,1997.0,32,32,"2,828",31.4,0,2,2,0,0,0,5,0,0.8,0.8,2.7,3.6,112,134,139,0.0,0.06,0.06,0.0,0.06,0.03,0.09,0.11,0.03,0.11,Matches
318,Lamare Bogarde,nlNED,"DF,MF",Aston Villa,21-118,2004.0,8,5,476,5.3,0,0,0,0,0,0,2,0,0.0,0.0,0.1,0.2,12,14,9,0.0,0.0,0.0,0.0,0.0,0.01,0.02,0.03,0.01,0.03,Matches
319,Leandro Trossard,beBEL,FW,Arsenal,30-150,1994.0,34,25,"2,264",25.2,8,5,13,8,0,0,4,1,6.6,6.6,5.1,11.8,71,91,202,0.32,0.2,0.52,0.32,0.52,0.26,0.2,0.47,0.26,0.47,Matches
320,Leif Davis,engENG,DF,Ipswich Town,25-111,2000.0,31,30,"2,563",28.5,1,2,3,1,0,0,5,1,0.9,0.9,4.3,5.2,48,55,117,0.04,0.07,0.11,0.04,0.11,0.03,0.15,0.18,0.03,0.18,Matches
321,Leny Yoro,frFRA,DF,Manchester Utd,19-171,2005.0,19,11,"1,069",11.9,0,0,0,0,0,0,5,0,0.7,0.7,0.0,0.7,19,48,4,0.0,0.0,0.0,0.0,0.0,0.06,0.0,0.06,0.06,0.06,Matches
322,Leon Bailey,jmJAM,"FW,MF",Aston Villa,27-267,1997.0,23,14,"1,138",12.6,1,2,3,1,0,0,3,0,1.7,1.7,1.5,3.3,57,35,121,0.08,0.16,0.24,0.08,0.24,0.14,0.12,0.26,0.14,0.26,Matches
323,Lesley Ugochukwu,frFRA,MF,Southampton,21-038,2004.0,23,15,"1,447",16.1,1,1,2,1,0,0,5,0,0.8,0.8,1.0,1.8,27,48,20,0.06,0.06,0.12,0.06,0.12,0.05,0.06,0.11,0.05,0.11,Matches
324,Levi Colwill,engENG,DF,Chelsea,22-066,2003.0,31,31,"2,789",31.0,1,1,2,1,0,0,8,0,1.3,1.3,1.1,2.5,13,124,11,0.03,0.03,0.06,0.03,0.06,0.04,0.04,0.08,0.04,0.08,Matches
325,Lewis Cook,engENG,"MF,DF",Bournemouth,28-089,1997.0,33,29,"2,726",30.3,1,3,4,1,0,0,8,0,0.9,0.9,4.1,5.0,33,152,48,0.03,0.1,0.13,0.03,0.13,0.03,0.14,0.17,0.03,0.17,Matches
326,Lewis Dunk,engENG,DF,Brighton,33-163,1991.0,24,22,"1,993",22.1,0,0,0,0,0,0,5,0,0.8,0.8,0.5,1.3,20,142,3,0.0,0.0,0.0,0.0,0.0,0.04,0.02,0.06,0.04,0.06,Matches
327,Lewis Hall,engENG,DF,Newcastle Utd,20-237,2004.0,27,24,"2,189",24.3,0,4,4,0,0,0,3,0,0.4,0.4,4.3,4.7,41,123,80,0.0,0.16,0.16,0.0,0.16,0.02,0.18,0.19,0.02,0.19,Matches
328,Lewis Miley,engENG,MF,Newcastle Utd,19-002,2006.0,12,1,249,2.8,1,0,1,1,0,0,0,0,0.5,0.5,0.0,0.6,2,14,7,0.36,0.0,0.36,0.36,0.36,0.2,0.01,0.21,0.2,0.21,Matches
329,Lewis Orford,engENG,MF,West Ham,19-074,2006.0,2,0,49,0.5,0,0,0,0,0,0,0,0,0.0,0.0,0.0,0.0,0,0,1,0.0,0.0,0.0,0.0,0.0,0.05,0.04,0.09,0.05,0.09,Matches
330,Liam Delap,engENG,FW,Ipswich Town,22-084,2003.0,33,30,"2,424",26.9,12,2,14,10,2,2,9,0,9.1,7.5,1.9,9.4,59,30,104,0.45,0.07,0.52,0.37,0.45,0.34,0.07,0.41,0.28,0.35,Matches
331,Lisandro Martínez,arARG,DF,Manchester Utd,27-105,1998.0,20,20,"1,751",19.5,2,1,3,2,0,0,7,0,1.3,1.3,1.1,2.4,23,117,7,0.1,0.05,0.15,0.1,0.15,0.07,0.06,0.13,0.07,0.13,Matches
332,Lloyd Kelly,engENG,DF,Newcastle Utd,26-209,1998.0,10,4,303,3.4,0,1,1,0,0,0,2,0,0.4,0.4,0.5,0.9,0,9,5,0.0,0.3,0.3,0.0,0.3,0.12,0.14,0.26,0.12,0.26,Matches
333,Lucas Bergvall,seSWE,MF,Tottenham,19-090,2006.0,27,11,"1,212",13.5,0,1,1,0,0,0,3,0,0.7,0.7,0.6,1.3,33,49,31,0.0,0.07,0.07,0.0,0.07,0.05,0.04,0.09,0.05,0.09,Matches
334,Lucas Digne,frFRA,DF,Aston Villa,31-287,1993.0,30,27,"2,241",24.9,0,4,4,0,0,0,4,0,0.8,0.8,4.4,5.1,23,54,140,0.0,0.16,0.16,0.0,0.16,0.03,0.17,0.21,0.03,0.21,Matches
335,Lucas Paquetá,brBRA,"MF,FW",West Ham,27-249,1997.0,30,26,"2,257",25.1,4,0,4,2,2,2,8,0,5.2,3.6,3.0,6.6,20,140,82,0.16,0.0,0.16,0.08,0.08,0.21,0.12,0.33,0.14,0.27,Matches
336,Luis Díaz,coCOL,FW,Liverpool,28-110,1997.0,33,26,"2,225",24.7,12,5,17,12,0,0,2,0,10.0,10.0,4.9,14.9,103,103,269,0.49,0.2,0.69,0.49,0.69,0.4,0.2,0.6,0.4,0.6,Matches
337,Luis Guilherme,brBRA,"MF,FW",West Ham,19-083,2006.0,11,1,138,1.5,0,0,0,0,0,0,0,0,0.3,0.3,0.1,0.4,3,3,13,0.0,0.0,0.0,0.0,0.0,0.19,0.05,0.24,0.19,0.24,Matches
338,Luis Sinisterra,coCOL,"FW,MF",Bournemouth,25-320,1999.0,12,1,236,2.6,1,1,2,1,0,0,0,0,1.2,1.2,1.4,2.6,19,6,38,0.38,0.38,0.76,0.38,0.76,0.46,0.54,1.0,0.46,1.0,Matches
339,Luke Shaw,engENG,DF,Manchester Utd,29-295,1995.0,4,1,173,1.9,0,0,0,0,0,0,1,0,0.0,0.0,0.7,0.7,6,18,7,0.0,0.0,0.0,0.0,0.0,0.02,0.37,0.38,0.02,0.38,Matches
340,Luke Thomas,engENG,DF,Leicester City,23-327,2001.0,10,9,783,8.7,0,0,0,0,0,0,1,0,0.1,0.1,0.1,0.3,3,26,9,0.0,0.0,0.0,0.0,0.0,0.01,0.02,0.03,0.01,0.03,Matches
341,Luke Woolfenden,engENG,DF,Ipswich Town,26-194,1998.0,14,11,"1,097",12.2,0,0,0,0,0,0,2,0,0.0,0.0,0.0,0.0,7,15,0,0.0,0.0,0.0,0.0,0.0,0.0,0.0,0.0,0.0,0.0,Matches
342,Mads Hermansen,dkDEN,GK,Leicester City,24-296,2000.0,27,27,"2,385",26.5,0,0,0,0,0,0,1,0,0.0,0.0,0.0,0.0,0,1,0,0.0,0.0,0.0,0.0,0.0,0.0,0.0,0.0,0.0,0.0,Matches
343,Mads Roerslev,dkDEN,DF,Brentford,25-313,1999.0,19,11,"1,101",12.2,0,2,2,0,0,0,2,0,0.2,0.2,3.0,3.2,17,51,54,0.0,0.16,0.16,0.0,0.16,0.02,0.24,0.26,0.02,0.26,Matches
344,Malo Gusto,frFRA,DF,Chelsea,21-349,2003.0,28,19,"1,819",20.2,0,1,1,0,0,0,4,0,1.7,1.7,1.2,2.9,48,118,84,0.0,0.05,0.05,0.0,0.05,0.08,0.06,0.15,0.08,0.15,Matches
345,Manuel Akanji,chSUI,DF,Manchester City,29-288,1995.0,23,20,"1,744",19.4,0,0,0,0,0,0,3,0,0.7,0.7,0.4,1.1,38,138,6,0.0,0.0,0.0,0.0,0.0,0.04,0.02,0.06,0.04,0.06,Matches
346,Manuel Ugarte Ribeiro,uyURU,MF,Manchester Utd,24-022,2001.0,26,20,"1,616",18.0,1,1,2,1,0,0,9,0,1.0,1.0,1.1,2.0,12,55,19,0.06,0.06,0.11,0.06,0.11,0.05,0.06,0.11,0.05,0.11,Matches
347,Marc Cucurella,esESP,DF,Chelsea,26-285,1998.0,32,29,"2,628",29.2,4,1,5,4,0,0,10,1,2.6,2.6,1.9,4.5,30,104,108,0.14,0.03,0.17,0.14,0.17,0.09,0.06,0.15,0.09,0.15,Matches
348,Marc Guiu,esESP,FW,Chelsea,19-119,2006.0,3,0,73,0.8,0,0,0,0,0,0,0,0,0.0,0.0,0.0,0.0,0,0,3,0.0,0.0,0.0,0.0,0.0,0.0,0.04,0.04,0.0,0.04,Matches
349,Marc Guéhi,engENG,DF,Crystal Palace,24-294,2000.0,32,32,"2,879",32.0,3,2,5,3,0,0,9,1,1.9,1.9,1.2,3.1,22,126,8,0.09,0.06,0.16,0.09,0.16,0.06,0.04,0.1,0.06,0.1,Matches
350,Marco Asensio,esESP,"MF,FW",Aston Villa,29-102,1996.0,9,5,481,5.3,3,1,4,3,0,2,1,0,4.2,2.6,0.8,3.4,15,31,23,0.56,0.19,0.75,0.56,0.75,0.78,0.15,0.93,0.49,0.64,Matches
351,Marcos Senesi,arARG,DF,Bournemouth,27-358,1997.0,15,12,"1,014",11.3,0,0,0,0,0,0,5,0,0.8,0.8,0.2,1.0,12,51,5,0.0,0.0,0.0,0.0,0.0,0.07,0.02,0.09,0.07,0.09,Matches
352,Marcus Harness,engENG,MF,Ipswich Town,29-068,1996.0,2,0,45,0.5,0,0,0,0,0,0,0,0,0.0,0.0,0.0,0.0,0,2,1,0.0,0.0,0.0,0.0,0.0,0.0,0.0,0.0,0.0,0.0,Matches
353,Marcus Rashford,engENG,FW,Aston Villa,27-184,1997.0,10,4,444,4.9,2,2,4,1,1,1,0,0,3.1,2.3,2.3,4.5,22,13,42,0.41,0.41,0.81,0.2,0.61,0.62,0.46,1.08,0.46,0.92,Matches
354,Marcus Rashford,engENG,"FW,MF",Manchester Utd,27-184,1997.0,15,12,978,10.9,4,1,5,4,0,0,2,0,1.7,1.7,2.1,3.8,20,21,79,0.37,0.09,0.46,0.37,0.46,0.16,0.19,0.35,0.16,0.35,Matches
355,Marcus Tavernier,engENG,"FW,MF",Bournemouth,26-042,1999.0,25,16,"1,580",17.6,3,5,8,3,0,0,5,0,5.2,5.2,2.8,8.1,39,99,103,0.17,0.28,0.46,0.17,0.46,0.3,0.16,0.46,0.3,0.46,Matches
356,Mario Lemina,gaGAB,"MF,DF",Wolves,31-244,1993.0,17,15,"1,364",15.2,1,3,4,1,0,0,4,0,1.4,1.4,1.1,2.5,8,48,21,0.07,0.2,0.26,0.07,0.26,0.09,0.07,0.17,0.09,0.17,Matches
357,Mark Flekken,nlNED,GK,Brentford,31-324,1993.0,33,33,"2,915",32.4,0,2,2,0,0,0,1,0,0.0,0.0,0.5,0.5,0,0,0,0.0,0.06,0.06,0.0,0.06,0.0,0.02,0.02,0.0,0.02,Matches
358,Mark Travers,ieIRL,GK,Bournemouth,25-350,1999.0,5,5,450,5.0,0,0,0,0,0,0,0,0,0.0,0.0,0.0,0.0,0,0,0,0.0,0.0,0.0,0.0,0.0,0.0,0.0,0.0,0.0,0.0,Matches
359,Marshall Munetsi,zwZIM,"MF,FW",Wolves,28-315,1996.0,11,10,878,9.8,1,1,2,1,0,0,0,0,3.0,3.0,1.5,4.5,7,8,26,0.1,0.1,0.21,0.1,0.21,0.31,0.15,0.46,0.31,0.46,Matches
360,Martial Godo,engENG,FW,Fulham,22-050,2003.0,1,0,16,0.2,0,0,0,0,0,0,0,0,0.0,0.0,0.0,0.0,0,0,3,0.0,0.0,0.0,0.0,0.0,0.0,0.0,0.0,0.0,0.0,Matches
361,Martin Dúbravka,skSVK,GK,Newcastle Utd,36-108,1989.0,10,10,900,10.0,0,0,0,0,0,0,0,0,0.0,0.0,0.0,0.0,0,0,0,0.0,0.0,0.0,0.0,0.0,0.0,0.0,0.0,0.0,0.0,Matches
362,Martin Ødegaard,noNOR,MF,Arsenal,26-137,1998.0,26,23,"2,040",22.7,2,6,8,1,1,1,4,0,4.4,3.7,4.6,8.2,79,231,142,0.09,0.26,0.35,0.04,0.31,0.2,0.2,0.4,0.16,0.36,Matches
363,Mason Holgate,engENG,"FW,DF",Everton,28-193,1996.0,1,0,6,0.1,0,0,0,0,0,0,0,0,0.0,0.0,0.0,0.0,0,0,0,0.0,0.0,0.0,0.0,0.0,0.0,0.0,0.0,0.0,0.0,Matches
364,Mason Mount,engENG,"MF,FW",Manchester Utd,26-113,1999.0,13,4,374,4.2,0,0,0,0,0,0,3,0,1.5,1.5,0.2,1.7,9,18,20,0.0,0.0,0.0,0.0,0.0,0.35,0.05,0.4,0.35,0.4,Matches
365,Massimo Luongo,auAUS,MF,Ipswich Town,32-220,1992.0,9,2,196,2.2,0,0,0,0,0,0,0,0,0.0,0.0,0.0,0.0,0,5,1,0.0,0.0,0.0,0.0,0.0,0.0,0.0,0.0,0.0,0.0,Matches
366,Mateo Kovačić,hrCRO,MF,Manchester City,30-362,1994.0,29,23,"2,049",22.8,6,1,7,6,0,0,5,0,1.7,1.7,3.6,5.3,52,149,15,0.26,0.04,0.31,0.26,0.31,0.08,0.16,0.23,0.08,0.23,Matches
367,Mateus Fernandes,ptPOR,MF,Southampton,20-297,2004.0,32,30,"2,584",28.7,2,3,5,2,0,0,8,0,3.7,3.7,2.6,6.3,72,130,99,0.07,0.1,0.17,0.07,0.17,0.13,0.09,0.22,0.13,0.22,Matches
368,Matheus Cunha,brBRA,"MF,FW",Wolves,25-341,1999.0,30,27,"2,425",26.9,15,6,21,15,0,0,3,0,7.9,7.9,7.3,15.2,104,131,147,0.56,0.22,0.78,0.56,0.78,0.29,0.27,0.57,0.29,0.57,Matches
369,Matheus França,brBRA,"FW,MF",Crystal Palace,21-032,2004.0,2,0,26,0.3,1,0,1,1,0,0,0,0,0.1,0.1,0.0,0.1,1,2,2,3.46,0.0,3.46,3.46,3.46,0.43,0.0,0.43,0.43,0.43,Matches
370,Matheus Nunes,ptPOR,"DF,MF",Manchester City,26-249,1998.0,24,17,"1,494",16.6,1,5,6,1,0,0,4,0,0.9,0.9,4.2,5.1,59,69,156,0.06,0.3,0.36,0.06,0.36,0.05,0.25,0.31,0.05,0.31,Matches
371,Mathias Jensen,dkDEN,MF,Brentford,29-122,1996.0,20,8,793,8.8,0,2,2,0,0,0,2,0,0.2,0.2,1.6,1.8,6,55,26,0.0,0.23,0.23,0.0,0.23,0.03,0.18,0.21,0.03,0.21,Matches
372,Mathis Amougou,frFRA,MF,Chelsea,19-105,2006.0,1,0,8,0.1,0,0,0,0,0,0,0,0,0.0,0.0,0.0,0.0,0,1,0,0.0,0.0,0.0,0.0,0.0,0.0,0.0,0.0,0.0,0.0,Matches
373,Mathys Tel,frFRA,FW,Tottenham,20-006,2005.0,9,7,559,6.2,2,0,2,1,1,1,0,0,2.2,1.4,0.9,2.3,16,13,50,0.32,0.0,0.32,0.16,0.16,0.35,0.15,0.5,0.22,0.37,Matches
374,Mats Wieffer,nlNED,"MF,DF",Brighton,25-168,1999.0,21,6,692,7.7,1,2,3,1,0,0,4,0,0.7,0.7,1.3,2.1,12,49,17,0.13,0.26,0.39,0.13,0.39,0.1,0.17,0.27,0.1,0.27,Matches
375,Matt Doherty,ieIRL,DF,Wolves,33-107,1992.0,28,23,"1,965",21.8,2,1,3,2,0,0,6,0,1.0,1.0,1.5,2.5,29,76,40,0.09,0.05,0.14,0.09,0.14,0.05,0.07,0.12,0.05,0.12,Matches
376,Matt O'Riley,dkDEN,MF,Brighton,24-163,2000.0,17,9,758,8.4,1,1,2,1,0,0,1,0,2.0,2.0,1.5,3.5,17,33,45,0.12,0.12,0.24,0.12,0.24,0.23,0.18,0.41,0.23,0.41,Matches
377,Matt Targett,engENG,DF,Newcastle Utd,29-227,1995.0,2,0,21,0.2,0,0,0,0,0,0,0,0,0.0,0.0,0.0,0.0,0,0,1,0.0,0.0,0.0,0.0,0.0,0.0,0.0,0.0,0.0,0.0,Matches
378,Matthijs de Ligt,nlNED,DF,Manchester Utd,25-264,1999.0,28,24,"2,089",23.2,2,0,2,2,0,0,3,0,2.5,2.5,0.3,2.8,7,55,6,0.09,0.0,0.09,0.09,0.09,0.11,0.01,0.12,0.11,0.12,Matches
379,Matty Cash,plPOL,DF,Aston Villa,27-269,1997.0,23,20,"1,710",19.0,1,1,2,1,0,0,6,0,0.3,0.3,1.1,1.4,44,38,70,0.05,0.05,0.11,0.05,0.11,0.02,0.06,0.07,0.02,0.07,Matches
380,Matz Sels,beBEL,GK,Nott'ham Forest,33-066,1992.0,34,34,"3,060",34.0,0,0,0,0,0,0,3,0,0.0,0.0,0.0,0.0,0,1,0,0.0,0.0,0.0,0.0,0.0,0.0,0.0,0.0,0.0,0.0,Matches
381,Max Aarons,engENG,DF,Bournemouth,25-119,2000.0,3,1,86,1.0,0,0,0,0,0,0,0,0,0.0,0.0,0.0,0.0,1,8,3,0.0,0.0,0.0,0.0,0.0,0.0,0.0,0.0,0.0,0.0,Matches
382,Max Kilman,engENG,DF,West Ham,27-345,1997.0,34,34,"2,988",33.2,0,1,1,0,0,0,4,0,1.4,1.4,1.2,2.6,29,106,6,0.0,0.03,0.03,0.0,0.03,0.04,0.04,0.08,0.04,0.08,Matches
383,Maxence Lacroix,frFRA,DF,Crystal Palace,25-027,2000.0,31,31,"2,756",30.6,1,1,2,1,0,0,5,0,2.8,2.8,0.8,3.6,8,59,7,0.03,0.03,0.07,0.03,0.07,0.09,0.02,0.12,0.09,0.12,Matches
384,Maxwel Cornet,ciCIV,FW,Southampton,28-218,1996.0,2,1,72,0.8,0,0,0,0,0,0,1,0,0.2,0.2,0.0,0.2,1,0,5,0.0,0.0,0.0,0.0,0.0,0.2,0.0,0.2,0.2,0.2,Matches
385,Michael Kayode,itITA,DF,Brentford,20-297,2004.0,8,2,211,2.3,0,0,0,0,0,0,1,0,0.1,0.1,0.2,0.2,4,2,11,0.0,0.0,0.0,0.0,0.0,0.03,0.06,0.1,0.03,0.1,Matches
386,Michael Keane,engENG,DF,Everton,32-112,1993.0,11,9,852,9.5,2,0,2,2,0,0,5,0,0.4,0.4,0.1,0.5,1,12,3,0.21,0.0,0.21,0.21,0.21,0.05,0.01,0.06,0.05,0.06,Matches
387,Michail Antonio,jmJAM,FW,West Ham,35-036,1990.0,14,11,836,9.3,1,1,2,1,0,0,1,0,2.2,2.2,1.6,3.8,29,18,59,0.11,0.11,0.22,0.11,0.22,0.24,0.17,0.41,0.24,0.41,Matches
388,Micky van de Ven,nlNED,DF,Tottenham,24-014,2001.0,12,11,950,10.6,0,2,2,0,0,0,4,0,0.6,0.6,1.2,1.7,8,51,1,0.0,0.19,0.19,0.0,0.19,0.05,0.11,0.16,0.05,0.16,Matches
389,Miguel Almirón,pyPAR,FW,Newcastle Utd,31-082,1994.0,9,1,157,1.7,0,0,0,0,0,0,0,0,0.5,0.5,0.3,0.8,3,6,18,0.0,0.0,0.0,0.0,0.0,0.3,0.15,0.45,0.3,0.45,Matches
390,Mikel Merino,esESP,"MF,FW",Arsenal,28-315,1996.0,25,15,"1,401",15.6,6,2,8,6,0,0,2,0,4.4,4.4,1.9,6.3,9,61,86,0.39,0.13,0.51,0.39,0.51,0.28,0.12,0.4,0.28,0.4,Matches
391,Mikey Moore,engENG,"FW,MF",Tottenham,17-265,2007.0,7,2,185,2.1,0,1,1,0,0,0,0,0,0.2,0.2,0.3,0.5,9,7,30,0.0,0.49,0.49,0.0,0.49,0.1,0.16,0.26,0.1,0.26,Matches
392,Mikkel Damsgaard,dkDEN,"MF,FW",Brentford,24-304,2000.0,34,30,"2,578",28.6,2,10,12,2,0,0,2,0,2.6,2.6,7.6,10.2,63,209,117,0.07,0.35,0.42,0.07,0.42,0.09,0.26,0.36,0.09,0.36,Matches
393,Milos Kerkez,huHUN,DF,Bournemouth,21-177,2003.0,34,34,"2,987",33.2,2,5,7,2,0,0,4,0,0.5,0.5,3.4,3.9,93,143,163,0.06,0.15,0.21,0.06,0.21,0.02,0.1,0.12,0.01,0.12,Matches
394,Mohamed Salah,egEGY,FW,Liverpool,32-322,1992.0,34,34,"3,011",33.5,28,18,46,19,9,9,1,0,23.9,16.9,12.8,29.7,142,129,425,0.84,0.54,1.37,0.57,1.11,0.71,0.38,1.1,0.5,0.89,Matches
395,Mohammed Kudus,ghGHA,"FW,MF",West Ham,24-274,2000.0,28,28,"2,331",25.9,4,2,6,4,0,0,1,1,6.5,6.5,2.3,8.8,88,74,194,0.15,0.08,0.23,0.15,0.23,0.25,0.09,0.34,0.25,0.34,Matches
396,Moisés Caicedo,ecECU,MF,Chelsea,23-182,2001.0,34,34,"2,991",33.2,1,2,3,1,0,0,10,0,0.8,0.8,2.9,3.7,38,194,33,0.03,0.06,0.09,0.03,0.09,0.02,0.09,0.11,0.02,0.11,Matches
397,Morato,brBRA,DF,Nott'ham Forest,23-307,2001.0,23,5,799,8.9,0,0,0,0,0,0,2,0,0.2,0.2,0.0,0.2,0,14,1,0.0,0.0,0.0,0.0,0.0,0.02,0.0,0.02,0.02,0.02,Matches
398,Morgan Gibbs-White,engENG,MF,Nott'ham Forest,25-096,2000.0,30,30,"2,451",27.2,5,7,12,5,0,0,10,1,4.7,4.7,4.5,9.2,63,145,116,0.18,0.26,0.44,0.18,0.44,0.17,0.16,0.34,0.17,0.34,Matches
399,Morgan Rogers,engENG,"FW,MF",Aston Villa,22-281,2002.0,33,33,"2,763",30.7,8,8,16,8,0,0,9,0,6.1,6.1,6.9,13.0,102,113,171,0.26,0.26,0.52,0.26,0.52,0.2,0.22,0.42,0.2,0.42,Matches
400,Murillo,brBRA,DF,Nott'ham Forest,22-303,2002.0,33,33,"2,928",32.5,1,0,1,1,0,0,5,0,1.4,1.4,1.1,2.4,20,102,5,0.03,0.0,0.03,0.03,0.03,0.04,0.03,0.07,0.04,0.07,Matches
401,Mykhailo Mudryk,uaUKR,FW,Chelsea,24-118,2001.0,7,1,151,1.7,0,0,0,0,0,0,0,0,0.3,0.3,1.0,1.2,7,5,12,0.0,0.0,0.0,0.0,0.0,0.15,0.58,0.73,0.15,0.73,Matches
402,Myles Lewis-Skelly,engENG,DF,Arsenal,18-219,2006.0,19,12,"1,078",12.0,1,0,1,1,0,0,2,2,0.1,0.1,0.3,0.5,29,57,32,0.08,0.0,0.08,0.08,0.08,0.01,0.03,0.04,0.01,0.04,Matches
403,Nasser Djiga,bfBFA,"DF,FW",Wolves,22-169,2002.0,4,0,21,0.2,0,0,0,0,0,0,0,0,0.0,0.0,0.0,0.0,0,0,1,0.0,0.0,0.0,0.0,0.0,0.0,0.0,0.0,0.0,0.0,Matches
404,Nathan Aké,nlNED,DF,Manchester City,30-074,1995.0,10,8,678,7.5,0,0,0,0,0,0,0,0,0.2,0.2,0.0,0.2,12,50,2,0.0,0.0,0.0,0.0,0.0,0.03,0.0,0.03,0.03,0.03,Matches
405,Nathan Broadhead,wlsWAL,"MF,FW",Ipswich Town,27-028,1998.0,16,6,605,6.7,1,0,1,1,0,0,1,0,1.5,1.5,0.6,2.1,17,12,27,0.15,0.0,0.15,0.15,0.15,0.22,0.1,0.32,0.22,0.32,Matches
406,Nathan Butler-Oyedeji,engENG,FW,Arsenal,22-119,2003.0,1,0,7,0.1,0,0,0,0,0,0,0,0,0.1,0.1,0.0,0.1,0,0,0,0.0,0.0,0.0,0.0,0.0,0.94,0.0,0.94,0.94,0.94,Matches
407,Nathan Collins,ieIRL,DF,Brentford,24-003,2001.0,34,34,"3,060",34.0,2,3,5,2,0,0,5,0,2.5,2.5,1.8,4.3,28,113,18,0.06,0.09,0.15,0.06,0.15,0.07,0.05,0.13,0.07,0.13,Matches
408,Nathan Patterson,sctSCO,DF,Everton,23-199,2001.0,9,2,266,3.0,0,0,0,0,0,0,0,0,0.1,0.1,0.3,0.4,5,9,10,0.0,0.0,0.0,0.0,0.0,0.02,0.12,0.14,0.02,0.14,Matches
409,Nathan Wood-Gordon,engENG,DF,Southampton,22-337,2002.0,9,7,624,6.9,0,0,0,0,0,0,2,0,0.2,0.2,0.0,0.3,2,17,0,0.0,0.0,0.0,0.0,0.0,0.03,0.0,0.04,0.03,0.04,Matches
410,Nathaniel Clyne,engENG,"DF,MF",Crystal Palace,34-028,1991.0,13,5,483,5.4,0,0,0,0,0,0,1,0,0.0,0.0,0.3,0.3,6,7,8,0.0,0.0,0.0,0.0,0.0,0.0,0.06,0.06,0.0,0.06,Matches
411,Neco Williams,wlsWAL,DF,Nott'ham Forest,24-020,2001.0,31,24,"2,234",24.8,1,2,3,1,0,0,6,0,2.2,2.2,1.5,3.6,57,76,82,0.04,0.08,0.12,0.04,0.12,0.09,0.06,0.15,0.09,0.15,Matches
412,Neto,brBRA,GK,Bournemouth,35-288,1989.0,2,2,180,2.0,0,0,0,0,0,0,0,0,0.0,0.0,0.0,0.0,0,0,0,0.0,0.0,0.0,0.0,0.0,0.0,0.0,0.0,0.0,0.0,Matches
413,Nick Pope,engENG,GK,Newcastle Utd,33-014,1992.0,24,24,"2,160",24.0,0,0,0,0,0,0,2,0,0.0,0.0,0.0,0.0,0,1,0,0.0,0.0,0.0,0.0,0.0,0.0,0.0,0.0,0.0,0.0,Matches
414,Niclas Füllkrug,deGER,FW,West Ham,32-083,1993.0,14,4,589,6.5,3,2,5,3,0,0,2,0,1.9,1.9,1.9,3.8,6,9,21,0.46,0.31,0.76,0.46,0.76,0.29,0.29,0.58,0.29,0.58,Matches
415,Nico O’Reilly,engENG,DF,Manchester City,20-043,2005.0,8,6,513,5.7,2,0,2,2,0,0,0,0,1.3,1.3,0.4,1.6,16,17,25,0.35,0.0,0.35,0.35,0.35,0.23,0.06,0.29,0.23,0.29,Matches
416,Nicolas Jackson,snSEN,FW,Chelsea,23-317,2001.0,28,26,"2,114",23.5,10,5,15,10,0,0,7,0,12.2,12.2,4.3,16.5,46,37,125,0.43,0.21,0.64,0.43,0.64,0.52,0.18,0.7,0.52,0.7,Matches
417,Nicolás Domínguez,arARG,"MF,FW",Nott'ham Forest,26-309,1998.0,30,19,"1,669",18.5,0,1,1,0,0,0,8,0,1.4,1.4,1.3,2.7,12,66,26,0.0,0.05,0.05,0.0,0.05,0.08,0.07,0.15,0.08,0.15,Matches
418,Nicolás González,esESP,MF,Manchester City,23-120,2002.0,9,8,648,7.2,0,0,0,0,0,0,3,0,0.3,0.3,0.1,0.3,5,46,10,0.0,0.0,0.0,0.0,0.0,0.04,0.01,0.05,0.04,0.05,Matches
419,Nikola Milenković,rsSRB,DF,Nott'ham Forest,27-203,1997.0,33,33,"2,970",33.0,4,2,6,4,0,0,4,0,3.6,3.6,1.0,4.6,3,49,6,0.12,0.06,0.18,0.12,0.18,0.11,0.03,0.14,0.11,0.14,Matches
420,Noni Madueke,engENG,FW,Chelsea,23-054,2002.0,28,23,"1,723",19.1,7,3,10,7,0,0,3,0,8.2,8.2,3.9,12.1,133,63,208,0.37,0.16,0.52,0.37,0.52,0.43,0.2,0.63,0.43,0.63,Matches
421,Noussair Mazraoui,maMAR,DF,Manchester Utd,27-170,1997.0,34,31,"2,639",29.3,0,1,1,0,0,0,2,0,0.7,0.7,1.3,2.0,37,102,51,0.0,0.03,0.03,0.0,0.03,0.02,0.05,0.07,0.02,0.07,Matches
422,Nélson Semedo,ptPOR,DF,Wolves,31-168,1993.0,31,30,"2,661",29.6,0,4,4,0,0,0,7,0,0.8,0.8,2.7,3.5,61,70,109,0.0,0.14,0.14,0.0,0.14,0.03,0.09,0.12,0.03,0.12,Matches
423,Odsonne Édouard,frFRA,"MF,FW",Crystal Palace,27-107,1998.0,2,1,115,1.3,0,0,0,0,0,0,0,0,0.4,0.4,0.0,0.4,2,4,7,0.0,0.0,0.0,0.0,0.0,0.31,0.04,0.34,0.31,0.34,Matches
424,Odsonne Édouard,frFRA,FW,Leicester City,27-107,1998.0,4,0,29,0.3,0,0,0,0,0,0,0,0,0.0,0.0,0.0,0.0,0,1,2,0.0,0.0,0.0,0.0,0.0,0.0,0.13,0.13,0.0,0.13,Matches
425,Ola Aina,ngNGA,DF,Nott'ham Forest,28-207,1996.0,31,31,"2,643",29.4,2,1,3,2,0,0,2,0,0.6,0.6,0.9,1.5,56,95,55,0.07,0.03,0.1,0.07,0.1,0.02,0.03,0.05,0.02,0.05,Matches
426,Oleksandr Zinchenko,uaUKR,"DF,MF",Arsenal,28-139,1996.0,12,4,450,5.0,0,1,1,0,0,0,1,0,0.3,0.3,0.1,0.4,10,35,12,0.0,0.2,0.2,0.0,0.2,0.05,0.03,0.08,0.05,0.08,Matches
427,Oliver Scarles,engENG,DF,West Ham,19-142,2005.0,14,6,594,6.6,0,0,0,0,0,0,1,0,0.1,0.1,0.0,0.1,11,21,39,0.0,0.0,0.0,0.0,0.0,0.02,0.0,0.02,0.02,0.02,Matches
428,Oliver Skipp,engENG,MF,Leicester City,24-229,2000.0,20,7,907,10.1,0,0,0,0,0,0,7,0,0.2,0.2,0.3,0.4,15,29,18,0.0,0.0,0.0,0.0,0.0,0.02,0.03,0.04,0.02,0.04,Matches
429,Ollie Watkins,engENG,FW,Aston Villa,29-124,1995.0,34,27,"2,263",25.1,15,7,22,13,2,2,2,0,14.5,13.0,2.9,15.9,50,28,143,0.6,0.28,0.87,0.52,0.8,0.58,0.12,0.7,0.52,0.63,Matches
430,Omar Marmoush,egEGY,"FW,MF",Manchester City,26-085,1999.0,13,12,998,11.1,6,0,6,6,0,0,0,0,4.8,4.8,1.7,6.5,21,29,68,0.54,0.0,0.54,0.54,0.54,0.43,0.15,0.59,0.43,0.59,Matches
431,Omari Hutchinson,engENG,"MF,FW",Ipswich Town,21-185,2003.0,27,26,"2,223",24.7,3,2,5,3,0,0,5,0,2.3,2.3,2.5,4.8,71,69,131,0.12,0.08,0.2,0.12,0.2,0.09,0.1,0.19,0.09,0.19,Matches
432,Orel Mangala,beBEL,MF,Everton,27-046,1998.0,19,14,"1,261",14.0,1,0,1,1,0,0,2,0,1.1,1.1,0.6,1.8,6,34,19,0.07,0.0,0.07,0.07,0.07,0.08,0.05,0.13,0.08,0.13,Matches
433,Oscar Bobb,noNOR,FW,Manchester City,21-295,2003.0,2,0,15,0.2,0,0,0,0,0,0,0,0,0.0,0.0,0.1,0.1,1,1,1,0.0,0.0,0.0,0.0,0.0,0.0,0.44,0.44,0.0,0.44,Matches
434,Pablo Sarabia,esESP,"MF,FW",Wolves,32-357,1992.0,21,6,716,8.0,3,2,5,3,0,0,3,0,2.9,2.9,1.6,4.5,12,51,52,0.38,0.25,0.63,0.38,0.63,0.36,0.2,0.56,0.36,0.56,Matches
435,Pape Matar Sarr,snSEN,MF,Tottenham,22-231,2002.0,32,18,"1,636",18.2,3,2,5,3,0,0,6,0,3.3,3.3,1.5,4.8,29,79,50,0.17,0.11,0.28,0.17,0.28,0.18,0.08,0.27,0.18,0.27,Matches
436,Patrick Dorgu,dkDEN,DF,Manchester Utd,20-189,2004.0,8,7,585,6.5,0,0,0,0,0,0,3,1,0.4,0.4,0.4,0.8,25,21,53,0.0,0.0,0.0,0.0,0.0,0.06,0.07,0.13,0.06,0.13,Matches
437,Patson Daka,zmZAM,"FW,MF",Leicester City,26-206,1998.0,20,5,647,7.2,1,0,1,1,0,0,0,0,1.3,1.3,0.1,1.3,9,8,33,0.14,0.0,0.14,0.14,0.14,0.17,0.01,0.18,0.17,0.18,Matches
438,Pau Torres,esESP,DF,Aston Villa,28-107,1997.0,20,20,"1,729",19.2,0,0,0,0,0,0,1,0,0.5,0.5,0.1,0.6,33,74,4,0.0,0.0,0.0,0.0,0.0,0.03,0.0,0.03,0.03,0.03,Matches
439,Paul Onuachu,ngNGA,FW,Southampton,30-340,1994.0,23,11,984,10.9,4,1,5,4,0,0,4,0,3.3,3.3,0.5,3.8,7,12,39,0.37,0.09,0.46,0.37,0.46,0.3,0.04,0.35,0.3,0.35,Matches
440,Pedro Lima,brBRA,DF,Wolves,18-306,2006.0,3,1,70,0.8,0,0,0,0,0,0,0,0,0.1,0.1,0.1,0.1,4,4,11,0.0,0.0,0.0,0.0,0.0,0.07,0.09,0.16,0.07,0.16,Matches
441,Pedro Neto,ptPOR,FW,Chelsea,25-055,2000.0,31,20,"1,923",21.4,4,4,8,4,0,0,8,0,2.8,2.8,5.4,8.2,110,56,220,0.19,0.19,0.37,0.19,0.37,0.13,0.25,0.38,0.13,0.38,Matches
442,Pedro Porro,esESP,DF,Tottenham,25-232,1999.0,31,26,"2,463",27.4,2,6,8,2,0,0,4,0,1.5,1.5,4.0,5.5,63,147,106,0.07,0.22,0.29,0.07,0.29,0.06,0.15,0.2,0.06,0.2,Matches
443,Pervis Estupiñán,ecECU,DF,Brighton,27-102,1998.0,27,23,"2,132",23.7,1,1,2,1,0,0,5,0,0.9,0.9,2.1,3.0,55,115,104,0.04,0.04,0.08,0.04,0.08,0.04,0.09,0.13,0.04,0.13,Matches
444,Phil Foden,engENG,"MF,FW",Manchester City,24-340,2000.0,26,19,"1,693",18.8,7,2,9,7,0,0,2,0,5.1,5.1,4.7,9.8,47,95,119,0.37,0.11,0.48,0.37,0.48,0.27,0.25,0.52,0.27,0.52,Matches
445,Philip Billing,dkDEN,MF,Bournemouth,28-326,1996.0,10,1,184,2.0,0,0,0,0,0,0,1,0,0.6,0.6,1.1,1.7,3,15,13,0.0,0.0,0.0,0.0,0.0,0.28,0.54,0.82,0.28,0.82,Matches
446,Radu Drăgușin,roROU,DF,Tottenham,23-089,2002.0,16,14,"1,252",13.9,0,0,0,0,0,0,1,0,0.1,0.1,0.4,0.5,7,37,2,0.0,0.0,0.0,0.0,0.0,0.01,0.03,0.04,0.01,0.04,Matches
447,Raheem Sterling,engENG,"FW,MF",Arsenal,30-146,1994.0,15,6,432,4.8,0,2,2,0,0,0,1,0,1.3,1.3,0.5,1.8,25,17,71,0.0,0.42,0.42,0.0,0.42,0.27,0.1,0.37,0.27,0.37,Matches
448,Ramón Sosa,pyPAR,"FW,MF",Nott'ham Forest,25-245,1999.0,18,1,270,3.0,1,0,1,1,0,0,1,0,1.0,1.0,0.5,1.5,12,5,15,0.33,0.0,0.33,0.33,0.33,0.33,0.16,0.5,0.33,0.5,Matches
449,Rasmus Højlund,dkDEN,FW,Manchester Utd,22-088,2003.0,29,20,"1,744",19.4,4,0,4,4,0,0,2,0,3.8,3.8,1.3,5.1,26,16,83,0.21,0.0,0.21,0.21,0.21,0.2,0.06,0.26,0.2,0.26,Matches
450,Rayan Aït-Nouri,dzALG,DF,Wolves,23-331,2001.0,34,34,"2,865",31.8,4,7,11,4,0,0,7,1,2.6,2.6,4.7,7.3,79,100,158,0.13,0.22,0.35,0.13,0.35,0.08,0.15,0.23,0.08,0.23,Matches
451,Raúl Jiménez,mxMEX,FW,Fulham,33-363,1991.0,34,26,"2,134",23.7,10,3,13,7,3,3,4,0,11.2,8.8,2.9,11.7,32,55,117,0.42,0.13,0.55,0.3,0.42,0.47,0.12,0.59,0.37,0.49,Matches
452,Reece James,engENG,"DF,MF",Chelsea,25-146,1999.0,15,10,835,9.3,1,0,1,1,0,0,1,0,0.3,0.3,0.5,0.8,6,51,9,0.11,0.0,0.11,0.11,0.11,0.03,0.06,0.09,0.03,0.09,Matches
453,Reiss Nelson,engENG,FW,Fulham,25-144,1999.0,11,5,487,5.4,1,1,2,1,0,0,1,0,1.1,1.1,1.0,2.1,45,35,63,0.18,0.18,0.37,0.18,0.37,0.2,0.18,0.39,0.2,0.39,Matches
454,Reiss Nelson,engENG,FW,Arsenal,25-144,1999.0,1,0,3,0.0,0,0,0,0,0,0,0,0,0.0,0.0,0.0,0.0,0,0,0,0.0,0.0,0.0,0.0,0.0,0.0,0.0,0.0,0.0,0.0,Matches
455,Remy Rees-Dottin,engENG,FW,Bournemouth,19-058,2006.0,1,0,1,0.0,0,0,0,0,0,0,0,0,0.0,0.0,0.0,0.0,0,0,0,0.0,0.0,0.0,0.0,0.0,0.0,0.0,0.0,0.0,0.0,Matches
456,Renato Veiga,ptPOR,"DF,MF",Chelsea,21-278,2003.0,7,1,181,2.0,0,0,0,0,0,0,2,0,0.1,0.1,0.0,0.1,4,7,3,0.0,0.0,0.0,0.0,0.0,0.07,0.0,0.07,0.07,0.07,Matches
457,Ricardo Pereira,ptPOR,DF,Leicester City,31-209,1993.0,8,4,342,3.8,0,0,0,0,0,0,1,0,0.1,0.1,0.0,0.1,3,14,5,0.0,0.0,0.0,0.0,0.0,0.02,0.0,0.02,0.02,0.02,Matches
458,Riccardo Calafiori,itITA,DF,Arsenal,22-349,2002.0,17,11,925,10.3,2,1,3,2,0,0,4,0,0.9,0.9,0.3,1.1,21,54,29,0.19,0.1,0.29,0.19,0.29,0.08,0.03,0.11,0.08,0.11,Matches
459,Richarlison,brBRA,FW,Tottenham,27-358,1997.0,12,3,408,4.5,4,1,5,4,0,0,2,0,3.6,3.6,0.9,4.5,8,10,19,0.88,0.22,1.1,0.88,1.1,0.78,0.2,0.98,0.78,0.98,Matches
460,Rico Henry,engENG,DF,Brentford,27-299,1997.0,3,0,64,0.7,0,0,0,0,0,0,0,0,0.0,0.0,0.0,0.0,0,1,1,0.0,0.0,0.0,0.0,0.0,0.0,0.0,0.0,0.0,0.0,Matches
461,Rico Lewis,engENG,"DF,MF",Manchester City,20-163,2004.0,27,20,"1,818",20.2,1,2,3,1,0,0,5,1,1.4,1.4,0.3,1.7,36,104,68,0.05,0.1,0.15,0.05,0.15,0.07,0.02,0.08,0.07,0.08,Matches
462,Robert Sánchez,esESP,GK,Chelsea,27-166,1997.0,28,28,"2,520",28.0,0,0,0,0,0,0,5,0,0.0,0.0,0.1,0.1,0,1,0,0.0,0.0,0.0,0.0,0.0,0.0,0.0,0.0,0.0,0.0,Matches
463,Robin Olsen,seSWE,GK,Aston Villa,35-115,1990.0,3,1,180,2.0,0,0,0,0,0,0,0,0,0.0,0.0,0.0,0.0,0,0,0,0.0,0.0,0.0,0.0,0.0,0.0,0.0,0.0,0.0,0.0,Matches
464,Rodri,esESP,MF,Manchester City,28-315,1996.0,2,1,65,0.7,0,0,0,0,0,0,0,0,0.0,0.0,0.0,0.0,0,4,1,0.0,0.0,0.0,0.0,0.0,0.0,0.06,0.06,0.0,0.06,Matches
465,Rodrigo Bentancur,uyURU,MF,Tottenham,27-312,1997.0,23,19,"1,518",16.9,2,0,2,2,0,0,7,0,1.3,1.3,0.4,1.7,26,99,34,0.12,0.0,0.12,0.12,0.12,0.08,0.03,0.1,0.08,0.1,Matches
466,Rodrigo Gomes,ptPOR,"DF,FW",Wolves,21-300,2003.0,22,6,672,7.5,2,0,2,2,0,0,0,0,0.6,0.6,0.9,1.5,22,25,65,0.27,0.0,0.27,0.27,0.27,0.08,0.12,0.2,0.08,0.2,Matches
467,Rodrigo Muniz,brBRA,FW,Fulham,23-364,2001.0,31,8,964,10.7,8,1,9,8,0,0,1,0,5.8,5.8,0.7,6.5,6,27,31,0.75,0.09,0.84,0.75,0.84,0.54,0.07,0.61,0.54,0.61,Matches
468,Romain Esse,engENG,MF,Crystal Palace,19-355,2005.0,4,0,34,0.4,1,0,1,1,0,0,0,0,0.3,0.3,0.1,0.5,0,1,6,2.65,0.0,2.65,2.65,2.65,0.83,0.35,1.17,0.83,1.17,Matches
469,Roman Dixon,engENG,DF,Everton,20-128,2004.0,1,1,90,1.0,0,0,0,0,0,0,0,0,0.0,0.0,0.0,0.0,0,0,1,0.0,0.0,0.0,0.0,0.0,0.0,0.0,0.0,0.0,0.0,Matches
470,Roméo Lavia,beBEL,MF,Chelsea,21-117,2004.0,12,9,607,6.7,0,1,1,0,0,0,4,0,0.2,0.2,0.7,0.9,3,23,6,0.0,0.15,0.15,0.0,0.15,0.03,0.11,0.14,0.03,0.14,Matches
471,Ronnie Edwards,engENG,DF,Southampton,22-036,2003.0,1,0,12,0.1,0,0,0,0,0,0,0,0,0.0,0.0,0.0,0.0,0,0,0,0.0,0.0,0.0,0.0,0.0,0.0,0.0,0.0,0.0,0.0,Matches
472,Ross Barkley,engENG,MF,Aston Villa,31-149,1993.0,17,3,563,6.3,3,1,4,3,0,0,3,0,1.7,1.7,0.6,2.3,14,33,9,0.48,0.16,0.64,0.48,0.64,0.27,0.1,0.37,0.27,0.37,Matches
473,Ross Stewart,sctSCO,FW,Southampton,28-296,1996.0,8,2,241,2.7,0,0,0,0,0,0,1,0,0.2,0.2,0.0,0.2,1,1,6,0.0,0.0,0.0,0.0,0.0,0.07,0.0,0.07,0.07,0.07,Matches
474,Ryan Christie,sctSCO,MF,Bournemouth,30-070,1995.0,29,27,"2,117",23.5,2,3,5,2,0,0,9,0,1.8,1.8,3.5,5.4,34,137,44,0.09,0.13,0.21,0.09,0.21,0.08,0.15,0.23,0.08,0.23,Matches
475,Ryan Fraser,sctSCO,"FW,DF",Southampton,31-068,1994.0,8,4,306,3.4,0,0,0,0,0,0,0,1,0.0,0.0,0.1,0.1,10,8,18,0.0,0.0,0.0,0.0,0.0,0.01,0.03,0.04,0.01,0.04,Matches
476,Ryan Gravenberch,nlNED,MF,Liverpool,22-352,2002.0,34,34,"2,921",32.5,0,4,4,0,0,0,5,0,1.0,1.0,2.9,3.9,65,168,54,0.0,0.12,0.12,0.0,0.12,0.03,0.09,0.12,0.03,0.12,Matches
477,Ryan Manning,ieIRL,"DF,MF",Southampton,28-323,1996.0,22,17,"1,369",15.2,0,1,1,0,0,0,2,0,0.3,0.3,3.0,3.4,13,32,70,0.0,0.07,0.07,0.0,0.07,0.02,0.2,0.22,0.02,0.22,Matches
478,Ryan Sessegnon,engENG,"FW,DF",Fulham,24-350,2000.0,12,5,414,4.6,4,2,6,4,0,0,0,0,1.6,1.6,0.9,2.5,12,14,47,0.87,0.43,1.3,0.87,1.3,0.34,0.19,0.54,0.34,0.54,Matches
479,Ryan Trevitt,engENG,MF,Brentford,22-052,2003.0,1,0,4,0.0,0,0,0,0,0,0,0,0,0.0,0.0,0.0,0.0,0,0,1,0.0,0.0,0.0,0.0,0.0,0.0,0.0,0.0,0.0,0.0,Matches
480,Ryan Yates,engENG,MF,Nott'ham Forest,27-163,1997.0,31,18,"1,859",20.7,2,1,3,2,0,0,9,0,2.3,2.3,1.1,3.4,17,47,14,0.1,0.05,0.15,0.1,0.15,0.11,0.06,0.17,0.11,0.17,Matches
481,Rúben Dias,ptPOR,DF,Manchester City,27-354,1997.0,24,22,"2,001",22.2,0,0,0,0,0,0,4,0,1.4,1.4,0.3,1.7,35,122,6,0.0,0.0,0.0,0.0,0.0,0.06,0.01,0.07,0.06,0.07,Matches
482,Sam Johnstone,engENG,GK,Wolves,32-039,1993.0,7,7,630,7.0,0,0,0,0,0,0,0,0,0.0,0.0,0.0,0.0,0,0,0,0.0,0.0,0.0,0.0,0.0,0.0,0.0,0.0,0.0,0.0,Matches
483,Sam Morsy,egEGY,MF,Ipswich Town,33-235,1991.0,29,27,"2,419",26.9,1,1,2,1,0,0,9,0,0.3,0.3,0.8,1.2,14,103,9,0.04,0.04,0.07,0.04,0.07,0.01,0.03,0.04,0.01,0.04,Matches
484,Sammie Szmodics,ieIRL,"FW,MF",Ipswich Town,29-221,1995.0,19,13,979,10.9,4,0,4,4,0,0,2,0,3.4,3.4,0.2,3.6,16,18,46,0.37,0.0,0.37,0.37,0.37,0.31,0.02,0.33,0.31,0.33,Matches
485,Samuel Amo-Ameyaw,engENG,"FW,DF",Southampton,18-289,2006.0,2,0,28,0.3,0,0,0,0,0,0,1,0,0.0,0.0,0.1,0.1,1,0,3,0.0,0.0,0.0,0.0,0.0,0.07,0.22,0.29,0.07,0.29,Matches
486,Samuel Edozie,engENG,"DF,FW",Southampton,22-095,2003.0,2,0,65,0.7,0,0,0,0,0,0,1,0,0.0,0.0,0.1,0.1,6,4,23,0.0,0.0,0.0,0.0,0.0,0.0,0.14,0.14,0.0,0.14,Matches
487,Sander Berge,noNOR,MF,Fulham,27-078,1998.0,27,23,"2,017",22.4,0,0,0,0,0,0,4,0,0.2,0.2,0.6,0.8,27,110,8,0.0,0.0,0.0,0.0,0.0,0.01,0.03,0.03,0.01,0.03,Matches
488,Sandro Tonali,itITA,MF,Newcastle Utd,24-360,2000.0,32,24,"2,270",25.2,3,2,5,3,0,0,5,0,3.6,3.6,1.4,5.0,33,113,47,0.12,0.08,0.2,0.12,0.2,0.14,0.05,0.2,0.14,0.2,Matches
489,Santiago Bueno,uyURU,DF,Wolves,26-175,1998.0,28,18,"1,683",18.7,0,0,0,0,0,0,2,0,0.4,0.4,0.0,0.4,1,28,1,0.0,0.0,0.0,0.0,0.0,0.02,0.0,0.02,0.02,0.02,Matches
490,Saša Lukić,rsSRB,MF,Fulham,28-263,1996.0,27,25,"2,079",23.1,0,2,2,0,0,0,12,0,1.0,1.0,2.6,3.6,37,87,29,0.0,0.09,0.09,0.0,0.09,0.04,0.11,0.16,0.04,0.16,Matches
491,Scott McTominay,sctSCO,MF,Manchester Utd,28-146,1996.0,2,0,19,0.2,0,0,0,0,0,0,0,0,0.1,0.1,0.0,0.1,0,1,2,0.0,0.0,0.0,0.0,0.0,0.33,0.0,0.33,0.33,0.33,Matches
492,Sean Longstaff,engENG,MF,Newcastle Utd,27-185,1997.0,24,8,797,8.9,0,0,0,0,0,0,2,0,0.6,0.6,0.2,0.8,4,40,22,0.0,0.0,0.0,0.0,0.0,0.07,0.02,0.09,0.07,0.09,Matches
493,Sepp van den Berg,nlNED,DF,Brentford,23-134,2001.0,27,25,"2,226",24.7,0,0,0,0,0,0,2,0,1.6,1.6,0.2,1.8,9,68,27,0.0,0.0,0.0,0.0,0.0,0.07,0.01,0.07,0.07,0.07,Matches
494,Sergio Reguilón,esESP,DF,Tottenham,28-138,1996.0,3,0,123,1.4,0,0,0,0,0,0,2,0,0.1,0.1,0.0,0.1,4,12,10,0.0,0.0,0.0,0.0,0.0,0.05,0.02,0.07,0.05,0.07,Matches
495,Shumaira Mheuka,engENG,MF,Chelsea,17-195,2007.0,1,0,1,0.0,0,0,0,0,0,0,0,0,0.1,0.1,0.0,0.1,0,0,0,0.0,0.0,0.0,0.0,0.0,5.06,0.0,5.06,5.06,5.06,Matches
496,Simon Adingra,ciCIV,"FW,MF",Brighton,23-122,2002.0,25,9,888,9.9,2,1,3,2,0,0,0,0,2.2,2.2,1.8,4.0,35,14,114,0.2,0.1,0.3,0.2,0.3,0.22,0.18,0.4,0.22,0.4,Matches
497,Solly March,engENG,"FW,MF",Brighton,30-287,1994.0,8,1,168,1.9,0,0,0,0,0,0,2,0,0.1,0.1,0.3,0.4,5,2,20,0.0,0.0,0.0,0.0,0.0,0.05,0.15,0.19,0.05,0.19,Matches
498,Son Heung-min,krKOR,FW,Tottenham,32-299,1992.0,28,23,"2,004",22.3,7,9,16,6,1,2,1,0,7.0,5.4,8.2,13.7,87,104,259,0.31,0.4,0.72,0.27,0.67,0.31,0.37,0.68,0.24,0.61,Matches
499,Stefan Ortega,deGER,GK,Manchester City,32-178,1992.0,13,12,"1,100",12.2,0,0,0,0,0,0,1,0,0.0,0.0,0.0,0.0,0,0,0,0.0,0.0,0.0,0.0,0.0,0.0,0.0,0.0,0.0,0.0,Matches
500,Stephy Mavididi,engENG,FW,Leicester City,26-337,1998.0,30,16,"1,615",17.9,4,1,5,4,0,0,2,0,1.8,1.8,2.6,4.4,91,57,138,0.22,0.06,0.28,0.22,0.28,0.1,0.15,0.25,0.1,0.25,Matches
501,Sven Botman,nlNED,DF,Newcastle Utd,25-111,2000.0,4,3,232,2.6,0,0,0,0,0,0,1,0,0.0,0.0,0.0,0.0,0,3,0,0.0,0.0,0.0,0.0,0.0,0.01,0.0,0.01,0.01,0.01,Matches
502,Sávio,brBRA,"FW,MF",Manchester City,21-023,2004.0,27,21,"1,734",19.3,1,8,9,1,0,0,3,0,4.9,4.9,6.8,11.6,133,66,239,0.05,0.42,0.47,0.05,0.47,0.25,0.35,0.6,0.25,0.6,Matches
503,Séamus Coleman,ieIRL,DF,Everton,36-204,1988.0,3,2,197,2.2,0,0,0,0,0,0,1,0,0.6,0.6,0.0,0.6,1,8,2,0.0,0.0,0.0,0.0,0.0,0.26,0.0,0.26,0.26,0.26,Matches
504,Taiwo Awoniyi,ngNGA,FW,Nott'ham Forest,27-264,1997.0,25,3,408,4.5,1,0,1,1,0,0,0,0,2.1,2.1,0.1,2.2,6,7,20,0.22,0.0,0.22,0.22,0.22,0.47,0.02,0.49,0.47,0.49,Matches
505,Takehiro Tomiyasu,jpJPN,DF,Arsenal,26-179,1998.0,1,0,7,0.1,0,0,0,0,0,0,0,0,0.2,0.2,0.0,0.2,0,1,0,0.0,0.0,0.0,0.0,0.0,2.37,0.0,2.37,2.37,2.37,Matches
506,Tariq Lamptey,ghGHA,DF,Brighton,24-215,2000.0,13,9,765,8.5,2,2,4,2,0,0,0,0,0.4,0.4,0.8,1.2,25,12,40,0.24,0.24,0.47,0.24,0.47,0.05,0.09,0.14,0.05,0.14,Matches
507,Taylor Harwood-Bellis,engENG,DF,Southampton,23-093,2002.0,31,29,"2,564",28.5,1,0,1,1,0,0,8,0,1.7,1.7,1.0,2.7,28,116,9,0.04,0.0,0.04,0.04,0.04,0.06,0.03,0.1,0.06,0.1,Matches
508,Thiago,brBRA,FW,Brentford,23-311,2001.0,4,1,132,1.5,0,0,0,0,0,0,0,0,0.1,0.1,0.1,0.2,3,2,4,0.0,0.0,0.0,0.0,0.0,0.07,0.05,0.11,0.07,0.11,Matches
509,Thomas Partey,ghGHA,"MF,DF",Arsenal,31-324,1993.0,31,27,"2,437",27.1,4,2,6,4,0,0,4,0,2.0,2.0,1.9,4.0,31,165,45,0.15,0.07,0.22,0.15,0.22,0.07,0.07,0.15,0.07,0.15,Matches
510,Tim Iroegbunam,engENG,MF,Everton,21-307,2003.0,16,5,566,6.3,0,1,1,0,0,0,4,0,0.2,0.2,0.2,0.4,8,14,9,0.0,0.16,0.16,0.0,0.16,0.04,0.03,0.07,0.04,0.07,Matches
511,Timo Werner,deGER,"FW,MF",Tottenham,29-058,1996.0,18,4,516,5.7,0,3,3,0,0,0,0,0,1.0,1.0,2.5,3.5,42,30,89,0.0,0.52,0.52,0.0,0.52,0.17,0.44,0.61,0.17,0.61,Matches
512,Timothy Castagne,beBEL,DF,Fulham,29-149,1995.0,23,17,"1,625",18.1,0,1,1,0,0,0,1,0,0.4,0.4,1.2,1.6,17,61,67,0.0,0.06,0.06,0.0,0.06,0.02,0.07,0.09,0.02,0.09,Matches
513,Toby Collyer,engENG,MF,Manchester Utd,21-120,2004.0,6,0,179,2.0,0,0,0,0,0,0,0,0,0.2,0.2,0.3,0.4,0,5,2,0.0,0.0,0.0,0.0,0.0,0.09,0.13,0.22,0.09,0.22,Matches
514,Tom Cairney,sctSCO,MF,Fulham,34-103,1991.0,22,2,494,5.5,1,0,1,1,0,0,3,1,0.2,0.2,1.0,1.2,14,47,29,0.18,0.0,0.18,0.18,0.18,0.04,0.17,0.21,0.04,0.21,Matches
515,Tommy Doyle,engENG,MF,Wolves,23-198,2001.0,24,3,488,5.4,0,1,1,0,0,0,1,0,0.6,0.6,0.5,1.1,6,40,4,0.0,0.18,0.18,0.0,0.18,0.1,0.09,0.2,0.1,0.2,Matches
516,Tomáš Souček,czCZE,MF,West Ham,30-065,1995.0,31,26,"2,251",25.0,8,1,9,8,0,0,8,0,5.9,5.9,1.0,7.0,6,68,62,0.32,0.04,0.36,0.32,0.36,0.24,0.04,0.28,0.24,0.28,Matches
517,Tosin Adarabioyo,engENG,DF,Chelsea,27-221,1997.0,20,13,"1,229",13.7,1,1,2,1,0,0,3,0,0.9,0.9,0.2,1.1,5,37,1,0.07,0.07,0.15,0.07,0.15,0.07,0.02,0.08,0.07,0.08,Matches
518,Toti Gomes,ptPOR,DF,Wolves,26-107,1999.0,28,27,"2,344",26.0,0,1,1,0,0,0,6,0,0.7,0.7,0.9,1.7,21,67,15,0.0,0.04,0.04,0.0,0.04,0.03,0.04,0.06,0.03,0.06,Matches
519,Trent Alexander-Arnold,engENG,DF,Liverpool,26-208,1998.0,30,27,"2,240",24.9,3,6,9,3,0,0,5,0,1.8,1.8,6.7,8.5,49,211,87,0.12,0.24,0.36,0.12,0.36,0.07,0.27,0.34,0.07,0.34,Matches
520,Trevoh Chalobah,engENG,DF,Chelsea,25-302,1999.0,11,9,746,8.3,0,1,1,0,0,0,1,0,0.7,0.7,1.2,1.9,4,34,2,0.0,0.12,0.12,0.0,0.12,0.09,0.14,0.23,0.09,0.23,Matches
521,Trevoh Chalobah,engENG,DF,Crystal Palace,25-302,1999.0,12,12,"1,060",11.8,3,0,3,3,0,0,1,0,1.2,1.2,0.4,1.6,11,34,6,0.25,0.0,0.25,0.25,0.25,0.1,0.03,0.14,0.1,0.14,Matches
522,Tyler Adams,usUSA,MF,Bournemouth,26-078,1999.0,24,17,"1,620",18.0,0,3,3,0,0,0,7,0,1.6,1.6,0.9,2.5,12,61,9,0.0,0.17,0.17,0.0,0.17,0.09,0.05,0.14,0.09,0.14,Matches
523,Tyler Dibling,engENG,"FW,MF",Southampton,19-052,2006.0,30,18,"1,697",18.9,2,0,2,2,0,0,6,0,2.5,2.5,1.5,4.1,67,60,90,0.11,0.0,0.11,0.11,0.11,0.13,0.08,0.22,0.13,0.22,Matches
524,Tyler Fredricson,engENG,DF,Manchester Utd,20-069,2005.0,1,1,90,1.0,0,0,0,0,0,0,0,0,0.0,0.0,0.0,0.0,2,4,0,0.0,0.0,0.0,0.0,0.0,0.0,0.0,0.0,0.0,0.0,Matches
525,Tyrell Malacia,nlNED,DF,Manchester Utd,25-259,1999.0,3,2,100,1.1,0,0,0,0,0,0,1,0,0.0,0.0,0.0,0.0,3,3,6,0.0,0.0,0.0,0.0,0.0,0.0,0.03,0.03,0.0,0.03,Matches
526,Tyrick Mitchell,engENG,DF,Crystal Palace,25-244,1999.0,34,34,"2,852",31.7,0,4,4,0,0,0,2,0,1.2,1.2,5.6,6.8,56,62,160,0.0,0.13,0.13,0.0,0.13,0.04,0.18,0.22,0.04,0.22,Matches
527,Tyrique George,engENG,FW,Chelsea,19-088,2006.0,7,0,103,1.1,1,1,2,1,0,0,1,0,0.2,0.2,0.7,0.9,9,2,18,0.87,0.87,1.75,0.87,1.75,0.17,0.63,0.8,0.17,0.8,Matches
528,Tyrone Mings,engENG,DF,Aston Villa,32-051,1993.0,13,11,"1,051",11.7,0,0,0,0,0,0,1,0,0.8,0.8,0.2,1.0,6,39,0,0.0,0.0,0.0,0.0,0.0,0.07,0.02,0.09,0.07,0.09,Matches
529,Valentino Livramento,engENG,DF,Newcastle Utd,22-172,2002.0,33,28,"2,480",27.6,0,1,1,0,0,0,1,0,0.2,0.2,2.3,2.6,72,136,91,0.0,0.04,0.04,0.0,0.04,0.01,0.08,0.09,0.01,0.09,Matches
530,Victor Bernth Kristiansen,dkDEN,DF,Leicester City,22-138,2002.0,28,28,"2,380",26.4,0,1,1,0,0,0,1,0,0.3,0.3,1.4,1.7,39,69,75,0.0,0.04,0.04,0.0,0.04,0.01,0.05,0.06,0.01,0.06,Matches
531,Victor Lindelöf,seSWE,DF,Manchester Utd,30-290,1994.0,12,4,470,5.2,0,0,0,0,0,0,1,0,0.0,0.0,0.1,0.1,1,9,1,0.0,0.0,0.0,0.0,0.0,0.0,0.02,0.02,0.0,0.02,Matches
532,Virgil van Dijk,nlNED,DF,Liverpool,33-299,1991.0,34,34,"3,060",34.0,2,1,3,2,0,0,3,0,2.0,2.0,0.7,2.7,18,176,6,0.06,0.03,0.09,0.06,0.09,0.06,0.02,0.08,0.06,0.08,Matches
533,Vitaliy Mykolenko,uaUKR,DF,Everton,25-339,1999.0,31,31,"2,722",30.2,0,1,1,0,0,0,2,0,0.4,0.4,1.6,2.1,31,102,83,0.0,0.03,0.03,0.0,0.03,0.01,0.05,0.07,0.01,0.07,Matches
534,Vitaly Janelt,deGER,MF,Brentford,26-358,1998.0,32,27,"2,254",25.0,1,3,4,1,0,0,3,0,0.8,0.8,2.2,3.0,17,80,38,0.04,0.12,0.16,0.04,0.16,0.03,0.09,0.12,0.03,0.12,Matches
535,Vitezslav Jaros,czCZE,GK,Liverpool,23-284,2001.0,1,0,12,0.1,0,0,0,0,0,0,0,0,0.0,0.0,0.0,0.0,0,0,0,0.0,0.0,0.0,0.0,0.0,0.0,0.0,0.0,0.0,0.0,Matches
536,Vitor Reis,brBRA,DF,Manchester City,19-111,2006.0,1,0,1,0.0,0,0,0,0,0,0,0,0,0.0,0.0,0.0,0.0,0,0,0,0.0,0.0,0.0,0.0,0.0,0.0,0.0,0.0,0.0,0.0,Matches
537,Vladimír Coufal,czCZE,DF,West Ham,32-254,1992.0,18,9,865,9.6,0,0,0,0,0,0,4,0,0.2,0.2,0.6,0.8,15,32,25,0.0,0.0,0.0,0.0,0.0,0.02,0.06,0.09,0.02,0.09,Matches
538,Wataru Endo,jpJPN,MF,Liverpool,32-083,1993.0,17,0,169,1.9,0,0,0,0,0,0,0,0,0.0,0.0,0.0,0.0,0,9,2,0.0,0.0,0.0,0.0,0.0,0.0,0.01,0.01,0.0,0.01,Matches
539,Welington,brBRA,"DF,MF",Southampton,24-073,2001.0,7,3,215,2.4,0,0,0,0,0,0,1,0,0.0,0.0,0.0,0.1,3,6,10,0.0,0.0,0.0,0.0,0.0,0.02,0.01,0.03,0.02,0.03,Matches
540,Wes Burns,wlsWAL,"FW,DF",Ipswich Town,30-161,1994.0,18,12,926,10.3,0,1,1,0,0,0,1,0,0.5,0.5,1.6,2.2,38,8,65,0.0,0.1,0.1,0.0,0.1,0.05,0.16,0.21,0.05,0.21,Matches
541,Wesley Fofana,frFRA,DF,Chelsea,24-137,2000.0,14,14,"1,172",13.0,0,0,0,0,0,0,7,0,0.4,0.4,0.4,0.8,19,32,4,0.0,0.0,0.0,0.0,0.0,0.03,0.03,0.07,0.03,0.06,Matches
542,Wilfred Ndidi,ngNGA,MF,Leicester City,28-138,1996.0,25,25,"2,057",22.9,0,4,4,0,0,0,8,0,1.8,1.8,1.8,3.7,16,64,74,0.0,0.18,0.18,0.0,0.18,0.08,0.08,0.16,0.08,0.16,Matches
543,Will Alves,engENG,FW,Leicester City,20-089,2005.0,1,0,1,0.0,0,0,0,0,0,0,0,0,0.0,0.0,0.0,0.0,0,0,1,0.0,0.0,0.0,0.0,0.0,0.0,0.0,0.0,0.0,0.0,Matches
544,Will Hughes,engENG,MF,Crystal Palace,30-016,1995.0,29,21,"1,869",20.8,0,3,3,0,0,0,11,0,1.0,1.0,2.7,3.7,18,82,24,0.0,0.14,0.14,0.0,0.14,0.05,0.13,0.18,0.05,0.18,Matches
545,Will Lankshear,engENG,"FW,MF",Tottenham,20-013,2005.0,3,0,11,0.1,0,0,0,0,0,0,0,0,0.0,0.0,0.0,0.0,0,0,1,0.0,0.0,0.0,0.0,0.0,0.0,0.0,0.0,0.0,0.0,Matches
546,William Osula,dkDEN,FW,Newcastle Utd,21-272,2003.0,12,0,104,1.2,1,0,1,1,0,0,0,0,0.1,0.1,0.1,0.2,2,2,12,0.87,0.0,0.87,0.87,0.87,0.1,0.08,0.18,0.1,0.18,Matches
547,William Saliba,frFRA,DF,Arsenal,24-040,2001.0,32,32,"2,814",31.3,2,0,2,2,0,0,2,1,2.3,2.3,0.9,3.1,16,134,6,0.06,0.0,0.06,0.06,0.06,0.07,0.03,0.1,0.07,0.1,Matches
548,William Smallbone,ieIRL,MF,Southampton,25-071,2000.0,14,6,612,6.8,1,0,1,1,0,0,1,0,0.4,0.4,0.6,1.1,5,23,21,0.15,0.0,0.15,0.15,0.15,0.06,0.09,0.16,0.06,0.16,Matches
549,Willian,brBRA,"FW,MF",Fulham,36-267,1988.0,8,2,226,2.5,0,0,0,0,0,0,0,0,0.3,0.3,0.5,0.7,8,36,29,0.0,0.0,0.0,0.0,0.0,0.11,0.18,0.29,0.11,0.29,Matches
550,Willy Boly,ciCIV,DF,Nott'ham Forest,34-089,1991.0,6,1,150,1.7,0,0,0,0,0,0,1,0,0.1,0.1,0.0,0.1,0,2,0,0.0,0.0,0.0,0.0,0.0,0.04,0.0,0.04,0.04,0.04,Matches
551,Wilson Odobert,frFRA,FW,Tottenham,20-156,2004.0,12,6,539,6.0,0,0,0,0,0,0,0,0,0.7,0.7,0.9,1.6,38,19,54,0.0,0.0,0.0,0.0,0.0,0.12,0.15,0.27,0.12,0.27,Matches
552,Wout Faes,beBEL,DF,Leicester City,27-030,1998.0,30,26,"2,455",27.3,1,0,1,1,0,0,4,0,1.4,1.4,0.1,1.5,12,74,1,0.04,0.0,0.04,0.04,0.04,0.05,0.0,0.05,0.05,0.05,Matches
553,Woyo Coulibaly,frFRA,DF,Leicester City,25-348,1999.0,4,1,109,1.2,0,0,0,0,0,0,1,0,0.0,0.0,0.0,0.0,4,3,2,0.0,0.0,0.0,0.0,0.0,0.04,0.0,0.04,0.04,0.04,Matches
554,Yankuba Minteh,gmGAM,"FW,MF",Brighton,20-285,2004.0,28,16,"1,498",16.6,5,4,9,5,0,0,6,0,3.7,3.7,4.7,8.4,68,37,159,0.3,0.24,0.54,0.3,0.54,0.22,0.29,0.51,0.22,0.51,Matches
555,Yasin Ayari,seSWE,MF,Brighton,21-209,2003.0,30,19,"1,737",19.3,1,1,2,1,0,0,3,0,2.2,2.2,2.2,4.4,30,66,59,0.05,0.05,0.1,0.05,0.1,0.12,0.11,0.23,0.12,0.23,Matches
556,Yehor Yarmoliuk,uaUKR,MF,Brentford,21-063,2004.0,27,11,"1,129",12.5,0,0,0,0,0,0,5,0,0.6,0.6,0.4,1.0,14,48,43,0.0,0.0,0.0,0.0,0.0,0.05,0.03,0.08,0.05,0.08,Matches
557,Yerson Mosquera,coCOL,DF,Wolves,24-001,2001.0,5,5,441,4.9,0,0,0,0,0,0,2,0,0.3,0.3,0.1,0.4,0,7,0,0.0,0.0,0.0,0.0,0.0,0.07,0.02,0.09,0.07,0.09,Matches
558,Yoane Wissa,cdCOD,FW,Brentford,28-242,1996.0,31,30,"2,560",28.4,17,3,20,17,0,0,2,0,15.3,15.3,1.8,17.1,50,57,132,0.6,0.11,0.7,0.6,0.7,0.54,0.06,0.6,0.54,0.6,Matches
559,Youri Tielemans,beBEL,MF,Aston Villa,27-361,1997.0,34,34,"2,915",32.4,2,7,9,2,0,1,4,0,3.0,2.3,6.9,9.2,37,226,44,0.06,0.22,0.28,0.06,0.28,0.09,0.21,0.31,0.07,0.28,Matches
560,Youssef Chermiti,ptPOR,"FW,MF",Everton,20-344,2004.0,3,0,44,0.5,0,0,0,0,0,0,1,0,0.1,0.1,0.0,0.1,0,1,5,0.0,0.0,0.0,0.0,0.0,0.22,0.0,0.22,0.22,0.22,Matches
561,Yukinari Sugawara,jpJPN,"DF,MF",Southampton,24-309,2000.0,29,15,"1,467",16.3,1,1,2,1,0,0,4,0,0.5,0.5,2.2,2.7,32,68,76,0.06,0.06,0.12,0.06,0.12,0.03,0.14,0.17,0.03,0.17,Matches
562,Yunus Emre Konak,trTUR,"FW,MF",Brentford,19-113,2006.0,9,0,41,0.5,0,0,0,0,0,0,0,0,0.2,0.2,0.0,0.2,1,2,2,0.0,0.0,0.0,0.0,0.0,0.34,0.0,0.34,0.34,0.34,Matches
563,Yves Bissouma,mlMLI,MF,Tottenham,28-246,1996.0,24,15,"1,210",13.4,2,0,2,2,0,0,7,0,0.6,0.6,0.3,0.9,15,71,3,0.15,0.0,0.15,0.15,0.15,0.04,0.02,0.06,0.04,0.06,Matches
564,Zain Silcott-Duberry,msMSR,FW,Bournemouth,19-298,2005.0,1,0,1,0.0,0,0,0,0,0,0,0,0,0.0,0.0,0.0,0.0,0,0,0,0.0,0.0,0.0,0.0,0.0,0.0,0.0,0.0,0.0,0.0,Matches
565,Álex Moreno,esESP,"DF,MF",Nott'ham Forest,31-329,1993.0,15,11,955,10.6,0,1,1,0,0,0,2,0,0.2,0.2,1.3,1.4,26,34,34,0.0,0.09,0.09,0.0,0.09,0.02,0.12,0.13,0.02,0.13,Matches
566,İlkay Gündoğan,deGER,MF,Manchester City,34-191,1990.0,31,23,"2,050",22.8,0,5,5,0,0,0,1,0,2.7,2.7,2.8,5.5,57,115,86,0.0,0.22,0.22,0.0,0.22,0.12,0.12,0.24,0.12,0.24,Matches
567,Łukasz Fabiański,plPOL,GK,West Ham,40-015,1985.0,13,12,"1,070",11.9,0,0,0,0,0,0,2,0,0.0,0.0,0.0,0.0,0,0,0,0.0,0.0,0.0,0.0,0.0,0.0,0.0,0.0,0.0,0.0,Matches
