Rk,Player,Nation,Pos,Squad,Age,Born,90s,Touches,Def Pen,Def 3rd,Mid 3rd,Att 3rd,Att Pen,Live,Attp,Succ,Succ%,Tkld,Tkld%,Carries,TotDist,PrgDist,PrgCp,Cto1/3,CPA,Mis,Dis,Rec,PrgRp,Matches
1,Aaron Cresswell,engENG,DF,West Ham,35-139,1989.0,6.5,495,33,196,236,68,1,495,1,1,100.0,0,0.0,200,773,388,4,7,0,3,0,312,2,Matches
2,Aaron Ramsdale,engENG,GK,Southampton,26-354,1998.0,26.0,1154,835,1132,25,0,0,1154,0,0,,0,,701,3573,2092,0,0,0,2,0,628,0,Matches
3,Aaron Wan-Bissaka,engENG,DF,West Ham,27-158,1997.0,31.0,1960,136,620,838,531,40,1960,101,54,53.5,35,34.7,933,5937,3303,98,57,12,28,21,1135,139,Matches
4,Abdoulaye Doucouré,mlMLI,MF,Everton,32-122,1993.0,26.9,1090,31,218,502,385,59,1090,43,23,53.5,20,46.5,571,2839,1339,40,24,8,33,35,705,91,Matches
5,Abdukodir Khusanov,uzUZB,DF,Manchester City,21-063,2004.0,5.6,445,45,205,211,31,1,445,2,0,0.0,2,100.0,274,1155,435,1,1,0,2,1,332,2,Matches
6,Abdul Fatawu Issahaku,ghGHA,FW,Leicester City,21-056,2004.0,6.4,326,19,73,114,157,26,326,69,29,42.0,28,40.6,217,1869,1055,42,24,15,18,12,216,60,Matches
7,Adam Armstrong,engENG,"FW,MF",Southampton,28-082,1997.0,13.9,377,11,44,143,192,49,376,14,6,42.9,8,57.1,235,1324,599,25,13,6,11,18,286,79,Matches
8,Adam Lallana,engENG,MF,Southampton,36-358,1988.0,4.0,318,19,91,155,73,6,318,12,5,41.7,5,41.7,178,831,366,6,8,0,10,6,245,10,Matches
9,Adam Smith,engENG,DF,Bournemouth,34-004,1991.0,15.7,707,39,217,332,162,6,707,15,6,40.0,6,40.0,305,1295,585,12,15,0,10,6,333,31,Matches
10,Adam Webster,engENG,DF,Brighton,30-119,1995.0,6.9,569,84,279,271,22,8,569,3,1,33.3,2,66.7,326,1927,1142,7,2,0,3,1,384,2,Matches
11,Adam Wharton,engENG,MF,Crystal Palace,20-335,2004.0,14.0,827,27,196,439,198,10,827,10,2,20.0,8,80.0,413,1929,1021,14,22,2,14,13,509,10,Matches
12,Adama Traoré,esESP,"FW,MF",Fulham,29-098,1996.0,17.4,725,4,74,258,415,86,725,88,44,50.0,33,37.5,483,4081,2232,87,42,33,32,19,548,143,Matches
13,Albert Grønbaek,dkDEN,"FW,MF",Southampton,23-345,2001.0,1.6,38,2,9,14,15,2,38,4,0,0.0,4,100.0,18,79,15,1,0,1,5,4,21,3,Matches
14,Alejandro Garnacho,arARG,"MF,FW",Manchester Utd,20-306,2004.0,22.8,1078,13,120,340,636,164,1078,85,26,30.6,51,60.0,783,5951,3035,134,70,65,61,47,829,274,Matches
15,Alex Iwobi,ngNGA,"FW,MF",Fulham,29-000,1996.0,30.2,1693,31,225,678,815,107,1693,86,42,48.8,39,45.3,1200,7290,4024,132,99,37,54,38,1321,221,Matches
16,Alex McCarthy,engENG,GK,Southampton,35-151,1989.0,5.0,173,141,173,0,0,0,173,0,0,,0,,100,452,276,0,0,0,0,0,88,0,Matches
17,Alex Palmer,engENG,GK,Ipswich Town,28-266,1996.0,10.0,359,301,353,7,0,0,359,0,0,,0,,157,908,538,0,0,0,1,0,112,0,Matches
18,Alex Scott,engENG,MF,Bournemouth,21-255,2003.0,7.6,437,21,78,237,127,17,437,25,5,20.0,13,52.0,232,1285,586,14,8,2,22,8,262,32,Matches
19,Alexander Isak,seSWE,FW,Newcastle Utd,25-224,1999.0,27.6,933,20,54,348,545,175,930,88,42,47.7,44,50.0,558,3440,1723,77,40,43,62,50,659,196,Matches
20,Alexis Mac Allister,arARG,MF,Liverpool,26-130,1998.0,28.4,1827,55,279,944,624,60,1827,42,16,38.1,21,50.0,893,3646,1924,34,41,5,31,22,1203,78,Matches
21,Alfie Dorrington,engENG,DF,Tottenham,20-013,2005.0,0.2,16,0,11,5,0,0,16,0,0,,0,,12,61,26,0,0,0,0,0,13,0,Matches
22,Alfie Pond,engENG,DF,Wolves,21-063,2004.0,0.0,1,0,0,1,0,0,1,0,0,,0,,1,2,2,0,0,0,0,0,1,0,Matches
23,Ali Al Hamadi,iqIRQ,FW,Ipswich Town,23-063,2002.0,1.5,53,2,6,20,30,9,53,7,4,57.1,3,42.9,29,187,111,4,3,4,7,4,36,14,Matches
24,Alisson,brBRA,GK,Liverpool,32-213,1992.0,23.9,801,577,786,15,0,0,801,1,1,100.0,0,0.0,509,1996,1152,0,0,0,1,0,485,0,Matches
25,Alphonse Areola,frFRA,GK,West Ham,32-065,1993.0,22.1,927,740,918,10,0,0,927,0,0,,0,,530,2157,1174,0,0,0,0,0,481,0,Matches
26,Altay Bayındır,trTUR,GK,Manchester Utd,27-019,1998.0,1.0,66,58,64,2,0,0,66,0,0,,0,,45,163,59,0,0,0,0,0,43,0,Matches
27,Amad Diallo,ciCIV,"FW,MF",Manchester Utd,22-296,2002.0,17.7,1012,13,150,374,504,109,1012,72,36,50.0,32,44.4,656,4482,2294,92,46,52,35,32,714,159,Matches
28,Amadou Onana,beBEL,MF,Aston Villa,23-260,2001.0,15.0,836,60,227,490,132,20,836,17,11,64.7,3,17.6,459,2351,1237,20,20,1,10,9,563,13,Matches
29,Andreas Pereira,brBRA,MF,Fulham,29-122,1996.0,20.9,1096,17,156,446,511,39,1095,29,13,44.8,8,27.6,556,2647,1266,27,35,8,26,21,648,78,Matches
30,Andrew Robertson,sctSCO,DF,Liverpool,31-053,1994.0,25.6,1947,86,500,882,578,50,1947,18,7,38.9,10,55.6,1028,4511,2588,58,48,6,25,11,1302,95,Matches
31,André,brBRA,MF,Wolves,23-291,2001.0,25.0,1451,83,395,939,132,3,1451,27,13,48.1,10,37.0,795,3281,1440,8,14,0,27,17,973,11,Matches
32,André Onana,cmCMR,GK,Manchester Utd,29-031,1996.0,33.0,1323,1005,1302,22,0,0,1323,0,0,,0,,932,4682,2615,0,0,0,1,0,810,0,Matches
33,Andrés García,esESP,"DF,MF",Aston Villa,22-085,2003.0,3.5,256,8,38,108,112,2,256,18,5,27.8,12,66.7,159,1262,673,26,13,2,10,6,168,28,Matches
34,Andy Irving,sctSCO,MF,West Ham,24-355,2000.0,1.8,150,7,37,89,24,0,150,1,1,100.0,0,0.0,73,305,137,0,1,0,1,3,104,4,Matches
35,Anthony Elanga,seSWE,"FW,MF",Nott'ham Forest,23-006,2002.0,23.8,953,29,127,276,566,94,953,75,23,30.7,35,46.7,509,3934,2210,84,42,41,67,38,637,177,Matches
36,Anthony Gordon,engENG,FW,Newcastle Utd,24-068,2001.0,24.4,1165,16,115,439,630,123,1163,96,35,36.5,45,46.9,748,5575,2978,109,55,55,28,35,838,194,Matches
37,Antoine Semenyo,ghGHA,FW,Bournemouth,25-116,2000.0,32.3,1485,44,181,520,817,176,1485,123,64,52.0,50,40.7,898,6776,3357,132,64,64,78,71,1032,259,Matches
38,Antonee Robinson,usUSA,DF,Fulham,27-268,1997.0,32.2,2339,121,741,893,739,65,2339,75,33,44.0,31,41.3,1252,6834,3937,110,59,29,40,18,1402,257,Matches
39,Antony,brBRA,"DF,MF",Manchester Utd,25-068,2000.0,1.6,101,2,22,26,54,8,101,11,4,36.4,6,54.5,60,317,182,5,6,1,5,1,69,7,Matches
40,Antonín Kinský,czCZE,GK,Tottenham,22-051,2003.0,4.0,156,134,154,2,0,0,156,0,0,,0,,97,444,267,1,0,0,0,0,98,0,Matches
41,Archie Gray,engENG,"DF,MF",Tottenham,19-052,2006.0,15.5,1138,134,546,520,82,2,1138,10,5,50.0,4,40.0,798,3660,1496,5,5,0,9,10,860,15,Matches
42,Arijanet Muric,xkKVX,GK,Ipswich Town,26-177,1998.0,18.0,689,559,672,18,0,0,689,0,0,,0,,405,2088,1178,0,0,0,3,1,321,0,Matches
43,Armando Broja,alALB,FW,Everton,23-235,2001.0,3.7,127,4,14,47,72,18,127,16,8,50.0,7,43.8,64,577,281,12,8,3,16,13,94,26,Matches
44,Armel Bella Kotchap,deGER,DF,Southampton,23-143,2001.0,3.7,263,33,147,115,3,1,263,1,0,0.0,1,100.0,186,936,326,0,0,0,1,0,192,0,Matches
45,Asher Agbinone,engENG,MF,Crystal Palace,19-217,2005.0,0.1,8,0,0,2,6,0,8,2,0,0.0,1,50.0,5,53,23,2,0,0,0,1,5,1,Matches
46,Ashley Young,engENG,"DF,FW",Everton,39-298,1985.0,17.9,1034,51,314,448,277,9,1034,14,5,35.7,7,50.0,409,2111,1210,20,24,1,8,1,528,26,Matches
47,Axel Disasi,frFRA,DF,Chelsea,27-053,1998.0,4.0,323,17,110,175,40,2,323,1,1,100.0,0,0.0,196,953,519,6,3,0,1,3,242,2,Matches
48,Axel Disasi,frFRA,DF,Aston Villa,27-053,1998.0,5.4,334,32,130,178,29,6,334,15,9,60.0,6,40.0,207,1268,621,10,8,2,3,2,223,5,Matches
49,Axel Tuanzebe,cdCOD,DF,Ipswich Town,27-170,1997.0,16.1,789,89,343,347,105,6,789,10,4,40.0,6,60.0,338,1505,724,9,6,1,11,1,407,8,Matches
50,Ayden Heaven,engENG,DF,Manchester Utd,18-223,2006.0,1.1,67,21,42,23,3,1,67,2,2,100.0,0,0.0,42,245,122,1,1,0,2,1,40,1,Matches
51,Bart Verbruggen,nlNED,GK,Brighton,22-258,2002.0,32.0,1258,999,1245,13,0,0,1258,2,2,100.0,0,0.0,853,3126,1588,0,1,1,2,0,815,0,Matches
52,Ben Brereton,clCHI,FW,Southampton,26-015,1999.0,5.0,206,4,19,76,112,20,206,4,1,25.0,2,50.0,136,791,394,12,13,4,9,4,171,42,Matches
53,Ben Chilwell,engENG,DF,Crystal Palace,28-133,1996.0,1.5,98,6,35,43,25,1,98,5,2,40.0,2,40.0,39,203,146,2,1,0,2,2,42,10,Matches
54,Ben Davies,wlsWAL,DF,Tottenham,32-009,1993.0,11.5,965,169,502,419,44,12,965,1,1,100.0,0,0.0,558,2858,1633,13,9,0,4,0,653,6,Matches
55,Ben Godfrey,engENG,DF,Ipswich Town,27-108,1998.0,1.8,68,6,26,33,9,1,68,0,0,,0,,33,202,79,2,2,0,2,1,42,1,Matches
56,Ben Johnson,engENG,"DF,FW",Ipswich Town,25-099,2000.0,15.0,624,60,245,219,163,12,624,24,8,33.3,14,58.3,259,1503,585,16,12,3,23,17,290,33,Matches
57,Ben Mee,engENG,DF,Brentford,35-224,1989.0,2.0,138,18,66,62,11,3,138,0,0,,0,,78,404,274,3,1,1,0,0,86,2,Matches
58,Ben White,engENG,DF,Arsenal,27-207,1997.0,9.5,585,44,167,263,159,19,585,3,0,0.0,2,66.7,279,1040,559,10,10,3,8,4,359,27,Matches
59,Ben Winterburn,engENG,"FW,MF",Bournemouth,20-241,2004.0,0.3,9,0,2,5,2,1,9,0,0,,0,,6,50,40,2,0,1,0,0,6,2,Matches
60,Benoît Badiashile,frFRA,DF,Chelsea,24-038,2001.0,3.7,336,31,138,186,13,0,336,1,0,0.0,1,100.0,177,660,340,3,5,0,1,0,247,2,Matches
61,Bernardo Silva,ptPOR,"MF,FW",Manchester City,30-266,1994.0,26.7,1816,48,318,739,777,131,1816,59,27,45.8,25,42.4,1137,7253,3650,94,60,31,21,32,1346,184,Matches
62,Bernd Leno,deGER,GK,Fulham,33-060,1992.0,34.0,1328,1066,1318,10,0,0,1328,0,0,,0,,879,3577,1981,0,0,0,0,0,781,0,Matches
63,Beto,gwGNB,FW,Everton,27-092,1998.0,13.2,403,21,41,182,185,65,403,32,17,53.1,14,43.8,210,1030,387,12,9,9,53,32,291,62,Matches
64,Bilal El Khannouss,maMAR,MF,Leicester City,20-358,2004.0,21.3,1126,16,163,584,391,27,1126,46,27,58.7,17,37.0,649,3902,1788,61,38,9,35,34,753,77,Matches
65,Billy Gilmour,sctSCO,MF,Brighton,23-326,2001.0,1.1,73,2,14,46,13,0,73,2,1,50.0,1,50.0,44,210,117,2,0,0,0,0,58,2,Matches
66,Bobby De Cordova-Reid,jmJAM,FW,Leicester City,32-090,1993.0,8.3,272,15,49,114,109,16,272,10,0,0.0,8,80.0,174,816,389,14,5,6,11,10,188,48,Matches
67,Boubacar Kamara,frFRA,MF,Aston Villa,25-161,1999.0,15.3,911,88,288,520,109,8,911,22,8,36.4,7,31.8,467,2328,1082,16,11,1,9,11,610,5,Matches
68,Boubacar Traoré,mlMLI,MF,Wolves,23-256,2001.0,0.0,2,0,0,2,0,0,2,0,0,,0,,0,0,0,0,0,0,0,0,0,0,Matches
69,Boubakary Soumaré,frFRA,MF,Leicester City,26-065,1999.0,21.7,1318,62,348,833,150,17,1318,44,27,61.4,13,29.5,787,3634,1881,31,16,3,20,21,925,21,Matches
70,Brajan Gruda,deGER,"FW,MF",Brighton,20-337,2004.0,5.6,259,4,33,89,141,33,259,23,9,39.1,10,43.5,152,1063,491,16,17,10,9,20,170,47,Matches
71,Brandon Austin,engENG,GK,Tottenham,26-115,1999.0,1.0,36,30,36,0,0,0,36,0,0,,0,,22,104,46,0,0,0,0,0,16,0,Matches
72,Brennan Johnson,wlsWAL,FW,Tottenham,23-345,2001.0,23.1,825,16,89,282,466,120,825,44,19,43.2,22,50.0,527,2805,1410,57,21,32,25,16,609,194,Matches
73,Bruno Fernandes,ptPOR,MF,Manchester Utd,30-237,1994.0,30.6,2394,59,398,1130,888,71,2391,65,27,41.5,32,49.2,1379,6488,3436,65,60,11,38,37,1665,118,Matches
74,Bruno Guimarães,brBRA,MF,Newcastle Utd,27-168,1997.0,32.4,1965,74,397,1011,578,71,1965,71,34,47.9,21,29.6,1275,6916,3063,53,39,11,51,73,1475,79,Matches
75,Bryan Mbeumo,cmCMR,FW,Brentford,25-269,1999.0,33.9,1577,51,226,503,876,144,1572,95,44,46.3,39,41.1,955,5966,3125,114,62,67,97,38,1072,306,Matches
76,Bukayo Saka,engENG,"FW,MF",Arsenal,23-240,2001.0,16.2,840,6,46,180,621,139,839,83,37,44.6,34,41.0,535,3610,2065,79,27,43,28,37,610,222,Matches
77,Caleb Kporha,engENG,DF,Crystal Palace,18-292,2006.0,0.1,11,1,4,2,5,0,11,0,0,,0,,4,46,36,1,1,0,0,2,3,0,Matches
78,Caleb Okoli,itITA,DF,Leicester City,23-294,2001.0,12.5,804,152,450,324,35,10,804,0,0,,0,,467,2304,1106,3,6,0,10,2,483,2,Matches
79,Callum Hudson-Odoi,engENG,"FW,MF",Nott'ham Forest,24-177,2000.0,23.9,1005,15,111,324,595,72,1005,62,36,58.1,18,29.0,626,5261,3335,127,61,45,44,23,764,186,Matches
80,Callum Wilson,engENG,FW,Newcastle Utd,33-065,1992.0,3.0,71,1,5,41,28,15,71,5,1,20.0,2,40.0,36,210,92,5,4,5,10,8,42,11,Matches
81,Calvin Bassey,ngNGA,DF,Fulham,25-123,1999.0,31.2,2245,294,1099,1050,120,18,2245,29,13,44.8,10,34.5,1443,7344,4343,35,17,5,32,8,1559,13,Matches
82,Cameron Archer,engENG,FW,Southampton,23-286,2001.0,15.1,360,16,59,161,143,49,359,31,14,45.2,16,51.6,207,1067,499,19,9,14,33,24,253,62,Matches
83,Cameron Burgess,auAUS,DF,Ipswich Town,29-194,1995.0,15.1,849,204,510,296,44,21,849,0,0,,0,,391,1804,935,2,4,0,2,0,492,4,Matches
84,Caoimhín Kelleher,ieIRL,GK,Liverpool,26-161,1998.0,10.0,398,286,396,2,0,0,398,1,1,100.0,0,0.0,290,1131,616,0,0,0,1,0,275,0,Matches
85,Carlos Alcaraz,arARG,"FW,MF",Everton,22-154,2002.0,5.5,264,10,47,111,112,14,264,14,9,64.3,4,28.6,145,915,502,14,15,2,11,10,169,10,Matches
86,Carlos Alcaraz,arARG,MF,Southampton,22-154,2002.0,0.1,17,0,1,8,9,2,17,2,0,0.0,2,100.0,12,112,98,4,1,0,0,0,12,1,Matches
87,Carlos Baleba,cmCMR,MF,Brighton,21-120,2004.0,25.7,1506,84,361,891,293,11,1506,51,30,58.8,18,35.3,857,5000,2564,40,40,3,36,35,913,26,Matches
88,Carlos Forbs,ptPOR,"MF,FW",Wolves,21-045,2004.0,2.7,121,3,23,39,60,13,121,12,7,58.3,5,41.7,75,468,321,10,3,8,7,4,85,28,Matches
89,Carlos Soler,esESP,"MF,FW",West Ham,28-121,1997.0,15.0,738,26,172,384,187,22,738,18,8,44.4,9,50.0,338,1678,714,16,16,4,11,14,502,33,Matches
90,Carlos Vinícius,brBRA,"MF,FW",Fulham,30-039,1995.0,0.2,7,0,1,3,3,2,7,1,1,100.0,0,0.0,7,24,11,1,0,1,1,0,6,3,Matches
91,Casemiro,brBRA,MF,Manchester Utd,33-069,1992.0,14.8,1091,69,327,555,217,38,1091,6,3,50.0,3,50.0,575,1774,823,4,10,0,10,10,697,26,Matches
92,Chadi Riad,maMAR,DF,Crystal Palace,21-320,2003.0,1.0,90,5,41,49,1,0,90,0,0,,0,,58,318,232,2,0,0,1,0,69,0,Matches
93,Charlie Taylor,engENG,DF,Southampton,31-227,1993.0,3.0,219,21,93,91,36,1,219,2,2,100.0,0,0.0,91,386,155,3,3,0,1,1,133,6,Matches
94,Cheick Doucouré,mlMLI,MF,Crystal Palace,25-115,2000.0,5.0,263,11,56,165,45,4,263,5,2,40.0,2,40.0,133,581,280,2,7,1,4,7,160,7,Matches
95,Chidozie Obi-Martin,dkDEN,FW,Manchester Utd,17-155,2007.0,0.7,27,1,4,10,13,5,27,1,0,0.0,1,100.0,13,79,44,2,0,1,3,1,18,8,Matches
96,Chiedozie Ogbene,ieIRL,FW,Ipswich Town,28-002,1997.0,2.6,70,3,11,19,40,6,70,7,1,14.3,3,42.9,41,330,139,7,2,2,4,2,43,15,Matches
97,Chiquinho,ptPOR,MF,Wolves,25-087,2000.0,0.1,3,0,0,1,2,1,3,0,0,,0,,1,13,5,0,0,0,0,0,2,0,Matches
98,Chris Richards,usUSA,DF,Crystal Palace,25-036,2000.0,17.4,935,111,513,371,56,15,935,6,1,16.7,5,83.3,433,1947,850,5,5,0,5,5,525,1,Matches
99,Chris Wood,nzNZL,FW,Nott'ham Forest,33-147,1991.0,28.9,662,33,79,318,267,85,659,12,4,33.3,7,58.3,327,1145,434,13,10,5,67,24,486,79,Matches
100,Christian Eriksen,dkDEN,MF,Manchester Utd,33-078,1992.0,11.0,778,24,160,376,246,13,778,3,0,0.0,3,100.0,424,1527,677,10,11,0,11,5,514,29,Matches
101,Christian Nørgaard,dkDEN,MF,Brentford,31-054,1994.0,27.3,1572,158,543,751,293,51,1572,12,6,50.0,4,33.3,719,2685,1163,12,12,4,31,18,940,34,Matches
102,Christian Walton,engENG,GK,Ipswich Town,29-175,1995.0,6.0,242,224,241,1,0,0,242,0,0,,0,,122,572,305,0,0,0,0,0,117,0,Matches
103,Christopher Nkunku,frFRA,FW,Chelsea,27-170,1997.0,10.2,448,10,52,183,217,52,448,27,10,37.0,14,51.9,280,1368,628,17,16,13,18,17,356,68,Matches
104,Cody Gakpo,nlNED,FW,Liverpool,25-361,1999.0,18.1,759,20,72,217,486,87,759,48,28,58.3,15,31.3,510,3572,1820,48,30,18,38,19,570,240,Matches
105,Cole Palmer,engENG,MF,Chelsea,22-362,2002.0,31.5,1650,20,133,735,804,126,1646,103,47,45.6,41,39.8,1046,6961,3306,103,66,35,61,34,1219,165,Matches
106,Conor Bradley,nirNIR,DF,Liverpool,21-298,2003.0,5.9,511,17,142,238,140,33,511,16,6,37.5,9,56.3,282,1730,1012,26,17,7,8,2,322,27,Matches
107,Conor Chaplin,engENG,"MF,FW",Ipswich Town,28-076,1997.0,7.2,293,7,49,146,103,12,293,6,3,50.0,3,50.0,140,700,380,10,7,0,11,3,198,20,Matches
108,Conor Coady,engENG,DF,Leicester City,32-067,1993.0,15.0,958,186,521,421,17,6,958,2,1,50.0,1,50.0,636,2689,1403,2,2,1,4,2,703,0,Matches
109,Conor Townsend,engENG,DF,Ipswich Town,32-060,1993.0,3.7,172,28,87,50,38,5,172,0,0,,0,,53,278,136,2,2,0,2,2,75,13,Matches
110,Craig Dawson,engENG,DF,Wolves,34-362,1990.0,10.8,671,130,396,249,28,14,671,5,1,20.0,2,40.0,390,1819,938,6,1,0,2,0,443,5,Matches
111,Cristian Romero,arARG,DF,Tottenham,27-006,1998.0,15.7,1377,157,594,720,74,23,1377,4,1,25.0,2,50.0,896,4702,2893,12,18,0,10,5,936,3,Matches
112,Crysencio Summerville,nlNED,"FW,MF",West Ham,23-185,2001.0,8.7,372,9,47,147,181,38,372,39,13,33.3,18,46.2,207,1463,762,29,15,13,20,16,259,71,Matches
113,Curtis Jones,engENG,"MF,DF",Liverpool,24-093,2001.0,16.0,1040,27,160,555,331,50,1040,16,10,62.5,5,31.3,632,3024,1383,23,15,5,22,29,781,67,Matches
114,Daichi Kamada,jpJPN,MF,Crystal Palace,28-271,1996.0,14.9,804,18,172,420,217,28,804,13,4,30.8,7,53.8,403,1933,949,23,17,4,13,18,518,52,Matches
115,Dan Burn,engENG,DF,Newcastle Utd,32-359,1992.0,33.0,2104,335,1183,823,103,46,2104,4,3,75.0,1,25.0,1203,5487,2383,9,5,1,21,3,1417,10,Matches
116,Dane Scarlett,engENG,"FW,MF",Tottenham,21-040,2004.0,0.4,9,1,3,5,1,1,9,0,0,,0,,5,66,33,1,0,0,0,1,4,1,Matches
117,Dango Ouattara,bfBFA,FW,Bournemouth,23-081,2002.0,21.5,930,60,160,298,490,127,930,77,36,46.8,32,41.6,479,3470,1706,77,33,38,60,32,559,187,Matches
118,Daniel Bentley,engENG,GK,Wolves,31-294,1993.0,1.0,35,30,35,0,0,0,35,0,0,,0,,18,102,32,0,0,0,0,0,14,0,Matches
119,Daniel Jebbison,engENG,FW,Bournemouth,21-263,2003.0,0.8,53,2,5,22,27,9,53,5,4,80.0,1,20.0,33,212,81,2,1,3,11,4,37,11,Matches
120,Daniel Muñoz,coCOL,DF,Crystal Palace,28-342,1996.0,31.9,1788,107,508,743,556,89,1788,50,19,38.0,29,58.0,695,3482,1461,49,32,15,50,18,846,183,Matches
121,Daniel Podence,ptPOR,"MF,FW",Wolves,29-194,1995.0,0.5,20,0,2,11,7,0,20,2,2,100.0,0,0.0,13,77,43,1,1,0,0,0,17,3,Matches
122,Danilo,brBRA,"MF,FW",Nott'ham Forest,24-004,2001.0,3.0,140,8,50,78,13,0,140,6,3,50.0,3,50.0,49,217,61,2,0,0,6,0,83,1,Matches
123,Danny Ings,engENG,"FW,MF",West Ham,32-284,1992.0,3.2,139,2,15,51,73,27,139,7,4,57.1,2,28.6,63,324,118,6,0,2,6,6,96,29,Matches
124,Danny Ward,wlsWAL,GK,Leicester City,31-315,1993.0,1.5,55,40,55,0,0,0,55,1,0,0.0,1,100.0,44,176,107,0,0,0,0,0,35,0,Matches
125,Danny Welbeck,engENG,FW,Brighton,34-158,1990.0,20.6,625,15,48,266,315,90,625,36,12,33.3,21,58.3,379,1756,751,19,20,7,44,23,462,80,Matches
126,Dara O'Shea,ieIRL,DF,Ipswich Town,26-060,1999.0,30.7,1797,359,1046,643,113,47,1797,2,1,50.0,1,50.0,795,3472,1713,3,2,0,11,4,1018,7,Matches
127,Darwin Núñez,uyURU,FW,Liverpool,25-313,1999.0,11.3,330,10,43,111,186,62,330,21,8,38.1,12,57.1,178,979,528,22,17,12,21,17,220,67,Matches
128,David Brooks,wlsWAL,"FW,MF",Bournemouth,27-299,1997.0,9.1,446,12,53,163,238,32,446,30,8,26.7,19,63.3,275,1838,802,25,21,8,27,10,303,75,Matches
129,David Raya,esESP,GK,Arsenal,29-230,1995.0,34.0,1321,772,1240,81,0,0,1321,1,1,100.0,0,0.0,821,4109,2479,0,0,0,1,0,756,0,Matches
130,Dean Henderson,engENG,GK,Crystal Palace,28-052,1997.0,34.0,1173,954,1169,3,1,1,1173,0,0,,0,,674,4048,1919,0,0,0,2,0,510,0,Matches
131,Dean Huijsen,esESP,DF,Bournemouth,20-019,2005.0,23.8,1723,229,786,824,122,29,1723,5,2,40.0,3,60.0,937,5998,3725,36,24,0,16,1,1050,10,Matches
132,Declan Rice,engENG,MF,Arsenal,26-109,1999.0,28.6,1806,71,294,846,683,74,1806,26,11,42.3,14,53.8,960,6057,3225,87,54,16,36,29,1182,88,Matches
133,Dejan Kulusevski,seSWE,"MF,FW",Tottenham,25-008,2000.0,25.3,1233,21,143,413,701,154,1233,111,37,33.3,66,59.5,801,6004,3164,118,67,39,74,72,874,207,Matches
134,Destiny Udogie,itITA,DF,Tottenham,22-156,2002.0,20.4,1336,60,377,591,383,49,1336,32,13,40.6,16,50.0,735,4188,2290,54,39,12,32,19,796,93,Matches
135,Diego Carlos,brBRA,DF,Aston Villa,32-049,1993.0,9.2,674,86,331,330,15,6,674,2,2,100.0,0,0.0,419,2133,1162,3,3,0,1,2,481,0,Matches
136,Diego Gómez,pyPAR,MF,Brighton,22-037,2003.0,4.9,342,18,79,184,83,5,342,12,6,50.0,6,50.0,161,582,254,5,3,0,6,9,203,14,Matches
137,Diogo Dalot,ptPOR,DF,Manchester Utd,26-046,1999.0,31.0,1965,113,658,767,557,66,1965,53,27,50.9,22,41.5,1111,4912,2684,62,37,16,37,21,1186,164,Matches
138,Diogo Jota,ptPOR,FW,Liverpool,28-150,1996.0,12.2,448,5,30,185,240,90,448,30,11,36.7,18,60.0,247,1440,753,36,21,20,36,21,311,86,Matches
139,Divin Mubama,engENG,FW,Manchester City,20-190,2004.0,0.3,5,0,0,2,3,1,5,0,0,,0,,2,14,0,0,0,0,0,1,3,0,Matches
140,Djed Spence,engENG,DF,Tottenham,24-267,2000.0,16.8,1234,67,415,562,277,24,1234,69,34,49.3,28,40.6,709,4278,2295,53,40,7,25,27,776,68,Matches
141,Dominic Calvert-Lewin,engENG,FW,Everton,28-048,1997.0,17.5,491,21,38,204,254,82,491,25,10,40.0,13,52.0,268,1398,444,22,8,16,71,32,402,105,Matches
142,Dominic Solanke,engENG,FW,Tottenham,27-231,1997.0,23.5,636,31,68,290,284,111,636,50,16,32.0,31,62.0,374,2024,803,29,21,14,67,47,448,88,Matches
143,Dominik Szoboszlai,huHUN,MF,Liverpool,24-190,2000.0,25.1,1435,23,183,696,574,96,1435,35,19,54.3,13,37.1,732,3740,2101,65,46,17,34,21,980,120,Matches
144,Donyell Malen,nlNED,FW,Aston Villa,26-114,1999.0,3.0,110,2,7,29,80,18,110,10,3,30.0,5,50.0,63,478,251,9,5,5,8,6,71,23,Matches
145,Dwight McNeil,engENG,"MF,FW",Everton,25-162,1999.0,13.2,645,3,65,280,315,22,645,38,21,55.3,16,42.1,374,2338,970,32,29,4,22,28,435,68,Matches
146,Eberechi Eze,engENG,"MF,FW",Crystal Palace,26-308,1998.0,26.0,1289,15,172,611,537,86,1288,125,61,48.8,57,45.6,771,4647,2178,65,43,21,52,44,840,141,Matches
147,Eddie Nketiah,engENG,"FW,MF",Crystal Palace,25-338,1999.0,9.8,360,10,39,150,178,59,360,19,10,52.6,6,31.6,211,1536,807,37,22,13,30,15,256,65,Matches
148,Ederson,brBRA,GK,Manchester City,31-259,1993.0,22.8,875,619,866,9,0,0,875,0,0,,0,,590,2718,1732,0,0,0,1,0,560,0,Matches
149,Edmond-Paris Maghoma,engENG,"MF,FW",Brentford,23-360,2001.0,1.3,101,2,18,58,27,4,101,4,3,75.0,1,25.0,68,414,221,4,3,1,2,0,75,4,Matches
150,Edson Álvarez,mxMEX,MF,West Ham,27-191,1997.0,18.1,1101,61,323,612,174,12,1101,31,14,45.2,12,38.7,603,3371,1528,21,20,2,25,13,734,18,Matches
151,Eiran Cashin,ieIRL,DF,Brighton,23-175,2001.0,0.2,32,2,10,20,2,0,32,1,0,0.0,1,100.0,21,133,99,0,0,0,0,0,25,1,Matches
152,Elliot Anderson,engENG,MF,Nott'ham Forest,22-178,2002.0,26.4,1529,88,362,718,477,59,1529,69,35,50.7,26,37.7,774,4272,1992,44,29,18,54,38,900,82,Matches
153,Emerson Palmieri,itITA,DF,West Ham,30-273,1994.0,22.4,1277,82,412,532,348,27,1277,30,10,33.3,17,56.7,533,2921,1666,44,25,8,24,7,713,82,Matches
154,Emi Buendía,arARG,"MF,FW",Aston Villa,28-129,1996.0,1.1,82,0,17,35,31,3,82,2,0,0.0,2,100.0,53,185,119,3,5,0,4,3,64,6,Matches
155,Emil Krafth,seSWE,DF,Newcastle Utd,30-274,1994.0,3.2,164,30,87,59,19,4,164,1,0,0.0,1,100.0,72,327,133,3,3,0,2,2,85,1,Matches
156,Emile Smith Rowe,engENG,MF,Fulham,24-279,2000.0,20.6,1112,20,153,525,444,55,1112,33,16,48.5,15,45.5,721,3498,1832,50,38,11,32,13,853,113,Matches
157,Emiliano Martínez,arARG,GK,Aston Villa,32-243,1992.0,32.0,1307,990,1292,15,0,0,1307,1,1,100.0,0,0.0,794,4063,2586,0,0,0,1,0,718,0,Matches
158,Emmanuel Agbadou,ciCIV,DF,Wolves,27-320,1997.0,12.7,924,155,527,381,22,5,924,10,7,70.0,2,20.0,572,2717,1230,3,3,0,3,3,615,1,Matches
159,Enes Ünal,trTUR,"FW,MF",Bournemouth,27-358,1997.0,3.8,172,6,14,63,95,26,172,12,1,8.3,10,83.3,91,261,95,4,3,1,17,13,133,22,Matches
160,Enzo Fernández,arARG,MF,Chelsea,24-106,2001.0,28.8,2021,32,309,1027,698,73,2021,46,21,45.7,18,39.1,1115,5173,2529,57,53,8,27,27,1487,115,Matches
161,Eric da Silva Moreira,deGER,"MF,DF",Nott'ham Forest,19-000,2006.0,0.3,13,3,7,4,2,0,13,1,0,0.0,1,100.0,4,26,11,1,0,0,1,0,3,1,Matches
162,Erling Haaland,noNOR,FW,Manchester City,24-286,2000.0,27.6,578,22,39,200,344,170,575,32,11,34.4,19,59.4,272,1310,478,19,14,19,39,25,427,103,Matches
163,Ethan Nwaneri,engENG,"FW,MF",Arsenal,18-043,2007.0,9.1,491,3,43,159,294,39,491,55,32,58.2,17,30.9,330,2624,1233,44,21,16,20,17,358,101,Matches
164,Ethan Pinnock,jmJAM,DF,Brentford,31-339,1993.0,21.3,1348,294,783,457,109,24,1348,9,3,33.3,6,66.7,633,3117,1633,3,4,0,2,4,760,9,Matches
165,Evan Ferguson,ieIRL,FW,Brighton,20-196,2004.0,2.7,88,7,13,50,26,9,88,2,1,50.0,1,50.0,42,183,56,2,1,2,5,6,52,9,Matches
166,Evan Ferguson,ieIRL,FW,West Ham,20-196,2004.0,1.6,62,1,6,27,29,10,62,5,3,60.0,2,40.0,31,123,41,1,1,1,8,5,40,6,Matches
167,Evanilson,brBRA,FW,Bournemouth,25-209,1999.0,21.9,479,22,49,183,250,113,478,19,6,31.6,7,36.8,279,1515,734,26,15,14,31,22,337,87,Matches
168,Ezri Konsa,engENG,DF,Aston Villa,27-192,1997.0,28.6,1693,213,795,807,99,20,1693,17,7,41.2,7,41.2,986,4914,2465,16,11,2,16,9,1177,11,Matches
169,Fabian Schär,chSUI,DF,Newcastle Utd,33-134,1991.0,28.6,2034,237,1061,857,127,31,2034,12,8,66.7,2,16.7,1284,5803,3313,14,23,2,11,6,1417,17,Matches
170,Fabio Carvalho,ptPOR,"FW,MF",Brentford,22-246,2002.0,5.1,247,4,44,91,113,22,247,14,2,14.3,10,71.4,137,698,356,9,3,0,13,8,145,23,Matches
171,Facundo Buonanotte,arARG,"FW,MF",Leicester City,20-131,2004.0,16.4,850,26,127,436,300,36,850,79,26,32.9,49,62.0,465,2928,1321,38,26,8,53,39,515,69,Matches
172,Federico Chiesa,itITA,FW,Liverpool,27-190,1997.0,0.4,32,0,5,12,15,4,32,1,0,0.0,1,100.0,22,80,35,2,0,1,1,3,24,6,Matches
173,Ferdi Kadioglu,trTUR,"DF,MF",Brighton,25-208,1999.0,4.3,231,13,71,91,72,9,231,7,3,42.9,3,42.9,124,479,183,1,0,0,6,2,144,27,Matches
174,Filip Jørgensen,dkDEN,GK,Chelsea,23-017,2002.0,6.0,202,174,201,1,0,0,202,0,0,,0,,145,676,423,0,0,0,0,0,139,0,Matches
175,Flynn Downes,engENG,MF,Southampton,26-103,1999.0,19.9,1136,76,343,605,197,20,1136,14,5,35.7,7,50.0,540,2961,1551,24,21,4,12,17,805,28,Matches
176,Frank Onyeka,ngNGA,MF,Brentford,27-122,1998.0,0.3,10,0,1,5,4,0,10,0,0,,0,,6,55,14,0,0,0,2,1,6,0,Matches
177,Fraser Forster,engENG,GK,Tottenham,37-047,1988.0,7.0,228,212,228,0,0,0,228,1,1,100.0,0,0.0,113,501,264,0,0,0,1,0,94,0,Matches
178,Gabriel Jesus,brBRA,FW,Arsenal,28-030,1997.0,6.8,299,9,28,108,165,48,299,22,9,40.9,10,45.5,179,953,432,15,6,11,13,13,217,57,Matches
179,Gabriel Magalhães,brBRA,DF,Arsenal,27-135,1997.0,26.3,1873,189,672,985,225,40,1873,5,4,80.0,1,20.0,1116,4470,2669,10,22,0,9,2,1366,11,Matches
180,Gabriel Martinelli,brBRA,"FW,MF",Arsenal,23-319,2001.0,21.7,860,15,83,218,571,162,860,103,30,29.1,57,55.3,576,4267,2268,106,29,55,48,33,655,259,Matches
181,George Edmundson,engENG,DF,Ipswich Town,27-245,1997.0,0.0,3,1,3,0,0,0,3,0,0,,0,,1,2,0,0,0,0,0,0,1,0,Matches
182,George Hirst,sctSCO,FW,Ipswich Town,26-077,1999.0,5.2,156,10,22,54,82,21,156,5,2,40.0,2,40.0,88,465,198,9,2,6,21,13,134,27,Matches
183,Georginio Rutter,frFRA,"MF,FW",Brighton,23-013,2002.0,18.4,641,20,83,246,326,79,641,71,27,38.0,34,47.9,361,2467,1405,42,36,16,45,37,411,79,Matches
184,Gonçalo Guedes,ptPOR,"MF,FW",Wolves,28-155,1996.0,8.7,375,4,43,165,180,28,375,20,5,25.0,11,55.0,230,1731,904,32,21,5,33,14,255,60,Matches
185,Guglielmo Vicario,itITA,GK,Tottenham,28-208,1996.0,22.0,848,568,830,18,0,0,848,1,1,100.0,0,0.0,606,2833,1594,0,0,0,0,0,549,0,Matches
186,Guido Rodríguez,arARG,MF,West Ham,31-021,1994.0,11.3,617,42,196,366,56,2,617,3,2,66.7,0,0.0,284,988,392,2,5,0,2,6,354,5,Matches
187,Gustavo Nunes,brBRA,"MF,FW",Brentford,19-164,2005.0,0.0,2,1,1,1,0,0,2,0,0,,0,,0,0,0,0,0,0,1,0,0,0,Matches
188,Hamza Choudhury,bdBAN,"MF,DF",Leicester City,27-214,1997.0,1.5,100,4,19,61,20,3,100,4,3,75.0,1,25.0,63,246,130,4,2,2,1,0,71,6,Matches
189,Harrison Armstrong,engENG,MF,Everton,18-104,2007.0,0.5,20,0,3,12,7,2,20,1,1,100.0,0,0.0,15,110,43,1,2,0,2,3,14,0,Matches
190,Harrison Reed,engENG,MF,Fulham,30-096,1995.0,1.0,77,2,11,28,39,5,77,2,0,0.0,1,50.0,31,95,27,1,1,0,2,2,38,7,Matches
191,Harry Amass,engENG,DF,Manchester Utd,18-048,2007.0,1.8,121,7,39,37,46,2,121,3,2,66.7,1,33.3,61,307,178,5,4,1,6,4,64,12,Matches
192,Harry Clarke,engENG,DF,Ipswich Town,24-062,2001.0,4.2,268,18,100,122,47,2,268,2,1,50.0,1,50.0,118,555,222,5,7,0,4,2,163,2,Matches
193,Harry Maguire,engENG,DF,Manchester Utd,32-059,1993.0,16.5,1117,136,560,509,62,37,1117,5,2,40.0,3,60.0,658,4055,1644,6,6,3,6,2,722,6,Matches
194,Harry Toffolo,engENG,DF,Nott'ham Forest,29-257,1995.0,1.5,88,9,32,22,34,2,88,0,0,,0,,17,57,23,0,0,0,0,0,30,4,Matches
195,Harry Wilson,wlsWAL,"FW,MF",Fulham,28-042,1997.0,10.4,486,7,63,175,257,45,486,24,9,37.5,10,41.7,287,1511,657,16,18,8,13,5,326,79,Matches
196,Harry Winks,engENG,MF,Leicester City,29-090,1996.0,17.1,1158,49,275,746,151,1,1158,12,3,25.0,8,66.7,696,3268,1522,19,13,0,13,8,827,11,Matches
197,Harvey Barnes,engENG,FW,Newcastle Utd,27-145,1997.0,15.7,676,15,82,225,374,102,676,56,21,37.5,28,50.0,471,3503,2026,74,38,41,24,18,538,159,Matches
198,Harvey Elliott,engENG,"MF,FW",Liverpool,22-029,2003.0,2.2,220,2,20,96,105,15,220,5,2,40.0,3,60.0,128,567,259,7,8,5,2,4,165,23,Matches
199,Hwang Hee-chan,krKOR,"MF,FW",Wolves,29-097,1996.0,7.2,262,9,41,99,124,24,262,14,2,14.3,12,85.7,151,928,426,15,5,7,14,10,174,41,Matches
200,Hákon Rafn Valdimarsson,isISL,GK,Brentford,23-202,2001.0,1.6,72,60,71,1,0,0,72,0,0,,0,,44,191,80,0,0,0,0,0,36,0,Matches
201,Ian Maatsen,nlNED,DF,Aston Villa,23-054,2002.0,9.9,756,42,200,278,286,40,756,20,10,50.0,10,50.0,404,2071,974,26,15,11,18,20,463,84,Matches
202,Ibrahim Sangaré,ciCIV,MF,Nott'ham Forest,27-152,1997.0,3.3,208,8,49,127,34,7,208,1,0,0.0,1,100.0,85,355,109,0,2,0,4,1,112,2,Matches
203,Ibrahima Konaté,frFRA,DF,Liverpool,25-343,1999.0,25.8,2005,211,854,1047,110,22,2005,4,2,50.0,1,25.0,1184,5470,3160,21,13,0,8,2,1454,3,Matches
204,Idrissa Gana Gueye,snSEN,MF,Everton,35-219,1989.0,30.1,1571,68,382,891,307,19,1571,36,17,47.2,17,47.2,732,3425,1501,24,25,4,30,33,895,23,Matches
205,Igor,brBRA,DF,Brighton,27-085,1998.0,10.0,764,109,377,353,38,1,764,4,3,75.0,1,25.0,497,2837,1782,9,14,0,1,0,568,0,Matches
206,Iliman Ndiaye,snSEN,FW,Everton,25-058,2000.0,24.0,956,32,197,397,410,74,954,134,61,45.5,63,47.0,552,4354,2169,79,40,29,48,38,582,106,Matches
207,Illia Zabarnyi,uaUKR,DF,Bournemouth,22-244,2002.0,30.6,1809,214,842,920,67,13,1809,8,5,62.5,2,25.0,1124,7268,4327,24,20,0,14,3,1128,4,Matches
208,Ismaila Sarr,snSEN,"MF,FW",Crystal Palace,27-067,1998.0,26.6,954,39,156,367,441,118,954,51,15,29.4,27,52.9,526,3293,1855,67,42,26,61,41,650,164,Matches
209,Issa Diop,frFRA,DF,Fulham,28-114,1997.0,14.9,903,125,498,381,26,13,903,2,1,50.0,1,50.0,533,2426,1216,6,2,0,9,2,617,3,Matches
210,Jack Clarke,engENG,"FW,MF",Ipswich Town,24-161,2000.0,11.5,476,22,114,195,181,32,476,38,21,55.3,12,31.6,264,1871,966,30,18,9,20,16,287,47,Matches
211,Jack Grealish,engENG,"FW,MF",Manchester City,29-235,1995.0,8.0,519,14,40,162,324,71,519,29,13,44.8,9,31.0,375,2879,1714,69,23,46,10,16,422,118,Matches
212,Jack Harrison,engENG,FW,Everton,28-164,1996.0,21.0,862,31,144,304,421,62,862,71,22,31.0,41,57.7,473,2810,1439,62,32,14,50,37,556,116,Matches
213,Jack Hinshelwood,engENG,"DF,MF",Brighton,20-022,2005.0,18.6,1100,49,307,505,293,26,1100,9,1,11.1,7,77.8,539,2250,1084,16,19,1,16,2,686,46,Matches
214,Jack Stephens,engENG,DF,Southampton,31-096,1994.0,12.9,935,106,387,458,94,11,935,4,0,0.0,4,100.0,520,2405,1127,13,11,1,2,3,655,2,Matches
215,Jack Taylor,ieIRL,MF,Ipswich Town,26-314,1998.0,7.6,433,27,123,234,87,8,433,9,4,44.4,3,33.3,211,1249,693,11,9,1,9,6,274,18,Matches
216,Jacob Greaves,engENG,DF,Ipswich Town,24-233,2000.0,20.5,1141,244,619,455,71,15,1141,3,2,66.7,1,33.3,524,2233,925,6,9,0,7,2,704,7,Matches
217,Jacob Murphy,engENG,FW,Newcastle Utd,30-068,1995.0,23.2,1112,20,158,409,556,83,1112,62,30,48.4,29,46.8,652,3889,2055,69,31,24,30,33,802,210,Matches
218,Jacob Ramsey,engENG,"FW,MF",Aston Villa,23-340,2001.0,16.5,712,12,134,252,338,66,712,42,24,57.1,10,23.8,466,3131,1598,57,31,19,39,21,542,103,Matches
219,Jaden Philogene Bidace,engENG,"FW,MF",Aston Villa,23-084,2002.0,3.7,145,4,27,54,66,14,145,15,4,26.7,8,53.3,75,520,239,7,5,7,7,3,83,17,Matches
220,Jaden Philogene Bidace,engENG,"FW,DF",Ipswich Town,23-084,2002.0,5.3,220,10,53,68,101,18,220,18,5,27.8,11,61.1,127,862,305,13,3,5,11,10,133,36,Matches
221,Jadon Sancho,engENG,FW,Chelsea,25-039,2000.0,18.5,915,11,114,267,544,116,915,95,45,47.4,38,40.0,619,4247,2337,96,32,55,29,21,715,214,Matches
222,Jahmai Simpson-Pusey,engENG,DF,Manchester City,19-180,2005.0,1.1,123,9,61,59,3,1,123,1,0,0.0,0,0.0,79,376,190,1,0,0,1,0,101,0,Matches
223,Jake Evans,,FW,Leicester City,,,0.0,0,0,0,0,0,0,0,0,0,,0,,0,0,0,0,0,0,0,0,0,0,Matches
224,Jake O'Brien,ieIRL,DF,Everton,23-353,2001.0,14.5,745,61,302,313,133,18,745,10,4,40.0,5,50.0,315,1415,648,7,6,2,5,5,386,24,Matches
225,Jakub Kiwior,plPOL,DF,Arsenal,25-077,2000.0,8.5,611,59,193,368,50,4,611,4,3,75.0,1,25.0,352,1408,808,5,4,1,3,1,464,0,Matches
226,Jakub Moder,plPOL,MF,Brighton,26-026,1999.0,0.1,27,2,7,12,9,1,27,0,0,,0,,13,93,62,2,3,0,0,0,14,0,Matches
227,Jakub Stolarczyk,plPOL,GK,Leicester City,24-135,2000.0,6.0,241,179,236,6,0,0,241,0,0,,0,,130,592,396,0,0,0,1,0,131,0,Matches
228,James Bree,engENG,DF,Southampton,27-204,1997.0,9.9,602,42,194,263,150,10,602,8,4,50.0,2,25.0,319,1407,713,10,11,0,6,4,389,34,Matches
229,James Garner,engENG,"MF,DF",Everton,24-051,2001.0,13.7,734,32,187,360,194,9,734,16,6,37.5,10,62.5,336,1544,578,10,13,1,11,7,386,22,Matches
230,James Hill,engENG,DF,Bournemouth,23-113,2002.0,5.0,319,19,99,167,54,8,319,2,1,50.0,1,50.0,146,552,295,3,6,0,2,0,179,8,Matches
231,James Justin,engENG,DF,Leicester City,27-069,1998.0,28.7,1714,131,594,768,362,37,1714,29,9,31.0,13,44.8,770,3210,1559,37,25,4,31,13,951,92,Matches
232,James Maddison,engENG,MF,Tottenham,28-161,1996.0,20.1,1464,26,210,691,576,77,1464,77,33,42.9,34,44.2,1026,5128,2279,45,39,20,23,25,1125,95,Matches
233,James Mcatee,engENG,"MF,FW",Manchester City,22-197,2002.0,3.4,151,2,17,60,75,20,151,7,2,28.6,5,71.4,83,421,189,7,5,1,5,1,108,26,Matches
234,James Milner,engENG,MF,Brighton,39-119,1986.0,1.9,92,3,13,48,31,4,92,1,1,100.0,0,0.0,46,223,97,1,1,0,0,0,58,10,Matches
235,James Tarkowski,engENG,DF,Everton,32-165,1992.0,32.5,1706,355,974,635,106,57,1706,7,5,71.4,2,28.6,727,3610,1943,9,10,0,13,7,927,3,Matches
236,James Ward-Prowse,engENG,MF,Nott'ham Forest,30-183,1994.0,4.4,205,13,49,115,45,1,205,0,0,,0,,92,407,170,1,3,0,3,3,115,3,Matches
237,James Ward-Prowse,engENG,MF,West Ham,30-183,1994.0,8.9,656,28,142,395,119,5,656,5,2,40.0,3,60.0,318,1531,669,9,13,0,3,6,455,4,Matches
238,Jamie Vardy,engENG,FW,Leicester City,38-112,1987.0,28.6,541,28,54,252,240,101,539,21,9,42.9,10,47.6,257,1326,629,27,11,14,33,12,350,108,Matches
239,Jan Bednarek,plPOL,DF,Southampton,29-021,1996.0,26.1,1953,359,1028,892,40,15,1953,3,3,100.0,0,0.0,996,3582,1646,4,5,1,9,3,1249,2,Matches
240,Jan Paul van Hecke,nlNED,DF,Brighton,24-329,2000.0,28.9,2316,246,987,1196,153,30,2316,10,4,40.0,4,40.0,1536,9643,6643,53,41,0,12,7,1628,5,Matches
241,Jannik Vestergaard,dkDEN,DF,Leicester City,32-273,1992.0,15.5,1092,196,572,497,28,10,1092,4,4,100.0,0,0.0,672,2932,1458,3,3,0,2,0,757,2,Matches
242,Jarell Quansah,engENG,DF,Liverpool,22-094,2003.0,3.5,272,36,134,113,25,5,272,2,1,50.0,1,50.0,165,922,483,2,3,1,4,2,190,4,Matches
243,Jarrad Branthwaite,engENG,DF,Everton,22-310,2002.0,25.1,1345,196,713,581,58,22,1345,5,3,60.0,1,20.0,643,3558,2143,9,13,2,8,3,774,2,Matches
244,Jarrod Bowen,engENG,"FW,MF",West Ham,28-134,1996.0,29.2,1098,25,125,401,596,150,1097,115,40,34.8,65,56.5,651,4775,2295,97,43,55,67,68,718,183,Matches
245,Jason Steele,engENG,GK,Brighton,34-258,1990.0,2.0,114,107,114,0,0,0,114,0,0,,0,,91,361,151,0,0,0,0,0,83,0,Matches
246,Jay Robinson,engENG,MF,Southampton,18-049,2007.0,0.0,6,0,2,1,4,0,6,2,1,50.0,1,50.0,2,22,17,1,1,0,0,0,2,0,Matches
247,Jay Stansfield,engENG,MF,Fulham,22-160,2002.0,0.0,0,0,0,0,0,0,0,0,0,,0,,0,0,0,0,0,0,0,0,0,0,Matches
248,Jayden Danns,engENG,MF,Liverpool,19-107,2006.0,0.1,2,0,0,0,2,0,2,0,0,,0,,1,2,1,0,0,0,0,1,1,0,Matches
249,Jayden Meghoma,engENG,DF,Brentford,18-309,2006.0,0.1,3,1,2,0,1,0,3,0,0,,0,,1,1,0,0,0,0,0,0,2,0,Matches
250,Jean-Clair Todibo,frFRA,DF,West Ham,25-124,1999.0,16.5,1044,142,583,432,38,9,1044,14,7,50.0,7,50.0,604,2641,1354,9,5,0,9,8,714,5,Matches
251,Jean-Philippe Mateta,frFRA,FW,Crystal Palace,27-309,1997.0,27.1,680,24,57,327,310,86,678,42,18,42.9,20,47.6,363,1888,894,37,20,8,67,41,502,114,Matches
252,Jean-Ricner Bellegarde,frFRA,"MF,FW",Wolves,26-310,1998.0,17.2,756,24,139,339,295,45,756,60,14,23.3,31,51.7,464,2939,1440,49,35,11,38,25,519,83,Matches
253,Jefferson Lerma,coCOL,"MF,DF",Crystal Palace,30-190,1994.0,22.6,1269,95,403,653,223,26,1269,12,6,50.0,4,33.3,596,2257,1004,11,10,0,14,15,745,24,Matches
254,Jeffrey Schlupp,ghGHA,"MF,DF",Crystal Palace,32-131,1992.0,1.1,79,2,9,31,41,6,79,1,1,100.0,0,0.0,30,150,67,4,1,1,7,0,41,9,Matches
255,Jens Cajuste,seSWE,MF,Ipswich Town,25-266,1999.0,19.7,904,59,261,475,182,11,904,45,24,53.3,15,33.3,420,2272,1175,23,21,3,21,14,521,16,Matches
256,Jeremy Doku,beBEL,"FW,MF",Manchester City,22-341,2002.0,15.5,944,4,42,220,705,135,944,185,102,55.1,54,29.2,731,6905,4355,189,88,90,52,55,786,259,Matches
257,Jeremy Monga,,FW,Leicester City,,,0.3,18,1,2,8,8,1,18,4,1,25.0,2,50.0,14,124,17,1,1,1,2,2,12,4,Matches
258,Jeremy Sarmiento,ecECU,MF,Brighton,22-321,2002.0,0.1,8,0,0,6,2,0,8,0,0,,0,,6,61,10,0,0,0,1,0,7,2,Matches
259,Jesper Lindstrøm,dkDEN,FW,Everton,25-063,2000.0,13.8,625,22,127,206,303,40,625,43,8,18.6,31,72.1,302,1627,780,30,19,7,31,24,347,81,Matches
260,Joachim Andersen,dkDEN,DF,Crystal Palace,28-337,1996.0,1.0,93,14,38,50,5,0,93,0,0,,0,,49,189,103,1,1,0,0,1,67,1,Matches
261,Joachim Andersen,dkDEN,DF,Fulham,28-337,1996.0,24.7,2023,285,1061,885,89,19,2023,6,4,66.7,0,0.0,1179,5600,2869,13,12,1,5,3,1398,2,Matches
262,Joe Aribo,ngNGA,"MF,DF",Southampton,28-286,1996.0,21.2,1203,46,288,632,294,44,1203,46,18,39.1,22,47.8,708,3880,1923,35,28,12,25,16,879,64,Matches
263,Joe Gomez,engENG,DF,Liverpool,27-345,1997.0,5.8,481,54,183,264,37,5,481,0,0,,0,,303,1638,947,5,2,1,1,2,335,2,Matches
264,Joe Lumley,engENG,GK,Southampton,30-077,1995.0,3.0,164,116,161,3,0,0,164,0,0,,0,,103,476,296,0,0,0,0,0,108,0,Matches
265,Joe Willock,engENG,"MF,FW",Newcastle Utd,25-256,1999.0,10.6,472,12,70,198,212,47,472,32,11,34.4,15,46.9,282,1915,892,34,23,12,33,22,327,76,Matches
266,Joel Ward,engENG,DF,Crystal Palace,35-186,1989.0,0.0,2,0,0,2,0,0,2,0,0,,0,,0,0,0,0,0,0,0,0,0,0,Matches
267,Joelinton,brBRA,"MF,FW",Newcastle Utd,28-262,1996.0,26.6,1360,67,256,670,448,83,1360,46,15,32.6,28,60.9,729,3598,1786,40,26,9,39,53,934,110,Matches
268,John McGinn,sctSCO,"MF,FW",Aston Villa,30-197,1994.0,22.1,965,27,154,514,307,52,965,43,17,39.5,12,27.9,530,2671,1142,30,16,6,33,25,677,70,Matches
269,John Stones,engENG,"DF,MF",Manchester City,30-340,1994.0,6.1,442,40,142,234,68,4,442,2,2,100.0,0,0.0,292,2146,1183,10,14,0,2,0,333,2,Matches
270,Jonny Evans,nirNIR,DF,Manchester Utd,37-120,1988.0,3.2,223,30,125,91,11,2,223,1,1,100.0,0,0.0,128,498,183,1,0,0,1,0,137,2,Matches
271,Jordan Ayew,ghGHA,"FW,MF",Leicester City,33-234,1991.0,15.1,677,18,91,341,267,49,676,56,22,39.3,28,50.0,410,2795,1261,42,30,9,51,32,454,75,Matches
272,Jordan Ayew,ghGHA,"FW,MF",Crystal Palace,33-234,1991.0,0.2,12,0,0,7,5,1,12,0,0,,0,,6,25,12,0,0,0,0,1,9,1,Matches
273,Jordan Pickford,engENG,GK,Everton,31-057,1994.0,34.0,1518,989,1451,68,0,0,1518,0,0,,0,,861,5284,3099,0,0,0,2,0,756,0,Matches
274,Jorge Cuenca,esESP,DF,Fulham,25-167,1999.0,2.9,152,23,88,59,6,1,152,2,2,100.0,0,0.0,65,235,116,0,1,0,1,0,92,0,Matches
275,Jorginho,itITA,MF,Arsenal,33-134,1991.0,7.8,519,9,92,303,130,3,519,4,1,25.0,2,50.0,302,1498,874,12,13,0,10,9,388,6,Matches
276,Joshua Acheampong,engENG,DF,Chelsea,18-363,2006.0,1.9,137,7,48,81,8,3,137,2,1,50.0,0,0.0,106,709,409,0,2,0,2,0,111,0,Matches
277,Joshua King,engENG,"MF,FW",Fulham,18-120,2007.0,0.9,54,2,8,19,28,7,54,7,4,57.1,3,42.9,22,176,70,1,3,0,1,3,36,9,Matches
278,Joshua Zirkzee,nlNED,"FW,MF",Manchester Utd,23-346,2001.0,15.6,587,16,71,303,219,56,587,35,11,31.4,24,68.6,327,1483,523,14,21,4,41,30,418,69,Matches
279,José Sá,ptPOR,GK,Wolves,32-106,1993.0,27.0,911,725,903,9,0,0,911,7,7,100.0,0,0.0,565,3380,2205,0,0,0,1,0,450,0,Matches
280,Jota Silva,ptPOR,"FW,MF",Nott'ham Forest,25-275,1999.0,9.4,347,19,82,98,178,45,347,33,10,30.3,14,42.4,172,1129,610,20,12,8,24,12,198,58,Matches
281,João Félix,ptPOR,"FW,MF",Chelsea,25-174,1999.0,4.1,272,2,26,128,125,30,272,31,10,32.3,14,45.2,193,1248,712,21,13,5,6,4,218,30,Matches
282,João Gomes,brBRA,MF,Wolves,24-080,2001.0,30.9,1843,59,404,1014,451,42,1843,57,26,45.6,25,43.9,957,5621,2593,53,50,6,38,49,1230,68,Matches
283,João Pedro,brBRA,"FW,MF",Brighton,23-219,2001.0,21.6,940,12,60,387,508,122,935,86,29,33.7,47,54.7,616,3821,1821,66,39,30,72,38,732,128,Matches
284,Joël Veltman,nlNED,DF,Brighton,33-108,1992.0,18.3,1097,64,327,540,240,10,1097,15,4,26.7,5,33.3,524,2780,1414,29,22,3,19,7,598,32,Matches
285,Joško Gvardiol,hrCRO,DF,Manchester City,23-100,2002.0,33.4,2903,142,725,1474,727,85,2903,40,23,57.5,14,35.0,1886,10024,5715,81,92,13,25,16,2132,98,Matches
286,Julian Araujo,mxMEX,DF,Bournemouth,23-263,2001.0,4.0,216,15,71,105,45,2,216,0,0,,0,,96,377,195,3,1,0,4,2,114,18,Matches
287,Julio Enciso,pyPAR,"MF,FW",Brighton,21-100,2004.0,3.3,202,2,17,72,116,20,202,21,10,47.6,8,38.1,114,678,386,11,10,4,7,9,141,17,Matches
288,Julio Enciso,pyPAR,"FW,MF",Ipswich Town,21-100,2004.0,6.9,297,3,40,153,114,12,297,42,21,50.0,18,42.9,147,947,530,13,14,4,15,24,192,30,Matches
289,Julio Soler,arARG,FW,Bournemouth,20-076,2005.0,0.0,4,0,2,1,1,0,4,0,0,,0,,2,2,2,0,0,0,1,0,3,0,Matches
290,Jurriën Timber,nlNED,DF,Arsenal,23-320,2001.0,26.9,1661,51,304,859,505,66,1661,53,24,45.3,24,45.3,890,3916,2076,57,27,11,33,24,1052,104,Matches
291,Justin Devenny,nirNIR,MF,Crystal Palace,21-204,2003.0,4.8,232,7,42,115,80,7,232,4,2,50.0,2,50.0,109,591,274,4,5,1,16,2,140,12,Matches
292,Justin Kluivert,nlNED,"MF,FW",Bournemouth,25-363,1999.0,23.3,969,23,93,327,569,115,963,82,33,40.2,39,47.6,576,3692,2092,72,50,34,49,24,631,146,Matches
293,Jáder Durán,coCOL,FW,Aston Villa,21-141,2003.0,7.1,263,13,36,110,122,47,263,14,3,21.4,9,64.3,133,535,267,7,7,2,16,15,192,44,Matches
294,Jørgen Strand Larsen,noNOR,FW,Wolves,25-086,2000.0,27.4,695,34,83,329,284,104,695,17,7,41.2,10,58.8,328,1137,446,16,13,9,88,32,507,106,Matches
295,Kaelan Casey,engENG,DF,West Ham,20-187,2004.0,0.0,1,1,1,0,0,0,1,0,0,,0,,0,0,0,0,0,0,0,0,0,0,Matches
296,Kai Havertz,deGER,"FW,MF",Arsenal,25-326,1999.0,20.4,768,31,88,282,403,103,768,38,9,23.7,24,63.2,411,1957,922,34,23,18,42,22,575,110,Matches
297,Kalvin Phillips,engENG,MF,Ipswich Town,29-152,1995.0,13.5,722,60,220,388,118,4,722,12,5,41.7,6,50.0,302,1447,541,4,5,0,24,10,383,4,Matches
298,Kamaldeen Sulemana,ghGHA,"FW,MF",Southampton,23-077,2002.0,12.5,483,13,64,178,259,48,483,91,33,36.3,50,54.9,313,2721,1369,56,34,23,37,22,338,72,Matches
299,Kaoru Mitoma,jpJPN,"FW,MF",Brighton,27-348,1997.0,28.0,1300,15,149,445,734,156,1300,127,49,38.6,73,57.5,786,6302,3663,138,76,55,49,22,911,277,Matches
300,Kasey McAteer,ieIRL,"FW,MF",Leicester City,23-162,2001.0,5.9,257,16,49,100,114,19,257,16,2,12.5,10,62.5,157,1029,433,14,9,7,11,7,174,48,Matches
301,Keane Lewis-Potter,engENG,"DF,FW",Brentford,24-070,2001.0,30.7,1430,94,436,550,463,69,1430,95,39,41.1,47,49.5,756,5485,2939,92,62,34,42,19,845,143,Matches
302,Kenny Tete,nlNED,DF,Fulham,29-206,1995.0,16.0,997,57,320,407,278,32,997,19,8,42.1,6,31.6,520,2518,1210,33,20,7,16,10,575,45,Matches
303,Kepa Arrizabalaga,esESP,GK,Bournemouth,30-212,1994.0,27.0,945,695,918,26,1,1,945,1,1,100.0,0,0.0,534,2674,1529,0,0,0,0,0,413,0,Matches
304,Kevin Danso,atAUT,DF,Tottenham,26-226,1998.0,5.4,453,55,241,190,24,7,453,2,1,50.0,1,50.0,320,1661,903,10,4,0,7,1,334,1,Matches
305,Kevin De Bruyne,beBEL,"MF,FW",Manchester City,33-309,1991.0,17.1,1210,10,73,408,739,71,1210,32,12,37.5,16,50.0,711,3573,1860,47,45,18,24,26,907,137,Matches
306,Kevin Schade,deGER,FW,Brentford,23-157,2001.0,22.2,780,37,128,217,450,124,780,79,29,36.7,44,55.7,395,2784,1260,56,26,34,52,34,484,144,Matches
307,Kieran Tierney,sctSCO,"DF,FW",Arsenal,27-332,1997.0,2.0,133,4,20,46,67,4,133,3,1,33.3,1,33.3,58,231,125,5,3,1,1,0,90,22,Matches
308,Kieran Trippier,engENG,DF,Newcastle Utd,34-226,1990.0,13.2,1267,45,354,550,371,12,1267,7,4,57.1,3,42.9,562,2080,1139,25,13,4,11,7,780,52,Matches
309,Kiernan Dewsbury-Hall,engENG,"MF,FW",Chelsea,26-239,1998.0,2.9,181,4,28,95,58,6,181,4,2,50.0,2,50.0,93,474,221,5,1,0,1,3,137,11,Matches
310,Kim Jisoo,krKOR,DF,Brentford,20-130,2004.0,0.3,30,1,15,12,3,0,30,0,0,,0,,15,57,22,0,0,0,0,1,22,0,Matches
311,Kobbie Mainoo,engENG,MF,Manchester Utd,20-014,2005.0,15.7,924,19,175,523,235,32,924,46,23,50.0,21,45.7,568,2568,1089,21,14,10,30,32,656,38,Matches
312,Konstantinos Mavropanos,grGRE,DF,West Ham,27-143,1997.0,21.6,1428,221,743,631,62,24,1428,17,9,52.9,5,29.4,792,3915,2123,16,10,1,12,0,934,2,Matches
313,Kosta Nedeljković,rsSRB,DF,Aston Villa,19-138,2005.0,1.4,66,4,15,32,19,0,66,2,1,50.0,1,50.0,27,101,33,1,0,0,1,0,32,0,Matches
314,Kostas Tsimikas,grGRE,DF,Liverpool,28-356,1996.0,7.4,607,24,136,280,195,11,607,8,4,50.0,2,25.0,298,1262,671,15,5,2,4,4,382,38,Matches
315,Kristoffer Ajer,noNOR,DF,Brentford,27-016,1998.0,15.5,765,52,257,356,158,35,765,16,7,43.8,8,50.0,376,2052,1171,27,11,2,15,12,477,42,Matches
316,Kyle Walker,engENG,DF,Manchester City,34-340,1990.0,10.8,892,26,197,473,228,5,892,6,3,50.0,2,33.3,499,2284,1106,12,13,0,9,2,630,11,Matches
317,Kyle Walker-Peters,engENG,DF,Southampton,28-020,1997.0,31.4,1970,149,603,854,529,58,1970,90,37,41.1,39,43.3,1228,7711,4264,112,69,23,32,38,1391,139,Matches
318,Lamare Bogarde,nlNED,"DF,MF",Aston Villa,21-118,2004.0,5.3,325,16,95,191,40,4,325,4,2,50.0,1,25.0,173,1031,599,12,6,1,6,8,212,9,Matches
319,Leandro Trossard,beBEL,FW,Arsenal,30-150,1994.0,25.2,1118,15,117,350,667,137,1118,70,29,41.4,31,44.3,710,4313,1879,71,47,27,53,42,836,202,Matches
320,Leif Davis,engENG,DF,Ipswich Town,25-111,2000.0,28.5,1459,115,517,484,477,36,1459,37,13,35.1,17,45.9,659,3571,1940,48,27,10,36,14,770,117,Matches
321,Leny Yoro,frFRA,DF,Manchester Utd,19-171,2005.0,11.9,814,80,378,377,61,13,814,3,1,33.3,2,66.7,553,2803,1557,19,11,1,3,2,588,4,Matches
322,Leon Bailey,jmJAM,"FW,MF",Aston Villa,27-267,1997.0,12.6,539,18,76,155,318,69,539,57,22,38.6,24,42.1,344,2540,1334,57,22,33,35,25,386,121,Matches
323,Lesley Ugochukwu,frFRA,MF,Southampton,21-038,2004.0,16.1,793,45,191,446,162,23,793,26,18,69.2,7,26.9,431,2346,1122,27,14,6,12,10,538,20,Matches
324,Levi Colwill,engENG,DF,Chelsea,22-066,2003.0,31.0,2669,330,1241,1310,128,35,2669,10,6,60.0,4,40.0,1526,6959,3857,13,11,1,13,8,1964,11,Matches
325,Lewis Cook,engENG,"MF,DF",Bournemouth,28-089,1997.0,30.3,1776,82,416,930,449,19,1776,17,10,58.8,7,41.2,779,3896,2102,33,28,4,29,16,888,48,Matches
326,Lewis Dunk,engENG,DF,Brighton,33-163,1991.0,22.1,2062,245,966,994,112,21,2062,1,0,0.0,1,100.0,1302,5989,3247,20,18,0,8,3,1509,3,Matches
327,Lewis Hall,engENG,DF,Newcastle Utd,20-237,2004.0,24.3,1820,95,623,804,414,47,1820,21,11,52.4,7,33.3,950,4398,2358,41,22,13,33,20,1094,80,Matches
328,Lewis Miley,engENG,MF,Newcastle Utd,19-002,2006.0,2.8,198,5,37,105,57,5,198,3,1,33.3,1,33.3,96,497,186,2,1,0,5,1,141,7,Matches
329,Lewis Orford,engENG,MF,West Ham,19-074,2006.0,0.5,42,1,8,28,7,2,42,0,0,,0,,22,98,27,0,0,0,1,0,31,1,Matches
330,Liam Delap,engENG,FW,Ipswich Town,22-084,2003.0,26.9,647,29,78,270,320,87,645,82,38,46.3,35,42.7,424,3170,1511,59,45,28,96,55,507,104,Matches
331,Lisandro Martínez,arARG,DF,Manchester Utd,27-105,1998.0,19.5,1524,156,713,697,125,18,1524,7,6,85.7,1,14.3,1017,5141,3129,23,23,2,1,3,1069,7,Matches
332,Lloyd Kelly,engENG,DF,Newcastle Utd,26-209,1998.0,3.4,215,26,105,94,19,4,215,3,2,66.7,1,33.3,120,474,202,0,2,0,3,2,129,5,Matches
333,Lucas Bergvall,seSWE,MF,Tottenham,19-090,2006.0,13.5,885,36,188,478,232,22,885,45,21,46.7,20,44.4,531,3392,1634,33,21,4,20,19,586,31,Matches
334,Lucas Digne,frFRA,DF,Aston Villa,31-287,1993.0,24.9,1473,90,510,449,524,28,1473,19,9,47.4,9,47.4,669,2941,1319,23,14,4,17,15,804,140,Matches
335,Lucas Paquetá,brBRA,"MF,FW",West Ham,27-249,1997.0,25.1,1672,58,338,919,428,56,1670,42,17,40.5,20,47.6,862,3054,1255,20,31,2,51,50,1181,82,Matches
336,Luis Díaz,coCOL,FW,Liverpool,28-110,1997.0,24.7,1109,15,78,382,668,155,1109,111,51,45.9,48,43.2,733,5365,2803,103,53,55,51,43,878,269,Matches
337,Luis Guilherme,brBRA,"MF,FW",West Ham,19-083,2006.0,1.5,85,3,19,30,37,4,85,9,5,55.6,2,22.2,42,324,136,3,3,1,4,3,55,13,Matches
338,Luis Sinisterra,coCOL,"FW,MF",Bournemouth,25-320,1999.0,2.6,155,7,18,41,96,23,155,20,8,40.0,10,50.0,95,744,393,19,6,10,6,3,102,38,Matches
339,Luke Shaw,engENG,DF,Manchester Utd,29-295,1995.0,1.9,204,8,73,94,37,4,204,1,0,0.0,1,100.0,151,744,386,6,6,0,1,0,161,7,Matches
340,Luke Thomas,engENG,DF,Leicester City,23-327,2001.0,8.7,589,38,224,286,83,5,589,5,2,40.0,3,60.0,283,1066,446,3,6,1,10,1,325,9,Matches
341,Luke Woolfenden,engENG,DF,Ipswich Town,26-194,1998.0,12.2,638,139,365,264,9,3,638,0,0,,0,,341,1971,1165,7,3,0,4,0,399,0,Matches
342,Mads Hermansen,dkDEN,GK,Leicester City,24-296,2000.0,26.5,1147,831,1106,43,0,0,1147,1,1,100.0,0,0.0,734,3625,1904,0,0,0,1,0,625,0,Matches
343,Mads Roerslev,dkDEN,DF,Brentford,25-313,1999.0,12.2,645,49,234,268,146,20,645,19,7,36.8,8,42.1,352,1630,858,17,13,0,9,6,407,54,Matches
344,Malo Gusto,frFRA,DF,Chelsea,21-349,2003.0,20.2,1553,57,375,752,438,42,1553,15,4,26.7,10,66.7,861,4331,2170,48,35,8,16,17,1047,84,Matches
345,Manuel Akanji,chSUI,DF,Manchester City,29-288,1995.0,19.4,1635,111,487,797,353,11,1635,2,2,100.0,0,0.0,1071,5684,3362,38,52,0,4,5,1291,6,Matches
346,Manuel Ugarte Ribeiro,uyURU,MF,Manchester Utd,24-022,2001.0,18.0,1047,40,300,575,190,15,1047,31,17,54.8,10,32.3,599,2570,1155,12,12,1,29,24,650,19,Matches
347,Marc Cucurella,esESP,DF,Chelsea,26-285,1998.0,29.2,2014,100,603,933,486,72,2014,13,4,30.8,7,53.8,864,3613,2105,30,17,2,26,6,1259,108,Matches
348,Marc Guiu,esESP,FW,Chelsea,19-119,2006.0,0.8,22,0,2,8,12,3,22,1,0,0.0,1,100.0,12,30,8,0,0,0,2,0,12,3,Matches
349,Marc Guéhi,engENG,DF,Crystal Palace,24-294,2000.0,32.0,1994,292,987,881,137,31,1994,14,11,78.6,2,14.3,1065,5274,2804,22,17,1,16,16,1243,8,Matches
350,Marco Asensio,esESP,"MF,FW",Aston Villa,29-102,1996.0,5.3,267,4,25,108,139,22,265,13,7,53.8,5,38.5,165,910,464,15,18,3,5,7,183,23,Matches
351,Marcos Senesi,arARG,DF,Bournemouth,27-358,1997.0,11.3,783,67,349,376,67,12,783,9,5,55.6,4,44.4,483,2498,1465,12,14,0,6,5,493,5,Matches
352,Marcus Harness,engENG,MF,Ipswich Town,29-068,1996.0,0.5,22,4,7,2,13,3,22,1,0,0.0,1,100.0,9,49,14,0,0,0,0,0,9,1,Matches
353,Marcus Rashford,engENG,FW,Aston Villa,27-184,1997.0,4.9,227,2,14,58,159,30,226,22,9,40.9,13,59.1,127,892,471,22,10,15,8,1,149,42,Matches
354,Marcus Rashford,engENG,"FW,MF",Manchester Utd,27-184,1997.0,10.9,440,3,35,189,222,34,440,39,9,23.1,26,66.7,293,1694,728,20,19,12,14,6,341,79,Matches
355,Marcus Tavernier,engENG,"FW,MF",Bournemouth,26-042,1999.0,17.6,956,18,108,358,511,49,956,52,22,42.3,27,51.9,540,3326,1569,39,37,7,36,43,612,103,Matches
356,Mario Lemina,gaGAB,"MF,DF",Wolves,31-244,1993.0,15.2,809,92,324,378,119,18,809,16,10,62.5,4,25.0,382,2068,1038,8,12,2,21,11,482,21,Matches
357,Mark Flekken,nlNED,GK,Brentford,31-324,1993.0,32.4,1662,1305,1615,52,0,0,1662,1,1,100.0,0,0.0,1013,5124,2919,0,0,0,3,0,922,0,Matches
358,Mark Travers,ieIRL,GK,Bournemouth,25-350,1999.0,5.0,162,144,159,3,0,0,162,0,0,,0,,85,426,188,0,0,0,0,0,68,0,Matches
359,Marshall Munetsi,zwZIM,"MF,FW",Wolves,28-315,1996.0,9.8,302,17,50,161,94,24,302,10,2,20.0,7,70.0,119,461,159,7,3,3,28,12,150,26,Matches
360,Martial Godo,engENG,FW,Fulham,22-050,2003.0,0.2,11,0,1,4,6,3,11,2,0,0.0,2,100.0,8,48,18,0,0,0,0,0,6,3,Matches
361,Martin Dúbravka,skSVK,GK,Newcastle Utd,36-108,1989.0,10.0,350,262,337,14,0,0,350,0,0,,0,,202,1043,643,0,0,0,0,0,175,0,Matches
362,Martin Ødegaard,noNOR,MF,Arsenal,26-137,1998.0,22.7,1494,6,98,625,785,104,1493,54,22,40.7,30,55.6,1031,6480,3279,79,72,23,28,38,1188,142,Matches
363,Mason Holgate,engENG,"FW,DF",Everton,28-193,1996.0,0.1,3,0,0,2,1,0,3,0,0,,0,,1,0,0,0,0,0,1,0,1,0,Matches
364,Mason Mount,engENG,"MF,FW",Manchester Utd,26-113,1999.0,4.2,200,3,27,95,81,18,200,4,0,0.0,3,75.0,130,637,278,9,9,2,9,9,151,20,Matches
365,Massimo Luongo,auAUS,MF,Ipswich Town,32-220,1992.0,2.2,77,9,33,25,19,1,77,0,0,,0,,40,148,25,0,0,0,2,3,44,1,Matches
366,Mateo Kovačić,hrCRO,MF,Manchester City,30-362,1994.0,22.8,1959,51,287,1126,567,16,1959,39,20,51.3,11,28.2,1332,7747,3573,52,73,3,19,29,1590,15,Matches
367,Mateus Fernandes,ptPOR,MF,Southampton,20-297,2004.0,28.7,1577,57,336,774,503,45,1577,96,43,44.8,44,45.8,814,5287,2926,72,65,8,50,33,976,99,Matches
368,Matheus Cunha,brBRA,"MF,FW",Wolves,25-341,1999.0,26.9,1425,22,173,657,643,117,1424,130,58,44.6,57,43.8,819,6212,3108,104,88,36,72,48,957,147,Matches
369,Matheus França,brBRA,"FW,MF",Crystal Palace,21-032,2004.0,0.3,15,0,0,5,10,4,15,0,0,,0,,9,43,25,1,1,1,1,0,10,2,Matches
370,Matheus Nunes,ptPOR,"DF,MF",Manchester City,26-249,1998.0,16.6,1267,39,221,494,560,54,1267,36,16,44.4,13,36.1,779,4099,2131,59,31,22,29,13,916,156,Matches
371,Mathias Jensen,dkDEN,MF,Brentford,29-122,1996.0,8.8,518,24,117,220,184,9,518,15,9,60.0,4,26.7,276,1181,541,6,8,0,8,6,318,26,Matches
372,Mathis Amougou,frFRA,MF,Chelsea,19-105,2006.0,0.1,9,1,2,4,3,0,9,0,0,,0,,7,25,5,0,1,0,0,1,6,0,Matches
373,Mathys Tel,frFRA,FW,Tottenham,20-006,2005.0,6.2,266,1,27,95,152,30,265,30,8,26.7,18,60.0,182,1070,551,16,16,7,16,9,192,50,Matches
374,Mats Wieffer,nlNED,"MF,DF",Brighton,25-168,1999.0,7.7,635,30,145,345,154,14,635,11,4,36.4,6,54.5,374,1776,761,12,14,1,11,8,412,17,Matches
375,Matt Doherty,ieIRL,DF,Wolves,33-107,1992.0,21.8,1433,123,566,705,179,25,1433,20,11,55.0,6,30.0,754,3395,2050,29,19,4,11,5,909,40,Matches
376,Matt O'Riley,dkDEN,MF,Brighton,24-163,2000.0,8.4,437,16,66,194,179,36,437,12,7,58.3,4,33.3,232,969,471,17,11,6,14,3,259,45,Matches
377,Matt Targett,engENG,DF,Newcastle Utd,29-227,1995.0,0.2,17,0,3,8,6,0,17,0,0,,0,,4,12,6,0,0,0,0,0,12,1,Matches
378,Matthijs de Ligt,nlNED,DF,Manchester Utd,25-264,1999.0,23.2,1584,181,813,722,56,29,1584,4,2,50.0,2,50.0,1063,4696,2219,7,3,0,5,3,1142,6,Matches
379,Matty Cash,plPOL,DF,Aston Villa,27-269,1997.0,19.0,963,70,350,382,242,37,963,32,15,46.9,14,43.8,479,3058,1576,44,33,4,17,6,547,70,Matches
380,Matz Sels,beBEL,GK,Nott'ham Forest,33-066,1992.0,34.0,990,757,975,15,0,0,990,0,0,,0,,483,2818,1481,0,0,0,0,0,383,0,Matches
381,Max Aarons,engENG,DF,Bournemouth,25-119,2000.0,1.0,73,2,19,40,15,0,73,2,0,0.0,1,50.0,41,152,68,1,0,0,1,0,40,3,Matches
382,Max Kilman,engENG,DF,West Ham,27-345,1997.0,33.2,2113,428,1178,848,103,30,2113,20,14,70.0,2,10.0,1119,5079,2917,29,12,2,16,2,1404,6,Matches
383,Maxence Lacroix,frFRA,DF,Crystal Palace,25-027,2000.0,30.6,1737,314,1060,612,72,36,1737,13,8,61.5,3,23.1,931,4323,1946,8,4,0,21,3,1024,7,Matches
384,Maxwel Cornet,ciCIV,FW,Southampton,28-218,1996.0,0.8,34,1,8,14,13,2,34,1,0,0.0,1,100.0,16,73,26,1,0,1,3,0,23,5,Matches
385,Michael Kayode,itITA,DF,Brentford,20-297,2004.0,2.3,112,13,47,36,31,7,112,3,2,66.7,1,33.3,44,266,149,4,2,2,3,0,41,11,Matches
386,Michael Keane,engENG,DF,Everton,32-112,1993.0,9.5,426,85,241,169,18,14,426,1,0,0.0,1,100.0,189,753,236,1,1,0,1,2,240,3,Matches
387,Michail Antonio,jmJAM,FW,West Ham,35-036,1990.0,9.3,296,3,26,124,151,36,296,27,9,33.3,13,48.1,173,1177,695,29,13,9,35,19,221,59,Matches
388,Micky van de Ven,nlNED,DF,Tottenham,24-014,2001.0,10.6,862,101,442,393,36,9,862,8,4,50.0,4,50.0,599,2790,1388,8,10,1,5,4,629,1,Matches
389,Miguel Almirón,pyPAR,FW,Newcastle Utd,31-082,1994.0,1.7,81,1,10,35,36,9,81,2,1,50.0,1,50.0,54,284,93,3,3,2,0,2,59,18,Matches
390,Mikel Merino,esESP,"MF,FW",Arsenal,28-315,1996.0,15.6,709,35,127,300,291,72,709,17,7,41.2,6,35.3,349,1337,638,9,12,4,21,22,460,86,Matches
391,Mikey Moore,engENG,"FW,MF",Tottenham,17-265,2007.0,2.1,96,1,10,22,65,12,96,11,1,9.1,9,81.8,68,521,239,9,3,4,6,4,73,30,Matches
392,Mikkel Damsgaard,dkDEN,"MF,FW",Brentford,24-304,2000.0,28.6,1659,34,303,756,622,70,1659,90,47,52.2,32,35.6,943,5196,2679,63,42,9,53,43,1100,117,Matches
393,Milos Kerkez,huHUN,DF,Bournemouth,21-177,2003.0,33.2,1915,104,494,805,639,57,1915,44,20,45.5,14,31.8,952,5594,3268,93,65,15,43,18,1032,163,Matches
394,Mohamed Salah,egEGY,FW,Liverpool,32-322,1992.0,33.5,1526,10,88,464,993,320,1517,123,55,44.7,64,52.0,1046,6308,3303,142,54,113,105,62,1276,425,Matches
395,Mohammed Kudus,ghGHA,"FW,MF",West Ham,24-274,2000.0,25.9,1141,12,158,466,558,115,1141,188,84,44.7,87,46.3,748,4913,2317,88,56,39,66,88,888,194,Matches
396,Moisés Caicedo,ecECU,MF,Chelsea,23-182,2001.0,33.2,2340,85,502,1442,421,12,2340,54,23,42.6,19,35.2,1308,6161,2919,38,28,2,35,23,1642,33,Matches
397,Morato,brBRA,DF,Nott'ham Forest,23-307,2001.0,8.9,382,82,237,128,19,2,382,1,1,100.0,0,0.0,124,610,273,0,2,0,6,3,158,1,Matches
398,Morgan Gibbs-White,engENG,MF,Nott'ham Forest,25-096,2000.0,27.2,1427,33,169,721,560,86,1427,75,30,40.0,34,45.3,811,4601,2350,63,46,12,66,39,1071,116,Matches
399,Morgan Rogers,engENG,"FW,MF",Aston Villa,22-281,2002.0,30.7,1229,36,182,535,537,133,1229,145,60,41.4,66,45.5,718,5083,2908,102,62,32,102,67,866,171,Matches
400,Murillo,brBRA,DF,Nott'ham Forest,22-303,2002.0,32.5,1729,386,888,762,93,20,1729,33,26,78.8,7,21.2,737,3725,2199,20,24,1,18,10,875,5,Matches
401,Mykhailo Mudryk,uaUKR,FW,Chelsea,24-118,2001.0,1.7,62,3,12,15,38,6,62,8,3,37.5,5,62.5,39,468,227,7,8,0,3,7,42,12,Matches
402,Myles Lewis-Skelly,engENG,DF,Arsenal,18-219,2006.0,12.0,705,18,124,386,208,14,705,26,12,46.2,9,34.6,402,2140,1332,29,21,5,9,8,482,32,Matches
403,Nasser Djiga,bfBFA,"DF,FW",Wolves,22-169,2002.0,0.2,16,2,8,8,0,0,16,0,0,,0,,7,25,0,0,0,0,1,2,7,1,Matches
404,Nathan Aké,nlNED,DF,Manchester City,30-074,1995.0,7.5,596,51,205,331,61,5,596,1,1,100.0,0,0.0,403,2244,1501,12,12,1,4,3,449,2,Matches
405,Nathan Broadhead,wlsWAL,"MF,FW",Ipswich Town,27-028,1998.0,6.7,276,7,38,139,109,19,276,32,16,50.0,14,43.8,152,1079,502,17,14,4,18,11,191,27,Matches
406,Nathan Butler-Oyedeji,engENG,FW,Arsenal,22-119,2003.0,0.1,1,0,0,0,1,1,1,0,0,,0,,0,0,0,0,0,0,0,0,0,0,Matches
407,Nathan Collins,ieIRL,DF,Brentford,24-003,2001.0,34.0,2202,355,1153,898,161,65,2202,12,6,50.0,5,41.7,1147,6263,3697,28,10,0,16,8,1329,18,Matches
408,Nathan Patterson,sctSCO,DF,Everton,23-199,2001.0,3.0,159,11,46,63,52,4,159,8,7,87.5,0,0.0,60,297,140,5,2,2,4,2,81,10,Matches
409,Nathan Wood-Gordon,engENG,DF,Southampton,22-337,2002.0,6.9,457,54,219,212,27,2,457,5,3,60.0,1,20.0,253,1150,454,2,6,0,4,1,339,0,Matches
410,Nathaniel Clyne,engENG,"DF,MF",Crystal Palace,34-028,1991.0,5.4,273,18,111,125,37,3,273,1,0,0.0,1,100.0,158,651,314,6,2,3,5,2,178,8,Matches
411,Neco Williams,wlsWAL,DF,Nott'ham Forest,24-020,2001.0,24.8,1301,140,478,461,380,36,1301,43,18,41.9,18,41.9,528,3274,1804,57,26,14,25,17,601,82,Matches
412,Neto,brBRA,GK,Bournemouth,35-288,1989.0,2.0,70,60,70,0,0,0,70,0,0,,0,,35,148,99,0,0,0,0,0,28,0,Matches
413,Nick Pope,engENG,GK,Newcastle Utd,33-014,1992.0,24.0,747,596,737,10,0,0,747,0,0,,0,,388,2168,1475,0,0,0,0,1,263,0,Matches
414,Niclas Füllkrug,deGER,FW,West Ham,32-083,1993.0,6.5,184,14,17,92,76,32,184,4,1,25.0,3,75.0,73,294,154,6,3,2,12,5,130,21,Matches
415,Nico O’Reilly,engENG,DF,Manchester City,20-043,2005.0,5.7,416,14,70,221,130,18,416,15,9,60.0,6,40.0,246,1160,574,16,14,0,14,12,296,25,Matches
416,Nicolas Jackson,snSEN,FW,Chelsea,23-317,2001.0,23.5,658,19,46,272,349,137,658,59,18,30.5,30,50.8,401,2439,1293,46,24,30,65,39,490,125,Matches
417,Nicolás Domínguez,arARG,"MF,FW",Nott'ham Forest,26-309,1998.0,18.5,1049,69,269,542,247,25,1049,8,3,37.5,3,37.5,395,1574,783,12,11,2,18,9,572,26,Matches
418,Nicolás González,esESP,MF,Manchester City,23-120,2002.0,7.2,637,14,99,398,143,7,637,6,1,16.7,3,50.0,386,1606,615,5,9,1,7,10,484,10,Matches
419,Nikola Milenković,rsSRB,DF,Nott'ham Forest,27-203,1997.0,33.0,1228,231,673,477,82,59,1228,1,1,100.0,0,0.0,472,2023,958,3,3,2,2,2,619,6,Matches
420,Noni Madueke,engENG,FW,Chelsea,23-054,2002.0,19.1,837,18,83,237,531,163,837,84,36,42.9,39,46.4,562,4654,2970,133,43,80,41,24,646,208,Matches
421,Noussair Mazraoui,maMAR,DF,Manchester Utd,27-170,1997.0,29.3,1976,158,779,903,318,27,1976,47,26,55.3,17,36.2,1086,5061,2680,37,29,3,23,16,1190,51,Matches
422,Nélson Semedo,ptPOR,DF,Wolves,31-168,1993.0,29.6,1551,116,446,707,416,24,1551,64,29,45.3,27,42.2,790,4544,2320,61,36,9,40,19,882,109,Matches
423,Odsonne Édouard,frFRA,"MF,FW",Crystal Palace,27-107,1998.0,1.3,45,1,4,23,18,8,45,1,0,0.0,1,100.0,23,107,50,2,1,2,4,1,26,7,Matches
424,Odsonne Édouard,frFRA,FW,Leicester City,27-107,1998.0,0.3,20,1,2,7,11,6,20,2,1,50.0,1,50.0,11,25,2,0,0,1,7,2,13,2,Matches
425,Ola Aina,ngNGA,DF,Nott'ham Forest,28-207,1996.0,29.4,1509,143,554,628,354,21,1509,66,30,45.5,24,36.4,657,4201,2432,56,37,10,40,22,719,55,Matches
426,Oleksandr Zinchenko,uaUKR,"DF,MF",Arsenal,28-139,1996.0,5.0,396,13,74,200,123,18,396,3,2,66.7,0,0.0,227,1119,492,10,5,3,3,4,277,12,Matches
427,Oliver Scarles,engENG,DF,West Ham,19-142,2005.0,6.6,420,27,140,166,118,7,420,6,1,16.7,5,83.3,190,770,445,11,9,1,10,3,243,39,Matches
428,Oliver Skipp,engENG,MF,Leicester City,24-229,2000.0,10.1,503,23,111,316,80,7,503,11,6,54.5,5,45.5,295,1199,576,15,7,3,11,5,350,18,Matches
429,Ollie Watkins,engENG,FW,Aston Villa,29-124,1995.0,25.1,620,17,46,223,360,153,618,38,9,23.7,25,65.8,363,1997,1022,50,21,35,51,44,486,143,Matches
430,Omar Marmoush,egEGY,"FW,MF",Manchester City,26-085,1999.0,11.1,416,3,29,121,271,56,416,39,16,41.0,18,46.2,262,1606,760,21,15,11,37,15,295,68,Matches
431,Omari Hutchinson,engENG,"MF,FW",Ipswich Town,21-185,2003.0,24.7,1061,12,168,450,463,74,1061,114,45,39.5,54,47.4,645,4832,2288,71,35,30,68,55,748,131,Matches
432,Orel Mangala,beBEL,MF,Everton,27-046,1998.0,14.0,621,22,133,335,157,13,621,24,14,58.3,9,37.5,298,1574,576,6,6,3,12,12,406,19,Matches
433,Oscar Bobb,noNOR,FW,Manchester City,21-295,2003.0,0.2,11,0,1,3,7,0,11,2,2,100.0,0,0.0,9,57,32,1,0,0,0,0,11,1,Matches
434,Pablo Sarabia,esESP,"MF,FW",Wolves,32-357,1992.0,8.0,465,4,53,227,188,23,465,13,6,46.2,5,38.5,272,1225,615,12,14,0,16,12,321,52,Matches
435,Pape Matar Sarr,snSEN,MF,Tottenham,22-231,2002.0,18.2,1134,35,238,635,279,26,1134,25,11,44.0,12,48.0,724,4207,1760,29,31,5,26,21,812,50,Matches
436,Patrick Dorgu,dkDEN,DF,Manchester Utd,20-189,2004.0,6.5,410,13,117,135,160,23,410,9,3,33.3,3,33.3,231,1247,793,25,13,4,10,8,260,53,Matches
437,Patson Daka,zmZAM,"FW,MF",Leicester City,26-206,1998.0,7.2,234,8,38,108,92,27,234,15,2,13.3,10,66.7,132,651,280,9,6,4,18,10,156,33,Matches
438,Pau Torres,esESP,DF,Aston Villa,28-107,1997.0,19.2,1293,209,626,595,78,15,1293,17,15,88.2,2,11.8,803,5353,3503,33,20,0,3,3,923,4,Matches
439,Paul Onuachu,ngNGA,FW,Southampton,30-340,1994.0,10.9,410,15,41,220,152,60,410,25,7,28.0,14,56.0,198,800,237,7,5,2,46,33,336,39,Matches
440,Pedro Lima,brBRA,DF,Wolves,18-306,2006.0,0.8,48,0,9,12,28,3,48,3,1,33.3,2,66.7,22,120,83,4,3,1,1,0,30,11,Matches
441,Pedro Neto,ptPOR,FW,Chelsea,25-055,2000.0,21.4,1008,11,87,295,642,102,1008,91,29,31.9,40,44.0,655,5423,2841,110,51,38,39,24,734,220,Matches
442,Pedro Porro,esESP,DF,Tottenham,25-232,1999.0,27.4,2131,124,623,772,749,30,2131,39,13,33.3,24,61.5,1132,5141,2677,63,40,5,23,17,1229,106,Matches
443,Pervis Estupiñán,ecECU,DF,Brighton,27-102,1998.0,23.7,1702,68,424,843,452,29,1702,29,15,51.7,13,44.8,914,4401,2355,55,53,9,30,25,1035,104,Matches
444,Phil Foden,engENG,"MF,FW",Manchester City,24-340,2000.0,18.8,1076,13,81,375,629,79,1076,39,13,33.3,21,53.8,677,3477,1676,47,30,15,35,30,842,119,Matches
445,Philip Billing,dkDEN,MF,Bournemouth,28-326,1996.0,2.0,148,5,20,72,57,12,148,3,1,33.3,0,0.0,58,254,163,3,1,1,7,4,75,13,Matches
446,Radu Drăgușin,roROU,DF,Tottenham,23-089,2002.0,13.9,961,148,510,430,30,12,961,2,0,0.0,0,0.0,623,3349,1666,7,3,0,8,2,669,2,Matches
447,Raheem Sterling,engENG,"FW,MF",Arsenal,30-146,1994.0,4.8,241,2,8,51,185,35,241,23,9,39.1,8,34.8,172,1258,681,25,9,15,11,14,183,71,Matches
448,Ramón Sosa,pyPAR,"FW,MF",Nott'ham Forest,25-245,1999.0,3.0,142,5,33,43,72,15,142,11,8,72.7,3,27.3,70,584,329,12,7,5,6,5,76,15,Matches
449,Rasmus Højlund,dkDEN,FW,Manchester Utd,22-088,2003.0,19.4,447,6,31,223,201,58,447,29,9,31.0,18,62.1,275,1376,625,26,13,16,57,27,352,83,Matches
450,Rayan Aït-Nouri,dzALG,DF,Wolves,23-331,2001.0,31.8,1944,86,535,827,605,84,1944,116,56,48.3,46,39.7,1006,5513,2850,79,54,24,43,44,1181,158,Matches
451,Raúl Jiménez,mxMEX,FW,Fulham,33-363,1991.0,23.7,884,30,106,377,414,148,881,45,18,40.0,24,53.3,496,2218,982,32,20,17,61,41,652,117,Matches
452,Reece James,engENG,"DF,MF",Chelsea,25-146,1999.0,9.3,759,32,213,423,128,4,759,16,6,37.5,6,37.5,397,1573,728,6,4,0,6,5,480,9,Matches
453,Reiss Nelson,engENG,FW,Fulham,25-144,1999.0,5.4,347,5,30,110,212,35,347,35,13,37.1,13,37.1,259,1956,960,45,25,21,14,8,274,63,Matches
454,Reiss Nelson,engENG,FW,Arsenal,25-144,1999.0,0.0,2,0,1,1,0,0,2,0,0,,0,,1,4,4,0,0,0,0,0,1,0,Matches
455,Remy Rees-Dottin,engENG,FW,Bournemouth,19-058,2006.0,0.0,0,0,0,0,0,0,0,0,0,,0,,0,0,0,0,0,0,0,0,0,0,Matches
456,Renato Veiga,ptPOR,"DF,MF",Chelsea,21-278,2003.0,2.0,167,2,61,82,27,3,167,5,3,60.0,2,40.0,85,417,144,4,5,1,1,0,110,3,Matches
457,Ricardo Pereira,ptPOR,DF,Leicester City,31-209,1993.0,3.8,255,14,78,141,37,5,255,8,5,62.5,2,25.0,132,389,147,3,3,2,2,0,143,5,Matches
458,Riccardo Calafiori,itITA,DF,Arsenal,22-349,2002.0,10.3,628,30,161,249,222,29,628,13,9,69.2,3,23.1,291,1572,839,21,12,3,11,5,377,29,Matches
459,Richarlison,brBRA,FW,Tottenham,27-358,1997.0,4.5,144,8,19,68,58,26,144,13,1,7.7,11,84.6,72,350,142,8,8,3,7,7,101,19,Matches
460,Rico Henry,engENG,DF,Brentford,27-299,1997.0,0.7,36,3,13,20,3,0,36,2,0,0.0,1,50.0,14,72,9,0,0,0,3,2,14,1,Matches
461,Rico Lewis,engENG,"DF,MF",Manchester City,20-163,2004.0,20.2,1404,51,286,707,427,42,1404,21,9,42.9,11,52.4,816,4011,2034,36,38,8,19,19,1005,68,Matches
462,Robert Sánchez,esESP,GK,Chelsea,27-166,1997.0,28.0,1163,856,1152,11,0,0,1163,0,0,,0,,777,3805,2394,0,0,0,0,0,724,0,Matches
463,Robin Olsen,seSWE,GK,Aston Villa,35-115,1990.0,2.0,83,73,82,1,0,0,83,0,0,,0,,44,226,109,0,0,0,0,0,41,0,Matches
464,Rodri,esESP,MF,Manchester City,28-315,1996.0,0.7,65,1,12,30,24,0,65,1,0,0.0,0,0.0,34,125,42,0,2,0,0,0,49,1,Matches
465,Rodrigo Bentancur,uyURU,MF,Tottenham,27-312,1997.0,16.9,1252,70,299,747,215,24,1252,18,8,44.4,8,44.4,739,3433,1446,26,23,5,18,19,826,34,Matches
466,Rodrigo Gomes,ptPOR,"DF,FW",Wolves,21-300,2003.0,7.5,348,23,85,118,152,26,348,14,5,35.7,6,42.9,178,1237,750,22,17,7,17,7,203,65,Matches
467,Rodrigo Muniz,brBRA,FW,Fulham,23-364,2001.0,10.7,311,14,27,161,127,55,311,18,6,33.3,9,50.0,157,651,187,6,4,3,47,24,237,31,Matches
468,Romain Esse,engENG,MF,Crystal Palace,19-355,2005.0,0.4,24,0,5,5,14,6,24,2,0,0.0,2,100.0,14,41,4,0,0,0,1,0,16,6,Matches
469,Roman Dixon,engENG,DF,Everton,20-128,2004.0,1.0,36,8,19,14,4,0,36,3,0,0.0,3,100.0,16,107,48,0,0,0,2,0,13,1,Matches
470,Roméo Lavia,beBEL,MF,Chelsea,21-117,2004.0,6.7,387,13,91,242,58,1,387,13,8,61.5,5,38.5,230,1049,466,3,8,0,1,7,277,6,Matches
471,Ronnie Edwards,engENG,DF,Southampton,22-036,2003.0,0.1,6,3,4,2,0,0,6,0,0,,0,,3,10,0,0,0,0,0,0,5,0,Matches
472,Ross Barkley,engENG,MF,Aston Villa,31-149,1993.0,6.3,438,16,69,260,115,18,438,10,8,80.0,2,20.0,259,1400,643,14,13,2,6,8,308,9,Matches
473,Ross Stewart,sctSCO,FW,Southampton,28-296,1996.0,2.7,90,7,21,35,34,5,90,2,1,50.0,1,50.0,46,193,61,1,0,1,5,7,67,6,Matches
474,Ryan Christie,sctSCO,MF,Bournemouth,30-070,1995.0,23.5,1376,74,256,773,372,46,1376,48,23,47.9,22,45.8,726,3802,1773,34,40,8,44,25,777,44,Matches
475,Ryan Fraser,sctSCO,"FW,DF",Southampton,31-068,1994.0,3.4,131,12,45,50,37,3,131,3,2,66.7,1,33.3,74,492,252,10,5,2,4,2,94,18,Matches
476,Ryan Gravenberch,nlNED,MF,Liverpool,22-352,2002.0,32.5,2176,104,446,1274,485,23,2176,75,36,48.0,28,37.3,1286,6750,3408,65,71,9,48,21,1548,54,Matches
477,Ryan Manning,ieIRL,"DF,MF",Southampton,28-323,1996.0,15.2,884,67,237,360,296,21,884,33,11,33.3,14,42.4,446,1836,887,13,13,4,17,5,528,70,Matches
478,Ryan Sessegnon,engENG,"FW,DF",Fulham,24-350,2000.0,4.6,230,10,51,79,105,35,230,14,5,35.7,7,50.0,116,740,392,12,8,8,13,6,134,47,Matches
479,Ryan Trevitt,engENG,MF,Brentford,22-052,2003.0,0.0,7,1,2,4,1,0,7,0,0,,0,,4,7,2,0,0,0,0,0,4,1,Matches
480,Ryan Yates,engENG,MF,Nott'ham Forest,27-163,1997.0,20.7,993,75,263,484,256,40,993,18,9,50.0,5,27.8,407,1958,888,17,18,1,23,18,523,14,Matches
481,Rúben Dias,ptPOR,DF,Manchester City,27-354,1997.0,22.2,2230,195,749,1231,255,22,2230,3,2,66.7,1,33.3,1592,8957,5295,35,54,1,7,1,1815,6,Matches
482,Sam Johnstone,engENG,GK,Wolves,32-039,1993.0,7.0,306,229,304,2,0,0,306,0,0,,0,,196,1221,756,0,0,0,0,0,179,0,Matches
483,Sam Morsy,egEGY,MF,Ipswich Town,33-235,1991.0,26.9,1468,85,439,834,209,4,1468,20,12,60.0,6,30.0,750,3990,1715,14,20,2,15,10,982,9,Matches
484,Sammie Szmodics,ieIRL,"FW,MF",Ipswich Town,29-221,1995.0,10.9,309,17,80,119,116,33,309,12,4,33.3,6,50.0,174,989,399,16,8,7,24,17,189,46,Matches
485,Samuel Amo-Ameyaw,engENG,"FW,DF",Southampton,18-289,2006.0,0.3,16,0,5,5,7,1,16,4,0,0.0,3,75.0,11,98,68,1,0,1,0,2,11,3,Matches
486,Samuel Edozie,engENG,"DF,FW",Southampton,22-095,2003.0,0.7,43,0,0,7,36,10,43,4,2,50.0,2,50.0,34,336,197,6,2,4,4,0,39,23,Matches
487,Sander Berge,noNOR,MF,Fulham,27-078,1998.0,22.4,1255,75,345,720,196,13,1255,20,11,55.0,6,30.0,734,3957,1794,27,22,2,11,15,809,8,Matches
488,Sandro Tonali,itITA,MF,Newcastle Utd,24-360,2000.0,25.2,1556,60,357,860,365,40,1556,35,19,54.3,13,37.1,839,4584,1959,33,33,5,25,23,1076,47,Matches
489,Santiago Bueno,uyURU,DF,Wolves,26-175,1998.0,18.7,1023,169,520,485,21,6,1023,4,0,0.0,4,100.0,555,2727,1430,1,2,0,2,2,660,1,Matches
490,Saša Lukić,rsSRB,MF,Fulham,28-263,1996.0,23.1,1340,49,290,766,297,15,1340,17,8,47.1,5,29.4,749,4013,2013,37,37,4,20,7,861,29,Matches
491,Scott McTominay,sctSCO,MF,Manchester Utd,28-146,1996.0,0.2,14,1,3,8,3,1,14,1,0,0.0,1,100.0,10,68,44,0,0,0,1,1,9,2,Matches
492,Sean Longstaff,engENG,MF,Newcastle Utd,27-185,1997.0,8.9,433,23,122,193,121,21,433,7,2,28.6,4,57.1,248,1176,429,4,10,2,9,7,308,22,Matches
493,Sepp van den Berg,nlNED,DF,Brentford,23-134,2001.0,24.7,1377,239,699,523,158,41,1377,7,4,57.1,3,42.9,610,3064,1564,9,9,1,14,7,775,27,Matches
494,Sergio Reguilón,esESP,DF,Tottenham,28-138,1996.0,1.4,121,2,28,61,33,3,121,4,2,50.0,0,0.0,64,293,180,4,2,1,1,1,74,10,Matches
495,Shumaira Mheuka,engENG,MF,Chelsea,17-195,2007.0,0.0,2,0,0,0,2,1,2,0,0,,0,,1,0,0,0,0,0,0,0,2,0,Matches
496,Simon Adingra,ciCIV,"FW,MF",Brighton,23-122,2002.0,9.9,457,6,59,142,261,62,457,46,20,43.5,26,56.5,301,1999,968,35,17,19,33,10,316,114,Matches
497,Solly March,engENG,"FW,MF",Brighton,30-287,1994.0,1.9,118,3,12,33,73,7,118,4,1,25.0,3,75.0,57,398,167,5,2,3,3,1,67,20,Matches
498,Son Heung-min,krKOR,FW,Tottenham,32-299,1992.0,22.3,1093,15,110,347,646,117,1091,82,29,35.4,40,48.8,732,4522,2334,87,45,40,25,29,837,259,Matches
499,Stefan Ortega,deGER,GK,Manchester City,32-178,1992.0,12.2,492,383,489,3,0,0,492,0,0,,0,,323,1489,864,0,0,0,0,0,309,0,Matches
500,Stephy Mavididi,engENG,FW,Leicester City,26-337,1998.0,17.9,863,23,132,327,421,61,863,95,35,36.8,47,49.5,583,4343,2355,91,40,27,39,35,623,138,Matches
501,Sven Botman,nlNED,DF,Newcastle Utd,25-111,2000.0,2.6,165,24,67,93,6,5,165,3,1,33.3,1,33.3,85,357,178,0,1,0,1,1,107,0,Matches
502,Sávio,brBRA,"FW,MF",Manchester City,21-023,2004.0,19.3,1071,14,55,281,754,149,1071,111,51,45.9,39,35.1,766,6326,3494,133,44,73,42,37,834,239,Matches
503,Séamus Coleman,ieIRL,DF,Everton,36-204,1988.0,2.2,100,11,39,43,19,2,100,5,4,80.0,1,20.0,43,225,109,1,1,0,1,1,51,2,Matches
504,Taiwo Awoniyi,ngNGA,FW,Nott'ham Forest,27-264,1997.0,4.5,166,5,16,78,73,21,166,9,4,44.4,5,55.6,89,390,183,6,5,2,19,19,112,20,Matches
505,Takehiro Tomiyasu,jpJPN,DF,Arsenal,26-179,1998.0,0.1,7,1,4,1,2,1,7,0,0,,0,,1,7,5,0,0,0,0,0,2,0,Matches
506,Tariq Lamptey,ghGHA,DF,Brighton,24-215,2000.0,8.5,489,25,147,208,137,9,489,27,9,33.3,15,55.6,267,1867,893,25,13,2,9,4,276,40,Matches
507,Taylor Harwood-Bellis,engENG,DF,Southampton,23-093,2002.0,28.5,2268,306,1054,1051,172,38,2268,3,3,100.0,0,0.0,1303,6091,3584,28,27,0,15,5,1640,9,Matches
508,Thiago,brBRA,FW,Brentford,23-311,2001.0,1.5,56,6,11,23,23,2,56,3,2,66.7,1,33.3,34,119,42,3,2,1,5,1,35,4,Matches
509,Thomas Partey,ghGHA,"MF,DF",Arsenal,31-324,1993.0,27.1,1928,64,401,1061,477,27,1928,30,20,66.7,8,26.7,1087,5792,3091,31,36,3,20,14,1373,45,Matches
510,Tim Iroegbunam,engENG,MF,Everton,21-307,2003.0,6.3,255,21,80,122,59,12,255,20,8,40.0,8,40.0,121,723,360,8,10,2,10,18,110,9,Matches
511,Timo Werner,deGER,"FW,MF",Tottenham,29-058,1996.0,5.7,298,8,24,78,203,33,298,19,10,52.6,8,42.1,215,1768,1062,42,24,18,14,6,227,89,Matches
512,Timothy Castagne,beBEL,DF,Fulham,29-149,1995.0,18.1,1149,91,444,458,253,32,1149,12,5,41.7,5,41.7,542,2172,1043,17,15,2,15,5,657,67,Matches
513,Toby Collyer,engENG,MF,Manchester Utd,21-120,2004.0,2.0,129,9,46,59,25,3,129,2,1,50.0,1,50.0,68,239,56,0,0,0,11,1,71,2,Matches
514,Tom Cairney,sctSCO,MF,Fulham,34-103,1991.0,5.5,576,6,83,305,196,12,576,12,4,33.3,4,33.3,385,1848,884,14,15,4,5,4,468,29,Matches
515,Tommy Doyle,engENG,MF,Wolves,23-198,2001.0,5.4,463,22,128,258,80,4,463,9,5,55.6,1,11.1,260,1417,578,6,3,0,9,4,303,4,Matches
516,Tomáš Souček,czCZE,MF,West Ham,30-065,1995.0,25.0,1115,110,309,544,266,96,1115,11,6,54.5,5,45.5,433,1303,456,6,10,3,17,10,666,62,Matches
517,Tosin Adarabioyo,engENG,DF,Chelsea,27-221,1997.0,13.7,1198,160,570,603,26,13,1198,5,4,80.0,0,0.0,713,2950,1690,5,2,0,3,0,916,1,Matches
518,Toti Gomes,ptPOR,DF,Wolves,26-107,1999.0,26.0,1772,207,847,851,95,15,1772,28,19,67.9,7,25.0,1028,4908,2641,21,18,0,16,13,1202,15,Matches
519,Trent Alexander-Arnold,engENG,DF,Liverpool,26-208,1998.0,24.9,2111,85,565,942,618,42,2111,31,14,45.2,15,48.4,1109,5122,2732,49,35,8,19,15,1342,87,Matches
520,Trevoh Chalobah,engENG,DF,Chelsea,25-302,1999.0,8.3,668,55,279,340,54,11,668,3,1,33.3,0,0.0,374,1493,696,4,2,0,3,2,501,2,Matches
521,Trevoh Chalobah,engENG,DF,Crystal Palace,25-302,1999.0,11.8,594,66,275,276,51,14,594,10,6,60.0,2,20.0,278,1213,661,11,9,1,4,7,317,6,Matches
522,Tyler Adams,usUSA,MF,Bournemouth,26-078,1999.0,18.0,1091,52,291,623,189,17,1091,16,3,18.8,9,56.3,513,2453,1080,12,17,1,27,12,583,9,Matches
523,Tyler Dibling,engENG,"FW,MF",Southampton,19-052,2006.0,18.9,807,24,106,369,351,40,807,103,44,42.7,38,36.9,520,4170,2096,67,47,26,41,53,604,90,Matches
524,Tyler Fredricson,engENG,DF,Manchester Utd,20-069,2005.0,1.0,76,6,27,42,7,1,76,1,1,100.0,0,0.0,40,161,82,2,1,0,0,0,54,0,Matches
525,Tyrell Malacia,nlNED,DF,Manchester Utd,25-259,1999.0,1.1,62,2,20,27,15,0,62,1,1,100.0,0,0.0,37,190,118,3,2,0,1,2,43,6,Matches
526,Tyrick Mitchell,engENG,DF,Crystal Palace,25-244,1999.0,31.7,1614,104,560,615,452,42,1614,31,13,41.9,15,48.4,742,3408,1555,56,33,9,35,28,827,160,Matches
527,Tyrique George,engENG,FW,Chelsea,19-088,2006.0,1.1,56,1,10,14,33,8,56,4,3,75.0,1,25.0,38,348,208,9,1,5,1,0,44,18,Matches
528,Tyrone Mings,engENG,DF,Aston Villa,32-051,1993.0,11.7,767,139,388,340,43,15,767,2,2,100.0,0,0.0,472,2597,1333,6,12,0,3,1,523,0,Matches
529,Valentino Livramento,engENG,DF,Newcastle Utd,22-172,2002.0,27.6,1728,105,553,796,404,32,1728,48,21,43.8,20,41.7,900,5397,2878,72,37,11,25,34,994,91,Matches
530,Victor Bernth Kristiansen,dkDEN,DF,Leicester City,22-138,2002.0,26.4,1581,113,564,711,319,15,1581,17,8,47.1,8,47.1,800,3839,1806,39,25,5,13,12,872,75,Matches
531,Victor Lindelöf,seSWE,DF,Manchester Utd,30-290,1994.0,5.2,264,40,156,101,7,3,264,0,0,,0,,137,605,255,1,0,0,1,0,171,1,Matches
532,Virgil van Dijk,nlNED,DF,Liverpool,33-299,1991.0,34.0,3010,400,1203,1664,151,44,3010,5,3,60.0,2,40.0,1682,8057,4398,18,20,3,9,5,2063,6,Matches
533,Vitaliy Mykolenko,uaUKR,DF,Everton,25-339,1999.0,30.2,1489,112,471,641,388,26,1489,20,8,40.0,9,45.0,608,2553,1416,31,26,1,20,10,753,83,Matches
534,Vitaly Janelt,deGER,MF,Brentford,26-358,1998.0,25.0,1289,118,418,574,306,32,1289,12,3,25.0,7,58.3,652,3011,1278,17,18,3,16,10,814,38,Matches
535,Vitezslav Jaros,czCZE,GK,Liverpool,23-284,2001.0,0.1,8,5,8,0,0,0,8,0,0,,0,,7,29,8,0,0,0,0,0,5,0,Matches
536,Vitor Reis,brBRA,DF,Manchester City,19-111,2006.0,0.0,3,1,2,1,0,0,3,1,1,100.0,0,0.0,2,3,0,0,0,0,0,0,2,0,Matches
537,Vladimír Coufal,czCZE,DF,West Ham,32-254,1992.0,9.6,579,56,224,242,116,10,579,7,2,28.6,2,28.6,231,1245,632,15,5,2,10,6,314,25,Matches
538,Wataru Endo,jpJPN,MF,Liverpool,32-083,1993.0,1.9,130,5,31,77,23,2,130,1,1,100.0,0,0.0,52,180,47,0,0,1,6,2,81,2,Matches
539,Welington,brBRA,"DF,MF",Southampton,24-073,2001.0,2.4,131,11,46,48,40,2,131,4,3,75.0,0,0.0,47,200,116,3,3,1,6,0,55,10,Matches
540,Wes Burns,wlsWAL,"FW,DF",Ipswich Town,30-161,1994.0,10.3,350,21,69,129,160,18,350,24,9,37.5,14,58.3,216,1458,696,38,13,10,17,13,220,65,Matches
541,Wesley Fofana,frFRA,DF,Chelsea,24-137,2000.0,13.0,933,81,370,523,55,10,933,15,8,53.3,3,20.0,557,3149,1614,19,12,1,16,5,665,4,Matches
542,Wilfred Ndidi,ngNGA,MF,Leicester City,28-138,1996.0,22.9,1226,112,410,588,238,58,1226,32,13,40.6,17,53.1,585,2420,971,16,22,2,34,33,720,74,Matches
543,Will Alves,engENG,FW,Leicester City,20-089,2005.0,0.0,1,0,0,0,1,0,1,0,0,,0,,1,5,5,0,0,0,0,0,1,1,Matches
544,Will Hughes,engENG,MF,Crystal Palace,30-016,1995.0,20.8,1070,41,253,551,278,14,1070,14,4,28.6,6,42.9,469,2417,1120,18,22,1,19,24,594,24,Matches
545,Will Lankshear,engENG,"FW,MF",Tottenham,20-013,2005.0,0.1,3,0,0,2,1,0,3,0,0,,0,,3,3,0,0,0,0,2,0,3,1,Matches
546,William Osula,dkDEN,FW,Newcastle Utd,21-272,2003.0,1.2,41,1,2,17,22,4,41,6,3,50.0,3,50.0,25,151,55,2,1,0,5,5,27,12,Matches
547,William Saliba,frFRA,DF,Arsenal,24-040,2001.0,31.3,2657,173,1036,1495,141,18,2657,18,12,66.7,5,27.8,1642,7212,3937,16,17,1,17,7,2013,6,Matches
548,William Smallbone,ieIRL,MF,Southampton,25-071,2000.0,6.8,378,15,74,186,122,14,378,5,4,80.0,1,20.0,169,707,356,5,8,1,9,5,228,21,Matches
549,Willian,brBRA,"FW,MF",Fulham,36-267,1988.0,2.5,199,1,16,70,117,6,199,6,1,16.7,3,50.0,129,873,442,8,8,2,3,1,156,29,Matches
550,Willy Boly,ciCIV,DF,Nott'ham Forest,34-089,1991.0,1.7,97,22,63,32,2,1,97,0,0,,0,,35,128,45,0,0,0,1,0,46,0,Matches
551,Wilson Odobert,frFRA,FW,Tottenham,20-156,2004.0,6.0,291,4,28,103,162,31,291,28,11,39.3,14,50.0,209,1651,981,38,20,17,15,13,219,54,Matches
552,Wout Faes,beBEL,DF,Leicester City,27-030,1998.0,27.3,1653,270,809,785,67,26,1653,6,5,83.3,1,16.7,953,4414,2602,12,13,2,16,6,1085,1,Matches
553,Woyo Coulibaly,frFRA,DF,Leicester City,25-348,1999.0,1.2,76,8,27,31,20,4,76,1,0,0.0,1,100.0,48,288,169,4,2,1,4,0,36,2,Matches
554,Yankuba Minteh,gmGAM,"FW,MF",Brighton,20-285,2004.0,16.6,687,27,122,194,389,118,687,81,38,46.9,36,44.4,392,2828,1681,68,18,54,42,19,405,159,Matches
555,Yasin Ayari,seSWE,MF,Brighton,21-209,2003.0,19.3,1103,52,243,560,316,43,1103,41,17,41.5,15,36.6,581,3004,1389,30,25,6,32,21,712,59,Matches
556,Yehor Yarmoliuk,uaUKR,MF,Brentford,21-063,2004.0,12.5,748,51,209,387,167,15,748,21,10,47.6,9,42.9,386,2083,708,14,15,3,24,16,462,43,Matches
557,Yerson Mosquera,coCOL,DF,Wolves,24-001,2001.0,4.9,294,43,170,115,12,7,294,0,0,,0,,168,683,322,0,1,0,4,1,182,0,Matches
558,Yoane Wissa,cdCOD,FW,Brentford,28-242,1996.0,28.4,822,31,126,334,375,140,822,44,13,29.5,22,50.0,483,2964,1383,50,21,27,65,29,584,132,Matches
559,Youri Tielemans,beBEL,MF,Aston Villa,27-361,1997.0,32.4,2296,97,460,1324,537,41,2295,57,30,52.6,18,31.6,1242,5361,2466,37,26,9,30,28,1610,44,Matches
560,Youssef Chermiti,ptPOR,"FW,MF",Everton,20-344,2004.0,0.5,13,0,0,5,8,3,13,1,1,100.0,0,0.0,6,19,1,0,0,0,0,1,11,5,Matches
561,Yukinari Sugawara,jpJPN,"DF,MF",Southampton,24-309,2000.0,16.3,1023,61,306,395,327,29,1023,20,9,45.0,10,50.0,553,2517,1354,32,15,7,18,4,692,76,Matches
562,Yunus Emre Konak,trTUR,"FW,MF",Brentford,19-113,2006.0,0.5,51,0,8,26,17,0,51,2,0,0.0,2,100.0,17,67,41,1,1,1,3,3,26,2,Matches
563,Yves Bissouma,mlMLI,MF,Tottenham,28-246,1996.0,13.4,938,58,261,535,148,5,938,21,7,33.3,14,66.7,564,3369,1513,15,17,0,22,13,657,3,Matches
564,Zain Silcott-Duberry,msMSR,FW,Bournemouth,19-298,2005.0,0.0,3,0,1,0,2,0,3,0,0,,0,,1,6,6,0,0,0,0,0,2,0,Matches
565,Álex Moreno,esESP,"DF,MF",Nott'ham Forest,31-329,1993.0,10.6,559,60,210,202,158,8,559,21,8,38.1,8,38.1,229,1470,864,26,16,4,13,6,258,34,Matches
566,İlkay Gündoğan,deGER,MF,Manchester City,34-191,1990.0,22.8,1748,43,256,848,664,60,1748,35,16,45.7,13,37.1,1035,5787,2813,57,52,9,27,24,1366,86,Matches
567,Łukasz Fabiański,plPOL,GK,West Ham,40-015,1985.0,11.9,488,382,483,5,0,0,488,2,2,100.0,0,0.0,258,1371,845,0,0,0,0,0,227,0,Matches
