Rk,Player,Nation,Pos,Squad,Age,Born,90s,Gls,Sh,SoT,SoT%,Sh/90,SoT/90,G/Sh,G/SoT,Dist,FK,PK,PKatt,xG,npxG,npxG/Sh,G-xG,np:G-xG,Matches
1,Aaron Cresswell,engENG,DF,West Ham,35-139,1989.0,6.5,0,3,0,0.0,0.46,0.0,0.0,,29.8,2,0,0,0.1,0.1,0.04,-0.1,-0.1,Matches
2,Aaron Ramsdale,engENG,GK,Southampton,26-354,1998.0,26.0,0,0,0,,0.0,0.0,,,,0,0,0,0.0,0.0,,0.0,0.0,Matches
3,Aaron Wan-Bissaka,engENG,DF,West Ham,27-158,1997.0,31.0,2,15,5,33.3,0.48,0.16,0.13,0.4,15.3,0,0,0,1.2,1.2,0.08,0.8,0.8,Matches
4,Abdoulaye Doucouré,mlMLI,MF,Everton,32-122,1993.0,26.9,3,29,9,31.0,1.08,0.33,0.1,0.33,13.8,0,0,0,3.9,3.9,0.13,-0.9,-0.9,Matches
5,Abdukodir Khusanov,uzUZB,DF,Manchester City,21-063,2004.0,5.6,0,1,0,0.0,0.18,0.0,0.0,,23.9,0,0,0,0.0,0.0,0.02,0.0,0.0,Matches
6,Abdul Fatawu Issahaku,ghGHA,FW,Leicester City,21-056,2004.0,6.4,0,13,5,38.5,2.02,0.78,0.0,0.0,31.2,0,0,0,0.4,0.4,0.03,-0.4,-0.4,Matches
7,Adam Armstrong,engENG,"FW,MF",Southampton,28-082,1997.0,13.9,2,25,7,28.0,1.8,0.5,0.08,0.29,16.6,0,0,1,3.3,2.3,0.09,-1.3,-0.3,Matches
8,Adam Lallana,engENG,MF,Southampton,36-358,1988.0,4.0,0,3,0,0.0,0.75,0.0,0.0,,18.1,0,0,0,0.2,0.2,0.06,-0.2,-0.2,Matches
9,Adam Smith,engENG,DF,Bournemouth,34-004,1991.0,15.7,0,3,0,0.0,0.19,0.0,0.0,,16.9,0,0,0,0.7,0.7,0.22,-0.7,-0.7,Matches
10,Adam Webster,engENG,DF,Brighton,30-119,1995.0,6.9,0,1,1,100.0,0.15,0.15,0.0,0.0,15.3,0,0,0,0.0,0.0,0.02,0.0,0.0,Matches
11,Adam Wharton,engENG,MF,Crystal Palace,20-335,2004.0,14.0,0,12,5,41.7,0.86,0.36,0.0,0.0,25.8,0,0,0,0.3,0.3,0.03,-0.3,-0.3,Matches
12,Adama Traoré,esESP,"FW,MF",Fulham,29-098,1996.0,17.4,2,36,11,30.6,2.07,0.63,0.06,0.18,14.4,0,0,0,3.8,3.8,0.11,-1.8,-1.8,Matches
13,Albert Grønbaek,dkDEN,"FW,MF",Southampton,23-345,2001.0,1.6,0,2,0,0.0,1.26,0.0,0.0,,22.4,0,0,0,0.1,0.1,0.06,-0.1,-0.1,Matches
14,Alejandro Garnacho,arARG,"MF,FW",Manchester Utd,20-306,2004.0,22.8,5,81,28,34.6,3.55,1.23,0.06,0.18,17.1,0,0,0,7.0,7.0,0.09,-2.0,-2.0,Matches
15,Alex Iwobi,ngNGA,"FW,MF",Fulham,29-000,1996.0,30.2,9,61,27,44.3,2.02,0.89,0.15,0.33,18.3,0,0,0,4.5,4.5,0.07,4.5,4.5,Matches
16,Alex McCarthy,engENG,GK,Southampton,35-151,1989.0,5.0,0,0,0,,0.0,0.0,,,,0,0,0,0.0,0.0,,0.0,0.0,Matches
17,Alex Palmer,engENG,GK,Ipswich Town,28-266,1996.0,10.0,0,0,0,,0.0,0.0,,,,0,0,0,0.0,0.0,,0.0,0.0,Matches
18,Alex Scott,engENG,MF,Bournemouth,21-255,2003.0,7.6,0,13,5,38.5,1.71,0.66,0.0,0.0,20.0,0,0,0,0.7,0.7,0.05,-0.7,-0.7,Matches
19,Alexander Isak,seSWE,FW,Newcastle Utd,25-224,1999.0,27.6,22,87,37,42.5,3.15,1.34,0.22,0.51,14.5,3,3,3,19.0,16.6,0.19,3.0,2.4,Matches
20,Alexis Mac Allister,arARG,MF,Liverpool,26-130,1998.0,28.4,5,38,13,34.2,1.34,0.46,0.13,0.38,18.1,1,0,0,2.8,2.8,0.07,2.2,2.2,Matches
21,Alfie Dorrington,engENG,DF,Tottenham,20-013,2005.0,0.2,0,0,0,,0.0,0.0,,,,0,0,0,0.0,0.0,,0.0,0.0,Matches
22,Alfie Pond,engENG,DF,Wolves,21-063,2004.0,0.0,0,0,0,,0.0,0.0,,,,0,0,0,0.0,0.0,,0.0,0.0,Matches
23,Ali Al Hamadi,iqIRQ,FW,Ipswich Town,23-063,2002.0,1.5,0,4,0,0.0,2.69,0.0,0.0,,15.7,0,0,0,0.4,0.4,0.09,-0.4,-0.4,Matches
24,Alisson,brBRA,GK,Liverpool,32-213,1992.0,23.9,0,0,0,,0.0,0.0,,,,0,0,0,0.0,0.0,,0.0,0.0,Matches
25,Alphonse Areola,frFRA,GK,West Ham,32-065,1993.0,22.1,0,0,0,,0.0,0.0,,,,0,0,0,0.0,0.0,,0.0,0.0,Matches
26,Altay Bayındır,trTUR,GK,Manchester Utd,27-019,1998.0,1.0,0,0,0,,0.0,0.0,,,,0,0,0,0.0,0.0,,0.0,0.0,Matches
27,Amad Diallo,ciCIV,"FW,MF",Manchester Utd,22-296,2002.0,17.7,6,40,13,32.5,2.26,0.73,0.15,0.46,17.7,0,0,0,4.1,4.1,0.1,1.9,1.9,Matches
28,Amadou Onana,beBEL,MF,Aston Villa,23-260,2001.0,15.0,3,17,6,35.3,1.14,0.4,0.18,0.5,14.7,0,0,0,2.1,2.1,0.12,0.9,0.9,Matches
29,Andreas Pereira,brBRA,MF,Fulham,29-122,1996.0,20.9,2,35,8,22.9,1.68,0.38,0.06,0.25,22.1,6,0,1,3.5,2.7,0.08,-1.5,-0.7,Matches
30,Andrew Robertson,sctSCO,DF,Liverpool,31-053,1994.0,25.6,0,13,2,15.4,0.51,0.08,0.0,0.0,14.5,0,0,0,1.0,1.0,0.08,-1.0,-1.0,Matches
31,André,brBRA,MF,Wolves,23-291,2001.0,25.0,0,9,1,11.1,0.36,0.04,0.0,0.0,25.3,0,0,0,0.4,0.4,0.04,-0.4,-0.4,Matches
32,André Onana,cmCMR,GK,Manchester Utd,29-031,1996.0,33.0,0,0,0,,0.0,0.0,,,,0,0,0,0.0,0.0,,0.0,0.0,Matches
33,Andrés García,esESP,"DF,MF",Aston Villa,22-085,2003.0,3.5,0,2,0,0.0,0.57,0.0,0.0,,26.6,0,0,0,0.0,0.0,0.02,0.0,0.0,Matches
34,Andy Irving,sctSCO,MF,West Ham,24-355,2000.0,1.8,0,4,2,50.0,2.17,1.08,0.0,0.0,26.2,0,0,0,0.1,0.1,0.03,-0.1,-0.1,Matches
35,Anthony Elanga,seSWE,"FW,MF",Nott'ham Forest,23-006,2002.0,23.8,6,38,19,50.0,1.6,0.8,0.16,0.32,17.2,4,0,0,4.0,4.0,0.11,2.0,2.0,Matches
36,Anthony Gordon,engENG,FW,Newcastle Utd,24-068,2001.0,24.4,6,55,16,29.1,2.25,0.65,0.09,0.31,16.6,1,1,2,8.0,6.4,0.12,-2.0,-1.4,Matches
37,Antoine Semenyo,ghGHA,FW,Bournemouth,25-116,2000.0,32.3,9,118,37,31.4,3.65,1.15,0.08,0.24,17.2,0,0,0,9.3,9.3,0.08,-0.3,-0.3,Matches
38,Antonee Robinson,usUSA,DF,Fulham,27-268,1997.0,32.2,0,16,2,12.5,0.5,0.06,0.0,0.0,22.1,0,0,0,0.7,0.7,0.04,-0.7,-0.7,Matches
39,Antony,brBRA,"DF,MF",Manchester Utd,25-068,2000.0,1.6,0,6,3,50.0,3.83,1.91,0.0,0.0,15.8,0,0,0,1.0,1.0,0.17,-1.0,-1.0,Matches
40,Antonín Kinský,czCZE,GK,Tottenham,22-051,2003.0,4.0,0,0,0,,0.0,0.0,,,,0,0,0,0.0,0.0,,0.0,0.0,Matches
41,Archie Gray,engENG,"DF,MF",Tottenham,19-052,2006.0,15.5,0,1,1,100.0,0.06,0.06,0.0,0.0,24.6,0,0,0,0.0,0.0,0.02,0.0,0.0,Matches
42,Arijanet Muric,xkKVX,GK,Ipswich Town,26-177,1998.0,18.0,0,0,0,,0.0,0.0,,,,0,0,0,0.0,0.0,,0.0,0.0,Matches
43,Armando Broja,alALB,FW,Everton,23-235,2001.0,3.7,0,4,0,0.0,1.08,0.0,0.0,,17.3,0,0,0,0.1,0.1,0.03,-0.1,-0.1,Matches
44,Armel Bella Kotchap,deGER,DF,Southampton,23-143,2001.0,3.7,0,1,0,0.0,0.27,0.0,0.0,,9.1,0,0,0,0.3,0.3,0.32,-0.3,-0.3,Matches
45,Asher Agbinone,engENG,MF,Crystal Palace,19-217,2005.0,0.1,0,1,0,0.0,15.0,0.0,0.0,,26.3,0,0,0,0.0,0.0,0.02,0.0,0.0,Matches
46,Ashley Young,engENG,"DF,FW",Everton,39-298,1985.0,17.9,1,6,3,50.0,0.33,0.17,0.17,0.33,24.5,3,0,0,0.3,0.3,0.04,0.7,0.7,Matches
47,Axel Disasi,frFRA,DF,Chelsea,27-053,1998.0,4.0,1,2,1,50.0,0.49,0.25,0.5,1.0,12.3,0,0,0,0.3,0.3,0.14,0.7,0.7,Matches
48,Axel Disasi,frFRA,DF,Aston Villa,27-053,1998.0,5.4,0,2,0,0.0,0.37,0.0,0.0,,19.5,0,0,0,0.1,0.1,0.04,-0.1,-0.1,Matches
49,Axel Tuanzebe,cdCOD,DF,Ipswich Town,27-170,1997.0,16.1,0,4,0,0.0,0.25,0.0,0.0,,15.7,0,0,0,0.2,0.2,0.05,-0.2,-0.2,Matches
50,Ayden Heaven,engENG,DF,Manchester Utd,18-223,2006.0,1.1,0,0,0,,0.0,0.0,,,,0,0,0,0.0,0.0,,0.0,0.0,Matches
51,Bart Verbruggen,nlNED,GK,Brighton,22-258,2002.0,32.0,0,0,0,,0.0,0.0,,,,0,0,0,0.0,0.0,,0.0,0.0,Matches
52,Ben Brereton,clCHI,FW,Southampton,26-015,1999.0,5.0,0,11,1,9.1,2.2,0.2,0.0,0.0,17.3,0,0,0,0.9,0.9,0.08,-0.9,-0.9,Matches
53,Ben Chilwell,engENG,DF,Crystal Palace,28-133,1996.0,1.5,0,2,1,50.0,1.29,0.65,0.0,0.0,27.6,1,0,0,0.1,0.1,0.04,-0.1,-0.1,Matches
54,Ben Davies,wlsWAL,DF,Tottenham,32-009,1993.0,11.5,0,5,1,20.0,0.43,0.09,0.0,0.0,17.0,0,0,0,0.3,0.3,0.06,-0.3,-0.3,Matches
55,Ben Godfrey,engENG,DF,Ipswich Town,27-108,1998.0,1.8,0,0,0,,0.0,0.0,,,,0,0,0,0.0,0.0,,0.0,0.0,Matches
56,Ben Johnson,engENG,"DF,FW",Ipswich Town,25-099,2000.0,15.0,1,7,3,42.9,0.47,0.2,0.14,0.33,12.6,0,0,0,1.1,1.1,0.15,-0.1,-0.1,Matches
57,Ben Mee,engENG,DF,Brentford,35-224,1989.0,2.0,0,0,0,,0.0,0.0,,,,0,0,0,0.0,0.0,,0.0,0.0,Matches
58,Ben White,engENG,DF,Arsenal,27-207,1997.0,9.5,0,7,1,14.3,0.74,0.11,0.0,0.0,19.1,0,0,0,0.4,0.4,0.06,-0.4,-0.4,Matches
59,Ben Winterburn,engENG,"FW,MF",Bournemouth,20-241,2004.0,0.3,0,0,0,,0.0,0.0,,,,0,0,0,0.0,0.0,,0.0,0.0,Matches
60,Benoît Badiashile,frFRA,DF,Chelsea,24-038,2001.0,3.7,0,0,0,,0.0,0.0,,,,0,0,0,0.0,0.0,,0.0,0.0,Matches
61,Bernardo Silva,ptPOR,"MF,FW",Manchester City,30-266,1994.0,26.7,3,28,10,35.7,1.05,0.37,0.11,0.3,12.9,0,0,0,3.2,3.2,0.12,-0.2,-0.2,Matches
62,Bernd Leno,deGER,GK,Fulham,33-060,1992.0,34.0,0,0,0,,0.0,0.0,,,,0,0,0,0.0,0.0,,0.0,0.0,Matches
63,Beto,gwGNB,FW,Everton,27-092,1998.0,13.2,6,35,18,51.4,2.64,1.36,0.17,0.33,13.6,0,0,0,6.1,6.1,0.17,-0.1,-0.1,Matches
64,Bilal El Khannouss,maMAR,MF,Leicester City,20-358,2004.0,21.3,2,23,6,26.1,1.08,0.28,0.09,0.33,22.8,0,0,0,0.9,0.9,0.04,1.1,1.1,Matches
65,Billy Gilmour,sctSCO,MF,Brighton,23-326,2001.0,1.1,0,1,0,0.0,0.92,0.0,0.0,,25.5,1,0,0,0.1,0.1,0.08,-0.1,-0.1,Matches
66,Bobby De Cordova-Reid,jmJAM,FW,Leicester City,32-090,1993.0,8.3,1,7,3,42.9,0.85,0.36,0.14,0.33,25.1,0,0,0,0.8,0.8,0.11,0.2,0.2,Matches
67,Boubacar Kamara,frFRA,MF,Aston Villa,25-161,1999.0,15.3,0,7,1,14.3,0.46,0.07,0.0,0.0,21.1,0,0,0,0.4,0.4,0.05,-0.4,-0.4,Matches
68,Boubacar Traoré,mlMLI,MF,Wolves,23-256,2001.0,0.0,0,0,0,,0.0,0.0,,,,0,0,0,0.0,0.0,,0.0,0.0,Matches
69,Boubakary Soumaré,frFRA,MF,Leicester City,26-065,1999.0,21.7,0,7,0,0.0,0.32,0.0,0.0,,23.4,0,0,0,0.3,0.3,0.04,-0.3,-0.3,Matches
70,Brajan Gruda,deGER,"FW,MF",Brighton,20-337,2004.0,5.6,0,4,2,50.0,0.71,0.36,0.0,0.0,16.8,2,0,0,0.4,0.4,0.1,-0.4,-0.4,Matches
71,Brandon Austin,engENG,GK,Tottenham,26-115,1999.0,1.0,0,0,0,,0.0,0.0,,,,0,0,0,0.0,0.0,,0.0,0.0,Matches
72,Brennan Johnson,wlsWAL,FW,Tottenham,23-345,2001.0,23.1,11,53,20,37.7,2.29,0.86,0.21,0.55,11.4,0,0,0,9.8,9.8,0.19,1.2,1.2,Matches
73,Bruno Fernandes,ptPOR,MF,Manchester Utd,30-237,1994.0,30.6,8,83,25,30.1,2.71,0.82,0.06,0.2,21.9,12,3,3,9.5,7.1,0.09,-1.5,-2.1,Matches
74,Bruno Guimarães,brBRA,MF,Newcastle Utd,27-168,1997.0,32.4,4,38,9,23.7,1.17,0.28,0.11,0.44,16.2,0,0,0,3.8,3.8,0.1,0.2,0.2,Matches
75,Bryan Mbeumo,cmCMR,FW,Brentford,25-269,1999.0,33.9,18,69,30,43.5,2.03,0.88,0.19,0.43,17.7,6,5,5,10.8,6.8,0.1,7.2,6.2,Matches
76,Bukayo Saka,engENG,"FW,MF",Arsenal,23-240,2001.0,16.2,6,54,19,35.2,3.34,1.18,0.09,0.26,15.9,1,1,1,5.9,5.1,0.09,0.1,-0.1,Matches
77,Caleb Kporha,engENG,DF,Crystal Palace,18-292,2006.0,0.1,0,0,0,,0.0,0.0,,,,0,0,0,0.0,0.0,,0.0,0.0,Matches
78,Caleb Okoli,itITA,DF,Leicester City,23-294,2001.0,12.5,1,4,2,50.0,0.32,0.16,0.25,0.5,13.5,0,0,0,0.6,0.6,0.15,0.4,0.4,Matches
79,Callum Hudson-Odoi,engENG,"FW,MF",Nott'ham Forest,24-177,2000.0,23.9,5,37,17,45.9,1.55,0.71,0.14,0.29,18.3,0,0,0,2.5,2.5,0.07,2.5,2.5,Matches
80,Callum Wilson,engENG,FW,Newcastle Utd,33-065,1992.0,3.0,0,5,0,0.0,1.68,0.0,0.0,,15.0,0,0,0,0.3,0.3,0.07,-0.3,-0.3,Matches
81,Calvin Bassey,ngNGA,DF,Fulham,25-123,1999.0,31.2,1,14,4,28.6,0.45,0.13,0.07,0.25,15.3,0,0,0,1.0,1.0,0.07,0.0,0.0,Matches
82,Cameron Archer,engENG,FW,Southampton,23-286,2001.0,15.1,2,27,9,33.3,1.79,0.6,0.07,0.22,13.1,0,0,1,5.1,4.3,0.16,-3.1,-2.3,Matches
83,Cameron Burgess,auAUS,DF,Ipswich Town,29-194,1995.0,15.1,0,9,1,11.1,0.6,0.07,0.0,0.0,9.7,0,0,0,0.7,0.7,0.08,-0.7,-0.7,Matches
84,Caoimhín Kelleher,ieIRL,GK,Liverpool,26-161,1998.0,10.0,0,0,0,,0.0,0.0,,,,0,0,0,0.0,0.0,,0.0,0.0,Matches
85,Carlos Alcaraz,arARG,"FW,MF",Everton,22-154,2002.0,5.5,1,19,6,31.6,3.48,1.1,0.05,0.17,20.4,0,0,0,1.3,1.3,0.07,-0.3,-0.3,Matches
86,Carlos Alcaraz,arARG,MF,Southampton,22-154,2002.0,0.1,0,1,1,100.0,9.0,9.0,0.0,0.0,9.7,0,0,0,0.1,0.1,0.07,-0.1,-0.1,Matches
87,Carlos Baleba,cmCMR,MF,Brighton,21-120,2004.0,25.7,3,40,11,27.5,1.56,0.43,0.08,0.27,25.1,1,0,0,3.0,3.0,0.07,0.0,0.0,Matches
88,Carlos Forbs,ptPOR,"MF,FW",Wolves,21-045,2004.0,2.7,0,2,0,0.0,0.75,0.0,0.0,,19.1,0,0,0,0.1,0.1,0.07,-0.1,-0.1,Matches
89,Carlos Soler,esESP,"MF,FW",West Ham,28-121,1997.0,15.0,1,24,7,29.2,1.6,0.47,0.04,0.14,19.1,1,0,0,1.7,1.7,0.07,-0.7,-0.7,Matches
90,Carlos Vinícius,brBRA,"MF,FW",Fulham,30-039,1995.0,0.2,0,1,1,100.0,5.63,5.63,0.0,0.0,17.4,0,0,0,0.0,0.0,0.04,0.0,0.0,Matches
91,Casemiro,brBRA,MF,Manchester Utd,33-069,1992.0,14.8,1,28,8,28.6,1.89,0.54,0.04,0.13,18.8,0,0,0,1.7,1.7,0.06,-0.7,-0.7,Matches
92,Chadi Riad,maMAR,DF,Crystal Palace,21-320,2003.0,1.0,0,0,0,,0.0,0.0,,,,0,0,0,0.0,0.0,,0.0,0.0,Matches
93,Charlie Taylor,engENG,DF,Southampton,31-227,1993.0,3.0,0,0,0,,0.0,0.0,,,,0,0,0,0.0,0.0,,0.0,0.0,Matches
94,Cheick Doucouré,mlMLI,MF,Crystal Palace,25-115,2000.0,5.0,0,7,0,0.0,1.39,0.0,0.0,,20.6,0,0,0,0.4,0.4,0.06,-0.4,-0.4,Matches
95,Chidozie Obi-Martin,dkDEN,FW,Manchester Utd,17-155,2007.0,0.7,0,2,1,50.0,2.77,1.38,0.0,0.0,11.2,0,0,0,0.3,0.3,0.13,-0.3,-0.3,Matches
96,Chiedozie Ogbene,ieIRL,FW,Ipswich Town,28-002,1997.0,2.6,0,0,0,,0.0,0.0,,,,0,0,0,0.0,0.0,,0.0,0.0,Matches
97,Chiquinho,ptPOR,MF,Wolves,25-087,2000.0,0.1,0,0,0,,0.0,0.0,,,,0,0,0,0.0,0.0,,0.0,0.0,Matches
98,Chris Richards,usUSA,DF,Crystal Palace,25-036,2000.0,17.4,1,10,5,50.0,0.58,0.29,0.1,0.2,11.8,0,0,0,1.2,1.2,0.12,-0.2,-0.2,Matches
99,Chris Wood,nzNZL,FW,Nott'ham Forest,33-147,1991.0,28.9,19,53,30,56.6,1.84,1.04,0.3,0.53,14.2,0,3,3,11.4,9.1,0.17,7.6,6.9,Matches
100,Christian Eriksen,dkDEN,MF,Manchester Utd,33-078,1992.0,11.0,0,9,1,11.1,0.81,0.09,0.0,0.0,24.8,2,0,0,0.3,0.3,0.03,-0.3,-0.3,Matches
101,Christian Nørgaard,dkDEN,MF,Brentford,31-054,1994.0,27.3,5,34,11,32.4,1.24,0.4,0.15,0.45,14.6,0,0,0,3.7,3.7,0.11,1.3,1.3,Matches
102,Christian Walton,engENG,GK,Ipswich Town,29-175,1995.0,6.0,0,0,0,,0.0,0.0,,,,0,0,0,0.0,0.0,,0.0,0.0,Matches
103,Christopher Nkunku,frFRA,FW,Chelsea,27-170,1997.0,10.2,3,25,11,44.0,2.44,1.07,0.12,0.27,12.6,0,0,0,4.8,4.8,0.19,-1.8,-1.8,Matches
104,Cody Gakpo,nlNED,FW,Liverpool,25-361,1999.0,18.1,9,50,20,40.0,2.77,1.11,0.18,0.45,15.1,0,0,0,6.4,6.4,0.13,2.6,2.6,Matches
105,Cole Palmer,engENG,MF,Chelsea,22-362,2002.0,31.5,14,111,40,36.0,3.53,1.27,0.1,0.28,20.3,12,3,4,15.8,12.7,0.11,-1.8,-1.7,Matches
106,Conor Bradley,nirNIR,DF,Liverpool,21-298,2003.0,5.9,0,9,3,33.3,1.52,0.51,0.0,0.0,14.3,0,0,0,0.6,0.6,0.07,-0.6,-0.6,Matches
107,Conor Chaplin,engENG,"MF,FW",Ipswich Town,28-076,1997.0,7.2,1,12,3,25.0,1.67,0.42,0.08,0.33,18.3,0,0,0,1.2,1.2,0.1,-0.2,-0.2,Matches
108,Conor Coady,engENG,DF,Leicester City,32-067,1993.0,15.0,0,1,1,100.0,0.07,0.07,0.0,0.0,9.2,0,0,0,0.1,0.1,0.11,-0.1,-0.1,Matches
109,Conor Townsend,engENG,DF,Ipswich Town,32-060,1993.0,3.7,0,1,0,0.0,0.27,0.0,0.0,,16.7,0,0,0,0.0,0.0,0.03,0.0,0.0,Matches
110,Craig Dawson,engENG,DF,Wolves,34-362,1990.0,10.8,0,5,1,20.0,0.46,0.09,0.0,0.0,8.5,0,0,0,0.5,0.5,0.1,-0.5,-0.5,Matches
111,Cristian Romero,arARG,DF,Tottenham,27-006,1998.0,15.7,1,16,8,50.0,1.02,0.51,0.06,0.13,9.1,0,0,0,1.6,1.6,0.1,-0.6,-0.6,Matches
112,Crysencio Summerville,nlNED,"FW,MF",West Ham,23-185,2001.0,8.7,1,14,4,28.6,1.6,0.46,0.07,0.25,13.4,0,0,0,1.6,1.6,0.12,-0.6,-0.6,Matches
113,Curtis Jones,engENG,"MF,DF",Liverpool,24-093,2001.0,16.0,3,31,12,38.7,1.94,0.75,0.1,0.25,16.9,0,0,0,4.1,4.1,0.13,-1.1,-1.1,Matches
114,Daichi Kamada,jpJPN,MF,Crystal Palace,28-271,1996.0,14.9,0,17,4,23.5,1.14,0.27,0.0,0.0,19.4,0,0,0,1.0,1.0,0.06,-1.0,-1.0,Matches
115,Dan Burn,engENG,DF,Newcastle Utd,32-359,1992.0,33.0,1,20,5,25.0,0.61,0.15,0.05,0.2,9.9,0,0,0,1.7,1.7,0.09,-0.7,-0.7,Matches
116,Dane Scarlett,engENG,"FW,MF",Tottenham,21-040,2004.0,0.4,0,1,1,100.0,2.65,2.65,0.0,0.0,13.9,0,0,0,0.0,0.0,0.04,0.0,0.0,Matches
117,Dango Ouattara,bfBFA,FW,Bournemouth,23-081,2002.0,21.5,7,62,20,32.3,2.89,0.93,0.11,0.35,13.5,1,0,0,8.4,8.4,0.14,-1.4,-1.4,Matches
118,Daniel Bentley,engENG,GK,Wolves,31-294,1993.0,1.0,0,0,0,,0.0,0.0,,,,0,0,0,0.0,0.0,,0.0,0.0,Matches
119,Daniel Jebbison,engENG,FW,Bournemouth,21-263,2003.0,0.8,0,2,1,50.0,2.37,1.18,0.0,0.0,12.3,0,0,0,0.2,0.2,0.1,-0.2,-0.2,Matches
120,Daniel Muñoz,coCOL,DF,Crystal Palace,28-342,1996.0,31.9,4,32,12,37.5,1.0,0.38,0.13,0.33,12.3,0,0,0,4.6,4.6,0.14,-0.6,-0.6,Matches
121,Daniel Podence,ptPOR,"MF,FW",Wolves,29-194,1995.0,0.5,0,1,0,0.0,1.87,0.0,0.0,,24.4,0,0,0,0.0,0.0,0.04,0.0,0.0,Matches
122,Danilo,brBRA,"MF,FW",Nott'ham Forest,24-004,2001.0,3.0,0,0,0,,0.0,0.0,,,,0,0,0,0.0,0.0,,0.0,0.0,Matches
123,Danny Ings,engENG,"FW,MF",West Ham,32-284,1992.0,3.2,1,14,5,35.7,4.44,1.58,0.07,0.2,15.5,0,0,0,2.3,2.3,0.16,-1.3,-1.3,Matches
124,Danny Ward,wlsWAL,GK,Leicester City,31-315,1993.0,1.5,0,0,0,,0.0,0.0,,,,0,0,0,0.0,0.0,,0.0,0.0,Matches
125,Danny Welbeck,engENG,FW,Brighton,34-158,1990.0,20.6,9,53,20,37.7,2.58,0.97,0.17,0.45,15.2,8,0,0,8.1,8.1,0.15,0.9,0.9,Matches
126,Dara O'Shea,ieIRL,DF,Ipswich Town,26-060,1999.0,30.7,0,19,2,10.5,0.62,0.07,0.0,0.0,13.7,0,0,0,1.1,1.1,0.06,-1.1,-1.1,Matches
127,Darwin Núñez,uyURU,FW,Liverpool,25-313,1999.0,11.3,5,32,12,37.5,2.83,1.06,0.16,0.42,14.5,0,0,0,5.0,5.0,0.16,0.0,0.0,Matches
128,David Brooks,wlsWAL,"FW,MF",Bournemouth,27-299,1997.0,9.1,2,22,10,45.5,2.43,1.1,0.09,0.2,16.8,0,0,0,2.2,2.2,0.1,-0.2,-0.2,Matches
129,David Raya,esESP,GK,Arsenal,29-230,1995.0,34.0,0,0,0,,0.0,0.0,,,,0,0,0,0.0,0.0,,0.0,0.0,Matches
130,Dean Henderson,engENG,GK,Crystal Palace,28-052,1997.0,34.0,0,1,0,0.0,0.03,0.0,0.0,,14.9,0,0,0,0.0,0.0,0.01,0.0,0.0,Matches
131,Dean Huijsen,esESP,DF,Bournemouth,20-019,2005.0,23.8,2,17,2,11.8,0.71,0.08,0.12,1.0,12.3,0,0,0,1.7,1.7,0.1,0.3,0.3,Matches
132,Declan Rice,engENG,MF,Arsenal,26-109,1999.0,28.6,2,41,10,24.4,1.43,0.35,0.05,0.2,19.7,2,0,0,2.7,2.7,0.07,-0.7,-0.7,Matches
133,Dejan Kulusevski,seSWE,"MF,FW",Tottenham,25-008,2000.0,25.3,7,46,17,37.0,1.81,0.67,0.15,0.41,14.8,0,0,0,4.2,4.2,0.09,2.8,2.8,Matches
134,Destiny Udogie,itITA,DF,Tottenham,22-156,2002.0,20.4,0,5,1,20.0,0.25,0.05,0.0,0.0,15.1,0,0,0,0.3,0.3,0.06,-0.3,-0.3,Matches
135,Diego Carlos,brBRA,DF,Aston Villa,32-049,1993.0,9.2,0,4,1,25.0,0.43,0.11,0.0,0.0,6.7,0,0,0,0.6,0.6,0.16,-0.6,-0.6,Matches
136,Diego Gómez,pyPAR,MF,Brighton,22-037,2003.0,4.9,0,5,0,0.0,1.02,0.0,0.0,,21.5,2,0,0,0.4,0.4,0.09,-0.4,-0.4,Matches
137,Diogo Dalot,ptPOR,DF,Manchester Utd,26-046,1999.0,31.0,0,23,5,21.7,0.74,0.16,0.0,0.0,15.6,0,0,0,2.0,2.0,0.09,-2.0,-2.0,Matches
138,Diogo Jota,ptPOR,FW,Liverpool,28-150,1996.0,12.2,6,46,13,28.3,3.77,1.07,0.13,0.46,12.5,0,0,0,7.3,7.3,0.16,-1.3,-1.3,Matches
139,Divin Mubama,engENG,FW,Manchester City,20-190,2004.0,0.3,0,1,0,0.0,3.21,0.0,0.0,,17.2,0,0,0,0.0,0.0,0.04,0.0,0.0,Matches
140,Djed Spence,engENG,DF,Tottenham,24-267,2000.0,16.8,1,10,3,30.0,0.59,0.18,0.1,0.33,23.9,0,0,0,0.6,0.6,0.06,0.4,0.4,Matches
141,Dominic Calvert-Lewin,engENG,FW,Everton,28-048,1997.0,17.5,3,46,17,37.0,2.63,0.97,0.07,0.18,12.3,0,0,0,6.1,6.1,0.13,-3.1,-3.1,Matches
142,Dominic Solanke,engENG,FW,Tottenham,27-231,1997.0,23.5,8,59,24,40.7,2.51,1.02,0.14,0.33,12.1,0,0,0,10.1,10.1,0.17,-2.1,-2.1,Matches
143,Dominik Szoboszlai,huHUN,MF,Liverpool,24-190,2000.0,25.1,5,62,20,32.3,2.47,0.8,0.08,0.25,18.5,3,0,0,7.1,7.1,0.12,-2.1,-2.1,Matches
144,Donyell Malen,nlNED,FW,Aston Villa,26-114,1999.0,3.0,3,12,8,66.7,3.96,2.64,0.25,0.38,16.3,0,0,0,1.7,1.7,0.14,1.3,1.3,Matches
145,Dwight McNeil,engENG,"MF,FW",Everton,25-162,1999.0,13.2,3,24,9,37.5,1.82,0.68,0.13,0.33,21.6,0,0,0,1.1,1.1,0.04,1.9,1.9,Matches
146,Eberechi Eze,engENG,"MF,FW",Crystal Palace,26-308,1998.0,26.0,4,93,24,25.8,3.58,0.92,0.04,0.17,21.5,16,0,1,8.2,7.4,0.08,-4.2,-3.4,Matches
147,Eddie Nketiah,engENG,"FW,MF",Crystal Palace,25-338,1999.0,9.8,1,36,12,33.3,3.68,1.23,0.03,0.08,14.4,0,0,0,4.3,4.3,0.12,-3.3,-3.3,Matches
148,Ederson,brBRA,GK,Manchester City,31-259,1993.0,22.8,0,0,0,,0.0,0.0,,,,0,0,0,0.0,0.0,,0.0,0.0,Matches
149,Edmond-Paris Maghoma,engENG,"MF,FW",Brentford,23-360,2001.0,1.3,0,1,0,0.0,0.76,0.0,0.0,,23.8,0,0,0,0.1,0.1,0.12,-0.1,-0.1,Matches
150,Edson Álvarez,mxMEX,MF,West Ham,27-191,1997.0,18.1,0,11,1,9.1,0.61,0.06,0.0,0.0,26.7,0,0,0,0.3,0.3,0.03,-0.3,-0.3,Matches
151,Eiran Cashin,ieIRL,DF,Brighton,23-175,2001.0,0.2,0,0,0,,0.0,0.0,,,,0,0,0,0.0,0.0,,0.0,0.0,Matches
152,Elliot Anderson,engENG,MF,Nott'ham Forest,22-178,2002.0,26.4,2,35,7,20.0,1.33,0.27,0.06,0.29,19.8,0,0,0,1.7,1.7,0.05,0.3,0.3,Matches
153,Emerson Palmieri,itITA,DF,West Ham,30-273,1994.0,22.4,2,16,7,43.8,0.71,0.31,0.13,0.29,19.0,3,0,0,2.0,2.0,0.12,0.0,0.0,Matches
154,Emi Buendía,arARG,"MF,FW",Aston Villa,28-129,1996.0,1.1,0,5,0,0.0,4.59,0.0,0.0,,19.1,1,0,0,0.7,0.7,0.13,-0.7,-0.7,Matches
155,Emil Krafth,seSWE,DF,Newcastle Utd,30-274,1994.0,3.2,0,1,0,0.0,0.31,0.0,0.0,,14.6,0,0,0,0.0,0.0,0.03,0.0,0.0,Matches
156,Emile Smith Rowe,engENG,MF,Fulham,24-279,2000.0,20.6,6,34,10,29.4,1.65,0.49,0.18,0.6,15.4,0,0,0,4.4,4.4,0.13,1.6,1.6,Matches
157,Emiliano Martínez,arARG,GK,Aston Villa,32-243,1992.0,32.0,0,0,0,,0.0,0.0,,,,0,0,0,0.0,0.0,,0.0,0.0,Matches
158,Emmanuel Agbadou,ciCIV,DF,Wolves,27-320,1997.0,12.7,0,6,1,16.7,0.47,0.08,0.0,0.0,31.8,1,0,0,0.3,0.3,0.05,-0.3,-0.3,Matches
159,Enes Ünal,trTUR,"FW,MF",Bournemouth,27-358,1997.0,3.8,2,20,7,35.0,5.22,1.83,0.1,0.29,14.6,3,0,0,2.7,2.7,0.14,-0.7,-0.7,Matches
160,Enzo Fernández,arARG,MF,Chelsea,24-106,2001.0,28.8,5,49,18,36.7,1.7,0.63,0.1,0.28,18.6,2,0,0,5.4,5.4,0.11,-0.4,-0.4,Matches
161,Eric da Silva Moreira,deGER,"MF,DF",Nott'ham Forest,19-000,2006.0,0.3,0,0,0,,0.0,0.0,,,,0,0,0,0.0,0.0,,0.0,0.0,Matches
162,Erling Haaland,noNOR,FW,Manchester City,24-286,2000.0,27.6,21,99,54,54.5,3.59,1.96,0.19,0.35,12.2,1,2,3,20.8,18.4,0.19,0.2,0.6,Matches
163,Ethan Nwaneri,engENG,"FW,MF",Arsenal,18-043,2007.0,9.1,4,22,8,36.4,2.43,0.88,0.18,0.5,18.2,1,0,0,1.1,1.1,0.05,2.9,2.9,Matches
164,Ethan Pinnock,jmJAM,DF,Brentford,31-339,1993.0,21.3,2,10,6,60.0,0.47,0.28,0.2,0.33,11.1,0,0,0,1.1,1.1,0.11,0.9,0.9,Matches
165,Evan Ferguson,ieIRL,FW,Brighton,20-196,2004.0,2.7,1,7,2,28.6,2.56,0.73,0.14,0.5,19.2,1,0,0,0.5,0.5,0.08,0.5,0.5,Matches
166,Evan Ferguson,ieIRL,FW,West Ham,20-196,2004.0,1.6,0,5,1,20.0,3.1,0.62,0.0,0.0,17.2,0,0,0,0.6,0.6,0.11,-0.6,-0.6,Matches
167,Evanilson,brBRA,FW,Bournemouth,25-209,1999.0,21.9,9,62,28,45.2,2.83,1.28,0.15,0.32,12.9,0,0,1,11.0,10.2,0.17,-2.0,-1.2,Matches
168,Ezri Konsa,engENG,DF,Aston Villa,27-192,1997.0,28.6,1,9,3,33.3,0.31,0.1,0.11,0.33,9.1,0,0,0,0.9,0.9,0.1,0.1,0.1,Matches
169,Fabian Schär,chSUI,DF,Newcastle Utd,33-134,1991.0,28.6,4,29,10,34.5,1.01,0.35,0.14,0.4,21.8,3,0,0,2.1,2.1,0.07,1.9,1.9,Matches
170,Fabio Carvalho,ptPOR,"FW,MF",Brentford,22-246,2002.0,5.1,2,12,5,41.7,2.37,0.99,0.17,0.4,14.7,0,0,0,2.5,2.5,0.21,-0.5,-0.5,Matches
171,Facundo Buonanotte,arARG,"FW,MF",Leicester City,20-131,2004.0,16.4,4,34,10,29.4,2.08,0.61,0.12,0.4,17.8,0,0,0,3.8,3.8,0.11,0.2,0.2,Matches
172,Federico Chiesa,itITA,FW,Liverpool,27-190,1997.0,0.4,0,4,2,50.0,9.73,4.86,0.0,0.0,20.1,0,0,0,0.2,0.2,0.06,-0.2,-0.2,Matches
173,Ferdi Kadioglu,trTUR,"DF,MF",Brighton,25-208,1999.0,4.3,1,4,1,25.0,0.94,0.23,0.25,1.0,15.1,0,0,0,0.4,0.4,0.11,0.6,0.6,Matches
174,Filip Jørgensen,dkDEN,GK,Chelsea,23-017,2002.0,6.0,0,0,0,,0.0,0.0,,,,0,0,0,0.0,0.0,,0.0,0.0,Matches
175,Flynn Downes,engENG,MF,Southampton,26-103,1999.0,19.9,1,10,3,30.0,0.5,0.15,0.1,0.33,18.7,0,0,0,0.6,0.6,0.06,0.4,0.4,Matches
176,Frank Onyeka,ngNGA,MF,Brentford,27-122,1998.0,0.3,0,0,0,,0.0,0.0,,,,0,0,0,0.0,0.0,,0.0,0.0,Matches
177,Fraser Forster,engENG,GK,Tottenham,37-047,1988.0,7.0,0,0,0,,0.0,0.0,,,,0,0,0,0.0,0.0,,0.0,0.0,Matches
178,Gabriel Jesus,brBRA,FW,Arsenal,28-030,1997.0,6.8,3,20,7,35.0,2.96,1.04,0.15,0.43,11.1,0,0,0,3.0,3.0,0.15,0.0,0.0,Matches
179,Gabriel Magalhães,brBRA,DF,Arsenal,27-135,1997.0,26.3,3,22,5,22.7,0.84,0.19,0.14,0.6,9.5,0,0,0,2.6,2.6,0.12,0.4,0.4,Matches
180,Gabriel Martinelli,brBRA,"FW,MF",Arsenal,23-319,2001.0,21.7,7,45,19,42.2,2.07,0.87,0.16,0.37,13.0,0,0,0,5.9,5.9,0.13,1.1,1.1,Matches
181,George Edmundson,engENG,DF,Ipswich Town,27-245,1997.0,0.0,0,0,0,,0.0,0.0,,,,0,0,0,0.0,0.0,,0.0,0.0,Matches
182,George Hirst,sctSCO,FW,Ipswich Town,26-077,1999.0,5.2,2,9,4,44.4,1.72,0.77,0.22,0.5,12.0,0,0,0,1.3,1.3,0.14,0.7,0.7,Matches
183,Georginio Rutter,frFRA,"MF,FW",Brighton,23-013,2002.0,18.4,5,50,12,24.0,2.72,0.65,0.1,0.42,15.5,0,0,0,4.6,4.6,0.09,0.4,0.4,Matches
184,Gonçalo Guedes,ptPOR,"MF,FW",Wolves,28-155,1996.0,8.7,2,19,7,36.8,2.18,0.8,0.11,0.29,20.0,0,0,0,2.2,2.2,0.12,-0.2,-0.2,Matches
185,Guglielmo Vicario,itITA,GK,Tottenham,28-208,1996.0,22.0,0,0,0,,0.0,0.0,,,,0,0,0,0.0,0.0,,0.0,0.0,Matches
186,Guido Rodríguez,arARG,MF,West Ham,31-021,1994.0,11.3,0,8,1,12.5,0.71,0.09,0.0,0.0,27.8,0,0,0,0.2,0.2,0.03,-0.2,-0.2,Matches
187,Gustavo Nunes,brBRA,"MF,FW",Brentford,19-164,2005.0,0.0,0,0,0,,0.0,0.0,,,,0,0,0,0.0,0.0,,0.0,0.0,Matches
188,Hamza Choudhury,bdBAN,"MF,DF",Leicester City,27-214,1997.0,1.5,0,0,0,,0.0,0.0,,,,0,0,0,0.0,0.0,,0.0,0.0,Matches
189,Harrison Armstrong,engENG,MF,Everton,18-104,2007.0,0.5,0,1,0,0.0,1.87,0.0,0.0,,5.8,0,0,0,0.4,0.4,0.37,-0.4,-0.4,Matches
190,Harrison Reed,engENG,MF,Fulham,30-096,1995.0,1.0,0,3,2,66.7,2.9,1.94,0.0,0.0,21.7,0,0,0,0.2,0.2,0.08,-0.2,-0.2,Matches
191,Harry Amass,engENG,DF,Manchester Utd,18-048,2007.0,1.8,0,1,0,0.0,0.54,0.0,0.0,,29.6,0,0,0,0.0,0.0,0.03,0.0,0.0,Matches
192,Harry Clarke,engENG,DF,Ipswich Town,24-062,2001.0,4.2,0,1,1,100.0,0.24,0.24,0.0,0.0,4.5,0,0,0,0.1,0.1,0.08,-0.1,-0.1,Matches
193,Harry Maguire,engENG,DF,Manchester Utd,32-059,1993.0,16.5,1,12,5,41.7,0.73,0.3,0.08,0.2,7.9,0,0,0,1.4,1.4,0.12,-0.4,-0.4,Matches
194,Harry Toffolo,engENG,DF,Nott'ham Forest,29-257,1995.0,1.5,0,1,0,0.0,0.66,0.0,0.0,,28.5,0,0,0,0.0,0.0,0.02,0.0,0.0,Matches
195,Harry Wilson,wlsWAL,"FW,MF",Fulham,28-042,1997.0,10.4,5,29,9,31.0,2.79,0.86,0.17,0.56,17.7,1,0,0,3.2,3.2,0.11,1.8,1.8,Matches
196,Harry Winks,engENG,MF,Leicester City,29-090,1996.0,17.1,0,10,4,40.0,0.59,0.23,0.0,0.0,29.2,0,0,0,0.2,0.2,0.02,-0.2,-0.2,Matches
197,Harvey Barnes,engENG,FW,Newcastle Utd,27-145,1997.0,15.7,9,52,16,30.8,3.31,1.02,0.17,0.56,14.7,0,0,0,6.3,6.3,0.12,2.7,2.7,Matches
198,Harvey Elliott,engENG,"MF,FW",Liverpool,22-029,2003.0,2.2,0,11,2,18.2,4.97,0.9,0.0,0.0,16.7,0,0,0,0.7,0.7,0.07,-0.7,-0.7,Matches
199,Hwang Hee-chan,krKOR,"MF,FW",Wolves,29-097,1996.0,7.2,2,5,3,60.0,0.69,0.41,0.4,0.67,17.4,0,0,0,0.8,0.8,0.16,1.2,1.2,Matches
200,Hákon Rafn Valdimarsson,isISL,GK,Brentford,23-202,2001.0,1.6,0,0,0,,0.0,0.0,,,,0,0,0,0.0,0.0,,0.0,0.0,Matches
201,Ian Maatsen,nlNED,DF,Aston Villa,23-054,2002.0,9.9,1,16,5,31.3,1.62,0.51,0.06,0.2,22.7,0,0,0,0.7,0.7,0.05,0.3,0.3,Matches
202,Ibrahim Sangaré,ciCIV,MF,Nott'ham Forest,27-152,1997.0,3.3,0,1,1,100.0,0.31,0.31,0.0,0.0,32.0,0,0,0,0.0,0.0,0.02,0.0,0.0,Matches
203,Ibrahima Konaté,frFRA,DF,Liverpool,25-343,1999.0,25.8,1,18,3,16.7,0.7,0.12,0.06,0.33,10.5,0,0,0,1.7,1.7,0.1,-0.7,-0.7,Matches
204,Idrissa Gana Gueye,snSEN,MF,Everton,35-219,1989.0,30.1,0,27,5,18.5,0.9,0.17,0.0,0.0,25.2,0,0,0,1.1,1.1,0.04,-1.1,-1.1,Matches
205,Igor,brBRA,DF,Brighton,27-085,1998.0,10.0,0,1,0,0.0,0.1,0.0,0.0,,14.1,0,0,0,0.0,0.0,0.05,0.0,0.0,Matches
206,Iliman Ndiaye,snSEN,FW,Everton,25-058,2000.0,24.0,7,31,13,41.9,1.29,0.54,0.16,0.38,17.3,0,2,2,5.2,3.6,0.12,1.8,1.4,Matches
207,Illia Zabarnyi,uaUKR,DF,Bournemouth,22-244,2002.0,30.6,0,10,0,0.0,0.33,0.0,0.0,,9.8,0,0,0,1.1,1.1,0.11,-1.1,-1.1,Matches
208,Ismaila Sarr,snSEN,"MF,FW",Crystal Palace,27-067,1998.0,26.6,7,48,24,50.0,1.81,0.9,0.15,0.29,13.3,0,0,0,8.7,8.7,0.19,-1.7,-1.7,Matches
209,Issa Diop,frFRA,DF,Fulham,28-114,1997.0,14.9,0,5,2,40.0,0.34,0.13,0.0,0.0,10.7,0,0,0,0.5,0.5,0.11,-0.5,-0.5,Matches
210,Jack Clarke,engENG,"FW,MF",Ipswich Town,24-161,2000.0,11.5,0,14,2,14.3,1.22,0.17,0.0,0.0,19.4,0,0,0,1.0,1.0,0.07,-1.0,-1.0,Matches
211,Jack Grealish,engENG,"FW,MF",Manchester City,29-235,1995.0,8.0,1,15,5,33.3,1.87,0.62,0.07,0.2,16.3,0,0,0,1.1,1.1,0.08,-0.1,-0.1,Matches
212,Jack Harrison,engENG,FW,Everton,28-164,1996.0,21.0,1,27,6,22.2,1.29,0.29,0.04,0.17,16.3,0,0,0,3.3,3.3,0.12,-2.3,-2.3,Matches
213,Jack Hinshelwood,engENG,"DF,MF",Brighton,20-022,2005.0,18.6,2,14,6,42.9,0.75,0.32,0.14,0.33,14.3,0,0,0,1.5,1.5,0.1,0.5,0.5,Matches
214,Jack Stephens,engENG,DF,Southampton,31-096,1994.0,12.9,1,4,2,50.0,0.31,0.15,0.25,0.5,11.0,0,0,0,0.6,0.6,0.14,0.4,0.4,Matches
215,Jack Taylor,ieIRL,MF,Ipswich Town,26-314,1998.0,7.6,1,17,4,23.5,2.23,0.53,0.06,0.25,23.0,0,0,0,0.7,0.7,0.04,0.3,0.3,Matches
216,Jacob Greaves,engENG,DF,Ipswich Town,24-233,2000.0,20.5,1,8,4,50.0,0.39,0.2,0.13,0.25,8.3,0,0,0,1.2,1.2,0.16,-0.2,-0.2,Matches
217,Jacob Murphy,engENG,FW,Newcastle Utd,30-068,1995.0,23.2,8,41,15,36.6,1.77,0.65,0.2,0.53,18.1,0,0,0,5.6,5.6,0.14,2.4,2.4,Matches
218,Jacob Ramsey,engENG,"FW,MF",Aston Villa,23-340,2001.0,16.5,1,17,4,23.5,1.03,0.24,0.06,0.25,16.1,0,0,0,1.4,1.4,0.08,-0.4,-0.4,Matches
219,Jaden Philogene Bidace,engENG,"FW,MF",Aston Villa,23-084,2002.0,3.7,0,7,0,0.0,1.9,0.0,0.0,,16.0,0,0,0,0.5,0.5,0.07,-0.5,-0.5,Matches
220,Jaden Philogene Bidace,engENG,"FW,DF",Ipswich Town,23-084,2002.0,5.3,2,12,5,41.7,2.28,0.95,0.17,0.4,16.4,0,0,0,2.0,2.0,0.17,0.0,0.0,Matches
221,Jadon Sancho,engENG,FW,Chelsea,25-039,2000.0,18.5,3,23,7,30.4,1.24,0.38,0.13,0.43,15.3,0,0,0,2.0,2.0,0.09,1.0,1.0,Matches
222,Jahmai Simpson-Pusey,engENG,DF,Manchester City,19-180,2005.0,1.1,0,0,0,,0.0,0.0,,,,0,0,0,0.0,0.0,,0.0,0.0,Matches
223,Jake Evans,,FW,Leicester City,,,0.0,0,0,0,,0.0,0.0,,,,0,0,0,0.0,0.0,,0.0,0.0,Matches
224,Jake O'Brien,ieIRL,DF,Everton,23-353,2001.0,14.5,2,5,3,60.0,0.35,0.21,0.4,0.67,11.5,0,0,0,0.7,0.7,0.14,1.3,1.3,Matches
225,Jakub Kiwior,plPOL,DF,Arsenal,25-077,2000.0,8.5,1,3,1,33.3,0.35,0.12,0.33,1.0,18.5,0,0,0,0.2,0.2,0.06,0.8,0.8,Matches
226,Jakub Moder,plPOL,MF,Brighton,26-026,1999.0,0.1,0,0,0,,0.0,0.0,,,,0,0,0,0.0,0.0,,0.0,0.0,Matches
227,Jakub Stolarczyk,plPOL,GK,Leicester City,24-135,2000.0,6.0,0,0,0,,0.0,0.0,,,,0,0,0,0.0,0.0,,0.0,0.0,Matches
228,James Bree,engENG,DF,Southampton,27-204,1997.0,9.9,0,4,1,25.0,0.4,0.1,0.0,0.0,22.7,0,0,0,0.1,0.1,0.03,-0.1,-0.1,Matches
229,James Garner,engENG,"MF,DF",Everton,24-051,2001.0,13.7,0,7,2,28.6,0.51,0.15,0.0,0.0,24.1,1,0,0,0.3,0.3,0.04,-0.3,-0.3,Matches
230,James Hill,engENG,DF,Bournemouth,23-113,2002.0,5.0,0,6,0,0.0,1.21,0.0,0.0,,13.9,0,0,0,0.3,0.3,0.05,-0.3,-0.3,Matches
231,James Justin,engENG,DF,Leicester City,27-069,1998.0,28.7,2,24,6,25.0,0.84,0.21,0.08,0.33,16.0,2,0,0,1.5,1.5,0.06,0.5,0.5,Matches
232,James Maddison,engENG,MF,Tottenham,28-161,1996.0,20.1,9,39,17,43.6,1.94,0.85,0.23,0.53,16.7,6,0,0,5.8,5.8,0.15,3.2,3.2,Matches
233,James Mcatee,engENG,"MF,FW",Manchester City,22-197,2002.0,3.4,3,12,4,33.3,3.55,1.18,0.25,0.75,14.3,0,0,0,2.8,2.8,0.23,0.2,0.2,Matches
234,James Milner,engENG,MF,Brighton,39-119,1986.0,1.9,0,2,0,0.0,1.07,0.0,0.0,,16.0,0,0,0,0.2,0.2,0.08,-0.2,-0.2,Matches
235,James Tarkowski,engENG,DF,Everton,32-165,1992.0,32.5,1,15,4,26.7,0.46,0.12,0.07,0.25,8.4,0,0,0,1.3,1.3,0.09,-0.3,-0.3,Matches
236,James Ward-Prowse,engENG,MF,Nott'ham Forest,30-183,1994.0,4.4,0,2,1,50.0,0.45,0.23,0.0,0.0,29.0,1,0,0,0.1,0.1,0.03,-0.1,-0.1,Matches
237,James Ward-Prowse,engENG,MF,West Ham,30-183,1994.0,8.9,0,7,2,28.6,0.79,0.22,0.0,0.0,20.7,2,0,0,0.5,0.5,0.08,-0.5,-0.5,Matches
238,Jamie Vardy,engENG,FW,Leicester City,38-112,1987.0,28.6,7,50,20,40.0,1.75,0.7,0.12,0.3,12.2,0,1,2,10.2,8.7,0.17,-3.2,-2.7,Matches
239,Jan Bednarek,plPOL,DF,Southampton,29-021,1996.0,26.1,2,5,2,40.0,0.19,0.08,0.4,1.0,16.0,0,0,0,0.7,0.7,0.13,1.3,1.3,Matches
240,Jan Paul van Hecke,nlNED,DF,Brighton,24-329,2000.0,28.9,1,16,5,31.3,0.55,0.17,0.06,0.2,14.1,0,0,0,1.3,1.3,0.08,-0.3,-0.3,Matches
241,Jannik Vestergaard,dkDEN,DF,Leicester City,32-273,1992.0,15.5,0,3,2,66.7,0.19,0.13,0.0,0.0,9.7,0,0,0,0.1,0.1,0.03,-0.1,-0.1,Matches
242,Jarell Quansah,engENG,DF,Liverpool,22-094,2003.0,3.5,0,1,0,0.0,0.29,0.0,0.0,,8.9,0,0,0,0.1,0.1,0.1,-0.1,-0.1,Matches
243,Jarrad Branthwaite,engENG,DF,Everton,22-310,2002.0,25.1,0,8,3,37.5,0.32,0.12,0.0,0.0,8.2,0,0,0,1.1,1.1,0.14,-1.1,-1.1,Matches
244,Jarrod Bowen,engENG,"FW,MF",West Ham,28-134,1996.0,29.2,9,75,30,40.0,2.57,1.03,0.11,0.27,17.8,1,1,1,7.4,6.7,0.09,1.6,1.3,Matches
245,Jason Steele,engENG,GK,Brighton,34-258,1990.0,2.0,0,0,0,,0.0,0.0,,,,0,0,0,0.0,0.0,,0.0,0.0,Matches
246,Jay Robinson,engENG,MF,Southampton,18-049,2007.0,0.0,0,0,0,,0.0,0.0,,,,0,0,0,0.0,0.0,,0.0,0.0,Matches
247,Jay Stansfield,engENG,MF,Fulham,22-160,2002.0,0.0,0,0,0,,0.0,0.0,,,,0,0,0,0.0,0.0,,0.0,0.0,Matches
248,Jayden Danns,engENG,MF,Liverpool,19-107,2006.0,0.1,0,0,0,,0.0,0.0,,,,0,0,0,0.0,0.0,,0.0,0.0,Matches
249,Jayden Meghoma,engENG,DF,Brentford,18-309,2006.0,0.1,0,0,0,,0.0,0.0,,,,0,0,0,0.0,0.0,,0.0,0.0,Matches
250,Jean-Clair Todibo,frFRA,DF,West Ham,25-124,1999.0,16.5,0,4,0,0.0,0.24,0.0,0.0,,14.6,0,0,0,0.2,0.2,0.04,-0.2,-0.2,Matches
251,Jean-Philippe Mateta,frFRA,FW,Crystal Palace,27-309,1997.0,27.1,14,60,25,41.7,2.21,0.92,0.2,0.48,15.6,0,2,2,12.1,10.5,0.18,1.9,1.5,Matches
252,Jean-Ricner Bellegarde,frFRA,"MF,FW",Wolves,26-310,1998.0,17.2,2,20,5,25.0,1.16,0.29,0.1,0.4,21.7,2,0,0,1.3,1.3,0.07,0.7,0.7,Matches
253,Jefferson Lerma,coCOL,"MF,DF",Crystal Palace,30-190,1994.0,22.6,0,24,7,29.2,1.06,0.31,0.0,0.0,19.4,0,0,0,1.0,1.0,0.04,-1.0,-1.0,Matches
254,Jeffrey Schlupp,ghGHA,"MF,DF",Crystal Palace,32-131,1992.0,1.1,0,4,2,50.0,3.5,1.75,0.0,0.0,17.7,0,0,0,0.2,0.2,0.04,-0.2,-0.2,Matches
255,Jens Cajuste,seSWE,MF,Ipswich Town,25-266,1999.0,19.7,1,10,1,10.0,0.51,0.05,0.1,1.0,21.3,0,0,0,0.5,0.5,0.05,0.5,0.5,Matches
256,Jeremy Doku,beBEL,"FW,MF",Manchester City,22-341,2002.0,15.5,3,24,9,37.5,1.55,0.58,0.13,0.33,18.2,0,0,0,1.0,1.0,0.04,2.0,2.0,Matches
257,Jeremy Monga,,FW,Leicester City,,,0.3,0,0,0,,0.0,0.0,,,,0,0,0,0.0,0.0,,0.0,0.0,Matches
258,Jeremy Sarmiento,ecECU,MF,Brighton,22-321,2002.0,0.1,0,0,0,,0.0,0.0,,,,0,0,0,0.0,0.0,,0.0,0.0,Matches
259,Jesper Lindstrøm,dkDEN,FW,Everton,25-063,2000.0,13.8,0,28,10,35.7,2.03,0.73,0.0,0.0,21.0,6,0,0,2.1,2.1,0.08,-2.1,-2.1,Matches
260,Joachim Andersen,dkDEN,DF,Crystal Palace,28-337,1996.0,1.0,0,1,1,100.0,1.0,1.0,0.0,0.0,25.2,0,0,0,0.0,0.0,0.04,0.0,0.0,Matches
261,Joachim Andersen,dkDEN,DF,Fulham,28-337,1996.0,24.7,0,16,4,25.0,0.65,0.16,0.0,0.0,15.7,0,0,0,0.9,0.9,0.06,-0.9,-0.9,Matches
262,Joe Aribo,ngNGA,"MF,DF",Southampton,28-286,1996.0,21.2,3,17,7,41.2,0.8,0.33,0.18,0.43,14.0,0,0,0,2.7,2.7,0.16,0.3,0.3,Matches
263,Joe Gomez,engENG,DF,Liverpool,27-345,1997.0,5.8,0,3,2,66.7,0.52,0.35,0.0,0.0,11.9,0,0,0,0.3,0.3,0.11,-0.3,-0.3,Matches
264,Joe Lumley,engENG,GK,Southampton,30-077,1995.0,3.0,0,0,0,,0.0,0.0,,,,0,0,0,0.0,0.0,,0.0,0.0,Matches
265,Joe Willock,engENG,"MF,FW",Newcastle Utd,25-256,1999.0,10.6,0,16,3,18.8,1.51,0.28,0.0,0.0,15.7,0,0,0,1.5,1.5,0.09,-1.5,-1.5,Matches
266,Joel Ward,engENG,DF,Crystal Palace,35-186,1989.0,0.0,0,0,0,,0.0,0.0,,,,0,0,0,0.0,0.0,,0.0,0.0,Matches
267,Joelinton,brBRA,"MF,FW",Newcastle Utd,28-262,1996.0,26.6,4,45,13,28.9,1.69,0.49,0.09,0.31,14.0,0,0,0,3.9,3.9,0.09,0.1,0.1,Matches
268,John McGinn,sctSCO,"MF,FW",Aston Villa,30-197,1994.0,22.1,1,26,5,19.2,1.17,0.23,0.04,0.2,16.2,1,0,0,2.9,2.6,0.1,-1.9,-1.6,Matches
269,John Stones,engENG,"DF,MF",Manchester City,30-340,1994.0,6.1,2,2,2,100.0,0.33,0.33,1.0,1.0,5.1,0,0,0,0.4,0.4,0.22,1.6,1.6,Matches
270,Jonny Evans,nirNIR,DF,Manchester Utd,37-120,1988.0,3.2,0,1,0,0.0,0.31,0.0,0.0,,8.4,0,0,0,0.1,0.1,0.1,-0.1,-0.1,Matches
271,Jordan Ayew,ghGHA,"FW,MF",Leicester City,33-234,1991.0,15.1,4,26,7,26.9,1.73,0.46,0.12,0.43,18.4,3,1,1,2.9,2.1,0.08,1.1,0.9,Matches
272,Jordan Ayew,ghGHA,"FW,MF",Crystal Palace,33-234,1991.0,0.2,0,1,0,0.0,4.29,0.0,0.0,,5.5,0,0,0,0.5,0.5,0.46,-0.5,-0.5,Matches
273,Jordan Pickford,engENG,GK,Everton,31-057,1994.0,34.0,0,0,0,,0.0,0.0,,,,0,0,0,0.0,0.0,,0.0,0.0,Matches
274,Jorge Cuenca,esESP,DF,Fulham,25-167,1999.0,2.9,0,1,0,0.0,0.35,0.0,0.0,,13.1,0,0,0,0.0,0.0,0.02,0.0,0.0,Matches
275,Jorginho,itITA,MF,Arsenal,33-134,1991.0,7.8,0,2,0,0.0,0.26,0.0,0.0,,23.2,0,0,0,0.1,0.1,0.03,-0.1,-0.1,Matches
276,Joshua Acheampong,engENG,DF,Chelsea,18-363,2006.0,1.9,0,2,0,0.0,1.06,0.0,0.0,,8.9,0,0,0,0.2,0.2,0.11,-0.2,-0.2,Matches
277,Joshua King,engENG,"MF,FW",Fulham,18-120,2007.0,0.9,0,1,0,0.0,1.13,0.0,0.0,,5.3,0,0,0,0.2,0.2,0.2,-0.2,-0.2,Matches
278,Joshua Zirkzee,nlNED,"FW,MF",Manchester Utd,23-346,2001.0,15.6,3,28,11,39.3,1.8,0.71,0.11,0.27,13.1,0,0,0,4.8,4.8,0.17,-1.8,-1.8,Matches
279,José Sá,ptPOR,GK,Wolves,32-106,1993.0,27.0,0,0,0,,0.0,0.0,,,,0,0,0,0.0,0.0,,0.0,0.0,Matches
280,Jota Silva,ptPOR,"FW,MF",Nott'ham Forest,25-275,1999.0,9.4,3,22,7,31.8,2.35,0.75,0.14,0.43,14.5,0,0,0,2.0,2.0,0.09,1.0,1.0,Matches
281,João Félix,ptPOR,"FW,MF",Chelsea,25-174,1999.0,4.1,1,20,5,25.0,4.88,1.22,0.05,0.2,15.9,0,0,0,2.2,2.2,0.11,-1.2,-1.2,Matches
282,João Gomes,brBRA,MF,Wolves,24-080,2001.0,30.9,3,33,7,21.2,1.07,0.23,0.09,0.43,18.1,0,0,0,2.7,2.7,0.08,0.3,0.3,Matches
283,João Pedro,brBRA,"FW,MF",Brighton,23-219,2001.0,21.6,10,42,15,35.7,1.94,0.69,0.12,0.33,17.2,0,5,5,8.9,5.0,0.12,1.1,0.0,Matches
284,Joël Veltman,nlNED,DF,Brighton,33-108,1992.0,18.3,0,6,1,16.7,0.33,0.05,0.0,0.0,19.7,0,0,0,0.5,0.5,0.08,-0.5,-0.5,Matches
285,Joško Gvardiol,hrCRO,DF,Manchester City,23-100,2002.0,33.4,5,37,11,29.7,1.11,0.33,0.14,0.45,13.0,0,0,0,4.4,4.0,0.11,0.6,1.0,Matches
286,Julian Araujo,mxMEX,DF,Bournemouth,23-263,2001.0,4.0,0,0,0,,0.0,0.0,,,,0,0,0,0.0,0.0,,0.0,0.0,Matches
287,Julio Enciso,pyPAR,"MF,FW",Brighton,21-100,2004.0,3.3,0,20,11,55.0,6.12,3.37,0.0,0.0,21.3,1,0,0,1.0,1.0,0.05,-1.0,-1.0,Matches
288,Julio Enciso,pyPAR,"FW,MF",Ipswich Town,21-100,2004.0,6.9,1,20,7,35.0,2.9,1.02,0.05,0.14,22.7,1,0,0,1.2,1.2,0.06,-0.2,-0.2,Matches
289,Julio Soler,arARG,FW,Bournemouth,20-076,2005.0,0.0,0,0,0,,0.0,0.0,,,,0,0,0,0.0,0.0,,0.0,0.0,Matches
290,Jurriën Timber,nlNED,DF,Arsenal,23-320,2001.0,26.9,1,14,4,28.6,0.52,0.15,0.07,0.25,14.1,0,0,0,1.2,1.2,0.09,-0.2,-0.2,Matches
291,Justin Devenny,nirNIR,MF,Crystal Palace,21-204,2003.0,4.8,1,8,4,50.0,1.68,0.84,0.13,0.25,21.2,1,0,0,0.7,0.7,0.08,0.3,0.3,Matches
292,Justin Kluivert,nlNED,"MF,FW",Bournemouth,25-363,1999.0,23.3,12,51,22,43.1,2.19,0.94,0.12,0.27,20.3,0,6,6,9.9,5.2,0.1,2.1,0.8,Matches
293,Jáder Durán,coCOL,FW,Aston Villa,21-141,2003.0,7.1,7,31,15,48.4,4.37,2.12,0.23,0.47,15.6,0,0,0,4.9,4.9,0.16,2.1,2.1,Matches
294,Jørgen Strand Larsen,noNOR,FW,Wolves,25-086,2000.0,27.4,13,53,32,60.4,1.94,1.17,0.25,0.41,11.4,0,0,0,10.0,10.0,0.19,3.0,3.0,Matches
295,Kaelan Casey,engENG,DF,West Ham,20-187,2004.0,0.0,0,0,0,,0.0,0.0,,,,0,0,0,0.0,0.0,,0.0,0.0,Matches
296,Kai Havertz,deGER,"FW,MF",Arsenal,25-326,1999.0,20.4,9,52,21,40.4,2.54,1.03,0.17,0.43,11.7,0,0,0,9.4,9.4,0.18,-0.4,-0.4,Matches
297,Kalvin Phillips,engENG,MF,Ipswich Town,29-152,1995.0,13.5,0,10,2,20.0,0.74,0.15,0.0,0.0,24.2,3,0,0,0.4,0.4,0.04,-0.4,-0.4,Matches
298,Kamaldeen Sulemana,ghGHA,"FW,MF",Southampton,23-077,2002.0,12.5,1,25,8,32.0,2.01,0.64,0.04,0.13,18.5,0,0,0,1.3,1.3,0.05,-0.3,-0.3,Matches
299,Kaoru Mitoma,jpJPN,"FW,MF",Brighton,27-348,1997.0,28.0,9,54,25,46.3,1.93,0.89,0.17,0.36,13.9,0,0,0,8.8,8.8,0.16,0.2,0.2,Matches
300,Kasey McAteer,ieIRL,"FW,MF",Leicester City,23-162,2001.0,5.9,0,8,3,37.5,1.36,0.51,0.0,0.0,16.7,0,0,0,0.6,0.6,0.08,-0.6,-0.6,Matches
301,Keane Lewis-Potter,engENG,"DF,FW",Brentford,24-070,2001.0,30.7,1,27,14,51.9,0.88,0.46,0.04,0.07,20.5,1,0,0,2.6,2.6,0.09,-1.6,-1.6,Matches
302,Kenny Tete,nlNED,DF,Fulham,29-206,1995.0,16.0,0,22,2,9.1,1.38,0.13,0.0,0.0,16.1,0,0,0,1.2,1.2,0.06,-1.2,-1.2,Matches
303,Kepa Arrizabalaga,esESP,GK,Bournemouth,30-212,1994.0,27.0,0,1,0,0.0,0.04,0.0,0.0,,9.7,0,0,0,0.1,0.1,0.06,-0.1,-0.1,Matches
304,Kevin Danso,atAUT,DF,Tottenham,26-226,1998.0,5.4,0,6,2,33.3,1.12,0.37,0.0,0.0,17.5,0,0,0,0.4,0.4,0.07,-0.4,-0.4,Matches
305,Kevin De Bruyne,beBEL,"MF,FW",Manchester City,33-309,1991.0,17.1,4,49,14,28.6,2.87,0.82,0.08,0.29,21.7,6,0,0,3.8,3.8,0.08,0.2,0.2,Matches
306,Kevin Schade,deGER,FW,Brentford,23-157,2001.0,22.2,8,46,20,43.5,2.07,0.9,0.17,0.4,11.9,0,0,0,6.5,6.5,0.14,1.5,1.5,Matches
307,Kieran Tierney,sctSCO,"DF,FW",Arsenal,27-332,1997.0,2.0,0,1,0,0.0,0.5,0.0,0.0,,2.6,0,0,0,0.2,0.2,0.21,-0.2,-0.2,Matches
308,Kieran Trippier,engENG,DF,Newcastle Utd,34-226,1990.0,13.2,0,3,0,0.0,0.23,0.0,0.0,,22.2,1,0,0,0.1,0.1,0.03,-0.1,-0.1,Matches
309,Kiernan Dewsbury-Hall,engENG,"MF,FW",Chelsea,26-239,1998.0,2.9,0,1,0,0.0,0.35,0.0,0.0,,7.8,0,0,0,0.2,0.2,0.22,-0.2,-0.2,Matches
310,Kim Jisoo,krKOR,DF,Brentford,20-130,2004.0,0.3,0,0,0,,0.0,0.0,,,,0,0,0,0.0,0.0,,0.0,0.0,Matches
311,Kobbie Mainoo,engENG,MF,Manchester Utd,20-014,2005.0,15.7,0,13,2,15.4,0.83,0.13,0.0,0.0,20.8,0,0,0,0.6,0.6,0.04,-0.6,-0.6,Matches
312,Konstantinos Mavropanos,grGRE,DF,West Ham,27-143,1997.0,21.6,0,18,5,27.8,0.83,0.23,0.0,0.0,14.8,0,0,0,1.5,1.5,0.09,-1.5,-1.5,Matches
313,Kosta Nedeljković,rsSRB,DF,Aston Villa,19-138,2005.0,1.4,0,0,0,,0.0,0.0,,,,0,0,0,0.0,0.0,,0.0,0.0,Matches
314,Kostas Tsimikas,grGRE,DF,Liverpool,28-356,1996.0,7.4,0,4,2,50.0,0.54,0.27,0.0,0.0,16.1,0,0,0,0.4,0.4,0.1,-0.4,-0.4,Matches
315,Kristoffer Ajer,noNOR,DF,Brentford,27-016,1998.0,15.5,0,8,3,37.5,0.52,0.19,0.0,0.0,10.2,0,0,0,0.8,0.8,0.1,-0.8,-0.8,Matches
316,Kyle Walker,engENG,DF,Manchester City,34-340,1990.0,10.8,0,5,2,40.0,0.46,0.19,0.0,0.0,27.7,0,0,0,0.1,0.1,0.03,-0.1,-0.1,Matches
317,Kyle Walker-Peters,engENG,DF,Southampton,28-020,1997.0,31.4,0,20,6,30.0,0.64,0.19,0.0,0.0,18.3,0,0,0,0.8,0.8,0.04,-0.8,-0.8,Matches
318,Lamare Bogarde,nlNED,"DF,MF",Aston Villa,21-118,2004.0,5.3,0,1,1,100.0,0.19,0.19,0.0,0.0,20.2,0,0,0,0.0,0.0,0.04,0.0,0.0,Matches
319,Leandro Trossard,beBEL,FW,Arsenal,30-150,1994.0,25.2,8,66,20,30.3,2.62,0.8,0.12,0.4,16.0,0,0,0,6.6,6.6,0.1,1.4,1.4,Matches
320,Leif Davis,engENG,DF,Ipswich Town,25-111,2000.0,28.5,1,14,2,14.3,0.49,0.07,0.07,0.5,20.4,2,0,0,0.9,0.9,0.06,0.1,0.1,Matches
321,Leny Yoro,frFRA,DF,Manchester Utd,19-171,2005.0,11.9,0,5,1,20.0,0.42,0.08,0.0,0.0,8.6,0,0,0,0.7,0.7,0.15,-0.7,-0.7,Matches
322,Leon Bailey,jmJAM,"FW,MF",Aston Villa,27-267,1997.0,12.6,1,28,6,21.4,2.21,0.47,0.04,0.17,17.3,2,0,0,1.7,1.7,0.06,-0.7,-0.7,Matches
323,Lesley Ugochukwu,frFRA,MF,Southampton,21-038,2004.0,16.1,1,9,1,11.1,0.56,0.06,0.11,1.0,18.4,0,0,0,0.8,0.8,0.09,0.2,0.2,Matches
324,Levi Colwill,engENG,DF,Chelsea,22-066,2003.0,31.0,1,16,3,18.8,0.52,0.1,0.06,0.33,9.9,0,0,0,1.3,1.3,0.08,-0.3,-0.3,Matches
325,Lewis Cook,engENG,"MF,DF",Bournemouth,28-089,1997.0,30.3,1,14,4,28.6,0.46,0.13,0.07,0.25,23.4,1,0,0,0.9,0.9,0.07,0.1,0.1,Matches
326,Lewis Dunk,engENG,DF,Brighton,33-163,1991.0,22.1,0,12,3,25.0,0.54,0.14,0.0,0.0,12.1,1,0,0,0.8,0.8,0.07,-0.8,-0.8,Matches
327,Lewis Hall,engENG,DF,Newcastle Utd,20-237,2004.0,24.3,0,11,1,9.1,0.45,0.04,0.0,0.0,18.8,0,0,0,0.4,0.4,0.04,-0.4,-0.4,Matches
328,Lewis Miley,engENG,MF,Newcastle Utd,19-002,2006.0,2.8,1,3,2,66.7,1.08,0.72,0.33,0.5,14.6,0,0,0,0.5,0.5,0.18,0.5,0.5,Matches
329,Lewis Orford,engENG,MF,West Ham,19-074,2006.0,0.5,0,1,0,0.0,1.84,0.0,0.0,,12.7,0,0,0,0.0,0.0,0.03,0.0,0.0,Matches
330,Liam Delap,engENG,FW,Ipswich Town,22-084,2003.0,26.9,12,62,27,43.5,2.3,1.0,0.16,0.37,15.9,0,2,2,9.1,7.5,0.12,2.9,2.5,Matches
331,Lisandro Martínez,arARG,DF,Manchester Utd,27-105,1998.0,19.5,2,17,6,35.3,0.87,0.31,0.12,0.33,15.9,0,0,0,1.3,1.3,0.08,0.7,0.7,Matches
332,Lloyd Kelly,engENG,DF,Newcastle Utd,26-209,1998.0,3.4,0,3,0,0.0,0.89,0.0,0.0,,7.3,0,0,0,0.4,0.4,0.14,-0.4,-0.4,Matches
333,Lucas Bergvall,seSWE,MF,Tottenham,19-090,2006.0,13.5,0,12,2,16.7,0.89,0.15,0.0,0.0,19.9,0,0,0,0.7,0.7,0.06,-0.7,-0.7,Matches
334,Lucas Digne,frFRA,DF,Aston Villa,31-287,1993.0,24.9,0,13,3,23.1,0.52,0.12,0.0,0.0,22.7,5,0,0,0.8,0.8,0.06,-0.8,-0.8,Matches
335,Lucas Paquetá,brBRA,"MF,FW",West Ham,27-249,1997.0,25.1,4,38,3,7.9,1.52,0.12,0.05,0.67,19.6,4,2,2,5.2,3.6,0.09,-1.2,-1.6,Matches
336,Luis Díaz,coCOL,FW,Liverpool,28-110,1997.0,24.7,12,65,27,41.5,2.63,1.09,0.18,0.44,13.5,0,0,0,10.0,10.0,0.15,2.0,2.0,Matches
337,Luis Guilherme,brBRA,"MF,FW",West Ham,19-083,2006.0,1.5,0,3,1,33.3,1.96,0.65,0.0,0.0,14.9,0,0,0,0.3,0.3,0.1,-0.3,-0.3,Matches
338,Luis Sinisterra,coCOL,"FW,MF",Bournemouth,25-320,1999.0,2.6,1,13,6,46.2,4.96,2.29,0.08,0.17,14.8,0,0,0,1.2,1.2,0.09,-0.2,-0.2,Matches
339,Luke Shaw,engENG,DF,Manchester Utd,29-295,1995.0,1.9,0,1,0,0.0,0.52,0.0,0.0,,23.1,0,0,0,0.0,0.0,0.03,0.0,0.0,Matches
340,Luke Thomas,engENG,DF,Leicester City,23-327,2001.0,8.7,0,3,0,0.0,0.34,0.0,0.0,,18.7,0,0,0,0.1,0.1,0.04,-0.1,-0.1,Matches
341,Luke Woolfenden,engENG,DF,Ipswich Town,26-194,1998.0,12.2,0,1,0,0.0,0.08,0.0,0.0,,12.9,0,0,0,0.0,0.0,0.03,0.0,0.0,Matches
342,Mads Hermansen,dkDEN,GK,Leicester City,24-296,2000.0,26.5,0,0,0,,0.0,0.0,,,,0,0,0,0.0,0.0,,0.0,0.0,Matches
343,Mads Roerslev,dkDEN,DF,Brentford,25-313,1999.0,12.2,0,5,2,40.0,0.41,0.16,0.0,0.0,20.8,0,0,0,0.2,0.2,0.04,-0.2,-0.2,Matches
344,Malo Gusto,frFRA,DF,Chelsea,21-349,2003.0,20.2,0,22,4,18.2,1.09,0.2,0.0,0.0,21.3,0,0,0,1.7,1.7,0.08,-1.7,-1.7,Matches
345,Manuel Akanji,chSUI,DF,Manchester City,29-288,1995.0,19.4,0,10,1,10.0,0.52,0.05,0.0,0.0,16.3,0,0,0,0.7,0.7,0.07,-0.7,-0.7,Matches
346,Manuel Ugarte Ribeiro,uyURU,MF,Manchester Utd,24-022,2001.0,18.0,1,18,3,16.7,1.0,0.17,0.06,0.33,22.0,0,0,0,1.0,1.0,0.05,0.0,0.0,Matches
347,Marc Cucurella,esESP,DF,Chelsea,26-285,1998.0,29.2,4,22,9,40.9,0.75,0.31,0.18,0.44,16.5,0,0,0,2.6,2.6,0.12,1.4,1.4,Matches
348,Marc Guiu,esESP,FW,Chelsea,19-119,2006.0,0.8,0,0,0,,0.0,0.0,,,,0,0,0,0.0,0.0,,0.0,0.0,Matches
349,Marc Guéhi,engENG,DF,Crystal Palace,24-294,2000.0,32.0,3,14,7,50.0,0.44,0.22,0.21,0.43,10.3,0,0,0,1.9,1.9,0.13,1.1,1.1,Matches
350,Marco Asensio,esESP,"MF,FW",Aston Villa,29-102,1996.0,5.3,3,17,8,47.1,3.18,1.5,0.18,0.38,18.9,1,0,2,4.2,2.6,0.15,-1.2,0.4,Matches
351,Marcos Senesi,arARG,DF,Bournemouth,27-358,1997.0,11.3,0,2,0,0.0,0.18,0.0,0.0,,6.0,0,0,0,0.8,0.8,0.4,-0.8,-0.8,Matches
352,Marcus Harness,engENG,MF,Ipswich Town,29-068,1996.0,0.5,0,0,0,,0.0,0.0,,,,0,0,0,0.0,0.0,,0.0,0.0,Matches
353,Marcus Rashford,engENG,FW,Aston Villa,27-184,1997.0,4.9,2,18,5,27.8,3.65,1.01,0.06,0.2,19.4,2,1,1,3.1,2.3,0.13,-1.1,-1.3,Matches
354,Marcus Rashford,engENG,"FW,MF",Manchester Utd,27-184,1997.0,10.9,4,16,9,56.3,1.47,0.83,0.25,0.44,16.4,0,0,0,1.7,1.7,0.11,2.3,2.3,Matches
355,Marcus Tavernier,engENG,"FW,MF",Bournemouth,26-042,1999.0,17.6,3,48,15,31.3,2.73,0.85,0.06,0.2,20.5,4,0,0,5.2,5.2,0.11,-2.2,-2.2,Matches
356,Mario Lemina,gaGAB,"MF,DF",Wolves,31-244,1993.0,15.2,1,18,5,27.8,1.19,0.33,0.06,0.2,21.9,0,0,0,1.4,1.4,0.08,-0.4,-0.4,Matches
357,Mark Flekken,nlNED,GK,Brentford,31-324,1993.0,32.4,0,0,0,,0.0,0.0,,,,0,0,0,0.0,0.0,,0.0,0.0,Matches
358,Mark Travers,ieIRL,GK,Bournemouth,25-350,1999.0,5.0,0,0,0,,0.0,0.0,,,,0,0,0,0.0,0.0,,0.0,0.0,Matches
359,Marshall Munetsi,zwZIM,"MF,FW",Wolves,28-315,1996.0,9.8,1,15,5,33.3,1.54,0.51,0.07,0.2,14.8,0,0,0,3.0,3.0,0.2,-2.0,-2.0,Matches
360,Martial Godo,engENG,FW,Fulham,22-050,2003.0,0.2,0,0,0,,0.0,0.0,,,,0,0,0,0.0,0.0,,0.0,0.0,Matches
361,Martin Dúbravka,skSVK,GK,Newcastle Utd,36-108,1989.0,10.0,0,0,0,,0.0,0.0,,,,0,0,0,0.0,0.0,,0.0,0.0,Matches
362,Martin Ødegaard,noNOR,MF,Arsenal,26-137,1998.0,22.7,2,41,13,31.7,1.81,0.57,0.02,0.08,18.7,2,1,1,4.4,3.7,0.09,-2.4,-2.7,Matches
363,Mason Holgate,engENG,"FW,DF",Everton,28-193,1996.0,0.1,0,0,0,,0.0,0.0,,,,0,0,0,0.0,0.0,,0.0,0.0,Matches
364,Mason Mount,engENG,"MF,FW",Manchester Utd,26-113,1999.0,4.2,0,10,3,30.0,2.41,0.72,0.0,0.0,15.8,0,0,0,1.5,1.5,0.15,-1.5,-1.5,Matches
365,Massimo Luongo,auAUS,MF,Ipswich Town,32-220,1992.0,2.2,0,0,0,,0.0,0.0,,,,0,0,0,0.0,0.0,,0.0,0.0,Matches
366,Mateo Kovačić,hrCRO,MF,Manchester City,30-362,1994.0,22.8,6,41,12,29.3,1.8,0.53,0.15,0.5,22.5,0,0,0,1.7,1.7,0.04,4.3,4.3,Matches
367,Mateus Fernandes,ptPOR,MF,Southampton,20-297,2004.0,28.7,2,38,14,36.8,1.32,0.49,0.05,0.14,18.6,3,0,0,3.7,3.7,0.1,-1.7,-1.7,Matches
368,Matheus Cunha,brBRA,"MF,FW",Wolves,25-341,1999.0,26.9,15,97,40,41.2,3.6,1.48,0.15,0.38,20.6,12,0,0,7.9,7.9,0.08,7.1,7.1,Matches
369,Matheus França,brBRA,"FW,MF",Crystal Palace,21-032,2004.0,0.3,1,3,2,66.7,10.38,6.92,0.33,0.5,12.8,0,0,0,0.1,0.1,0.04,0.9,0.9,Matches
370,Matheus Nunes,ptPOR,"DF,MF",Manchester City,26-249,1998.0,16.6,1,7,3,42.9,0.42,0.18,0.14,0.33,18.3,0,0,0,0.9,0.9,0.13,0.1,0.1,Matches
371,Mathias Jensen,dkDEN,MF,Brentford,29-122,1996.0,8.8,0,6,1,16.7,0.68,0.11,0.0,0.0,23.1,0,0,0,0.2,0.2,0.04,-0.2,-0.2,Matches
372,Mathis Amougou,frFRA,MF,Chelsea,19-105,2006.0,0.1,0,0,0,,0.0,0.0,,,,0,0,0,0.0,0.0,,0.0,0.0,Matches
373,Mathys Tel,frFRA,FW,Tottenham,20-006,2005.0,6.2,2,18,6,33.3,2.9,0.97,0.06,0.17,15.7,0,1,1,2.2,1.4,0.08,-0.2,-0.4,Matches
374,Mats Wieffer,nlNED,"MF,DF",Brighton,25-168,1999.0,7.7,1,8,4,50.0,1.04,0.52,0.13,0.25,12.9,0,0,0,0.7,0.7,0.09,0.3,0.3,Matches
375,Matt Doherty,ieIRL,DF,Wolves,33-107,1992.0,21.8,2,10,3,30.0,0.46,0.14,0.2,0.67,11.4,0,0,0,1.0,1.0,0.1,1.0,1.0,Matches
376,Matt O'Riley,dkDEN,MF,Brighton,24-163,2000.0,8.4,1,20,6,30.0,2.37,0.71,0.05,0.17,16.8,2,0,0,2.0,2.0,0.1,-1.0,-1.0,Matches
377,Matt Targett,engENG,DF,Newcastle Utd,29-227,1995.0,0.2,0,0,0,,0.0,0.0,,,,0,0,0,0.0,0.0,,0.0,0.0,Matches
378,Matthijs de Ligt,nlNED,DF,Manchester Utd,25-264,1999.0,23.2,2,18,9,50.0,0.78,0.39,0.11,0.22,7.9,0,0,0,2.5,2.5,0.14,-0.5,-0.5,Matches
379,Matty Cash,plPOL,DF,Aston Villa,27-269,1997.0,19.0,1,10,4,40.0,0.53,0.21,0.1,0.25,19.0,0,0,0,0.3,0.3,0.03,0.7,0.7,Matches
380,Matz Sels,beBEL,GK,Nott'ham Forest,33-066,1992.0,34.0,0,0,0,,0.0,0.0,,,,0,0,0,0.0,0.0,,0.0,0.0,Matches
381,Max Aarons,engENG,DF,Bournemouth,25-119,2000.0,1.0,0,0,0,,0.0,0.0,,,,0,0,0,0.0,0.0,,0.0,0.0,Matches
382,Max Kilman,engENG,DF,West Ham,27-345,1997.0,33.2,0,11,2,18.2,0.33,0.06,0.0,0.0,8.4,0,0,0,1.4,1.4,0.13,-1.4,-1.4,Matches
383,Maxence Lacroix,frFRA,DF,Crystal Palace,25-027,2000.0,30.6,1,25,5,20.0,0.82,0.16,0.04,0.2,11.8,0,0,0,2.8,2.8,0.11,-1.8,-1.8,Matches
384,Maxwel Cornet,ciCIV,FW,Southampton,28-218,1996.0,0.8,0,1,0,0.0,1.25,0.0,0.0,,18.8,0,0,0,0.2,0.2,0.16,-0.2,-0.2,Matches
385,Michael Kayode,itITA,DF,Brentford,20-297,2004.0,2.3,0,1,0,0.0,0.43,0.0,0.0,,18.5,0,0,0,0.1,0.1,0.08,-0.1,-0.1,Matches
386,Michael Keane,engENG,DF,Everton,32-112,1993.0,9.5,2,8,3,37.5,0.85,0.32,0.25,0.67,14.8,0,0,0,0.4,0.4,0.05,1.6,1.6,Matches
387,Michail Antonio,jmJAM,FW,West Ham,35-036,1990.0,9.3,1,19,4,21.1,2.05,0.43,0.05,0.25,12.6,0,0,0,2.2,2.2,0.12,-1.2,-1.2,Matches
388,Micky van de Ven,nlNED,DF,Tottenham,24-014,2001.0,10.6,0,6,2,33.3,0.57,0.19,0.0,0.0,11.1,0,0,0,0.6,0.6,0.09,-0.6,-0.6,Matches
389,Miguel Almirón,pyPAR,FW,Newcastle Utd,31-082,1994.0,1.7,0,6,2,33.3,3.44,1.15,0.0,0.0,14.2,0,0,0,0.5,0.5,0.09,-0.5,-0.5,Matches
390,Mikel Merino,esESP,"MF,FW",Arsenal,28-315,1996.0,15.6,6,32,12,37.5,2.06,0.77,0.19,0.5,10.5,0,0,0,4.4,4.4,0.14,1.6,1.6,Matches
391,Mikey Moore,engENG,"FW,MF",Tottenham,17-265,2007.0,2.1,0,3,0,0.0,1.46,0.0,0.0,,19.5,0,0,0,0.2,0.2,0.07,-0.2,-0.2,Matches
392,Mikkel Damsgaard,dkDEN,"MF,FW",Brentford,24-304,2000.0,28.6,2,32,7,21.9,1.12,0.24,0.06,0.29,17.5,3,0,0,2.6,2.6,0.08,-0.6,-0.6,Matches
393,Milos Kerkez,huHUN,DF,Bournemouth,21-177,2003.0,33.2,2,17,5,29.4,0.51,0.15,0.12,0.4,20.4,0,0,0,0.5,0.5,0.03,1.5,1.5,Matches
394,Mohamed Salah,egEGY,FW,Liverpool,32-322,1992.0,33.5,28,111,47,42.3,3.32,1.4,0.17,0.4,14.8,1,9,9,23.9,16.9,0.15,4.1,2.1,Matches
395,Mohammed Kudus,ghGHA,"FW,MF",West Ham,24-274,2000.0,25.9,4,67,20,29.9,2.59,0.77,0.06,0.2,15.6,0,0,0,6.5,6.5,0.1,-2.5,-2.5,Matches
396,Moisés Caicedo,ecECU,MF,Chelsea,23-182,2001.0,33.2,1,18,3,16.7,0.54,0.09,0.06,0.33,25.1,0,0,0,0.8,0.8,0.04,0.2,0.2,Matches
397,Morato,brBRA,DF,Nott'ham Forest,23-307,2001.0,8.9,0,2,1,50.0,0.23,0.11,0.0,0.0,8.6,0,0,0,0.2,0.2,0.09,-0.2,-0.2,Matches
398,Morgan Gibbs-White,engENG,MF,Nott'ham Forest,25-096,2000.0,27.2,5,53,18,34.0,1.95,0.66,0.09,0.28,17.0,3,0,0,4.7,4.7,0.09,0.3,0.3,Matches
399,Morgan Rogers,engENG,"FW,MF",Aston Villa,22-281,2002.0,30.7,8,52,19,36.5,1.69,0.62,0.15,0.42,15.8,0,0,0,6.1,6.1,0.12,1.9,1.9,Matches
400,Murillo,brBRA,DF,Nott'ham Forest,22-303,2002.0,32.5,1,23,5,21.7,0.71,0.15,0.04,0.2,22.7,3,0,0,1.4,1.4,0.06,-0.4,-0.4,Matches
401,Mykhailo Mudryk,uaUKR,FW,Chelsea,24-118,2001.0,1.7,0,1,1,100.0,0.6,0.6,0.0,0.0,11.6,0,0,0,0.3,0.3,0.25,-0.3,-0.3,Matches
402,Myles Lewis-Skelly,engENG,DF,Arsenal,18-219,2006.0,12.0,1,2,1,50.0,0.17,0.08,0.5,1.0,14.3,0,0,0,0.1,0.1,0.06,0.9,0.9,Matches
403,Nasser Djiga,bfBFA,"DF,FW",Wolves,22-169,2002.0,0.2,0,0,0,,0.0,0.0,,,,0,0,0,0.0,0.0,,0.0,0.0,Matches
404,Nathan Aké,nlNED,DF,Manchester City,30-074,1995.0,7.5,0,3,0,0.0,0.4,0.0,0.0,,10.0,0,0,0,0.2,0.2,0.07,-0.2,-0.2,Matches
405,Nathan Broadhead,wlsWAL,"MF,FW",Ipswich Town,27-028,1998.0,6.7,1,10,6,60.0,1.49,0.89,0.1,0.17,15.4,0,0,0,1.5,1.5,0.15,-0.5,-0.5,Matches
406,Nathan Butler-Oyedeji,engENG,FW,Arsenal,22-119,2003.0,0.1,0,1,1,100.0,12.86,12.86,0.0,0.0,15.6,0,0,0,0.1,0.1,0.07,-0.1,-0.1,Matches
407,Nathan Collins,ieIRL,DF,Brentford,24-003,2001.0,34.0,2,17,6,35.3,0.5,0.18,0.12,0.33,10.7,0,0,0,2.5,2.5,0.15,-0.5,-0.5,Matches
408,Nathan Patterson,sctSCO,DF,Everton,23-199,2001.0,3.0,0,1,0,0.0,0.34,0.0,0.0,,16.8,0,0,0,0.1,0.1,0.07,-0.1,-0.1,Matches
409,Nathan Wood-Gordon,engENG,DF,Southampton,22-337,2002.0,6.9,0,2,0,0.0,0.29,0.0,0.0,,5.9,0,0,0,0.2,0.2,0.12,-0.2,-0.2,Matches
410,Nathaniel Clyne,engENG,"DF,MF",Crystal Palace,34-028,1991.0,5.4,0,2,0,0.0,0.37,0.0,0.0,,31.4,0,0,0,0.0,0.0,0.01,0.0,0.0,Matches
411,Neco Williams,wlsWAL,DF,Nott'ham Forest,24-020,2001.0,24.8,1,33,6,18.2,1.33,0.24,0.03,0.17,19.7,1,0,0,2.2,2.2,0.07,-1.2,-1.2,Matches
412,Neto,brBRA,GK,Bournemouth,35-288,1989.0,2.0,0,0,0,,0.0,0.0,,,,0,0,0,0.0,0.0,,0.0,0.0,Matches
413,Nick Pope,engENG,GK,Newcastle Utd,33-014,1992.0,24.0,0,0,0,,0.0,0.0,,,,0,0,0,0.0,0.0,,0.0,0.0,Matches
414,Niclas Füllkrug,deGER,FW,West Ham,32-083,1993.0,6.5,3,13,5,38.5,1.99,0.76,0.23,0.6,10.4,0,0,0,1.9,1.9,0.15,1.1,1.1,Matches
415,Nico O’Reilly,engENG,DF,Manchester City,20-043,2005.0,5.7,2,8,3,37.5,1.4,0.53,0.25,0.67,15.4,0,0,0,1.3,1.3,0.16,0.7,0.7,Matches
416,Nicolas Jackson,snSEN,FW,Chelsea,23-317,2001.0,23.5,10,74,32,43.2,3.15,1.36,0.14,0.31,12.7,0,0,0,12.2,12.2,0.17,-2.2,-2.2,Matches
417,Nicolás Domínguez,arARG,"MF,FW",Nott'ham Forest,26-309,1998.0,18.5,0,18,7,38.9,0.97,0.38,0.0,0.0,19.0,0,0,0,1.4,1.4,0.08,-1.4,-1.4,Matches
418,Nicolás González,esESP,MF,Manchester City,23-120,2002.0,7.2,0,7,0,0.0,0.97,0.0,0.0,,19.3,0,0,0,0.3,0.3,0.04,-0.3,-0.3,Matches
419,Nikola Milenković,rsSRB,DF,Nott'ham Forest,27-203,1997.0,33.0,4,26,7,26.9,0.79,0.21,0.15,0.57,12.1,0,0,0,3.6,3.6,0.14,0.4,0.4,Matches
420,Noni Madueke,engENG,FW,Chelsea,23-054,2002.0,19.1,7,73,30,41.1,3.81,1.57,0.1,0.23,14.6,0,0,0,8.2,8.2,0.11,-1.2,-1.2,Matches
421,Noussair Mazraoui,maMAR,DF,Manchester Utd,27-170,1997.0,29.3,0,13,3,23.1,0.44,0.1,0.0,0.0,20.6,0,0,0,0.7,0.7,0.05,-0.7,-0.7,Matches
422,Nélson Semedo,ptPOR,DF,Wolves,31-168,1993.0,29.6,0,16,6,37.5,0.54,0.2,0.0,0.0,23.4,0,0,0,0.8,0.8,0.05,-0.8,-0.8,Matches
423,Odsonne Édouard,frFRA,"MF,FW",Crystal Palace,27-107,1998.0,1.3,0,5,1,20.0,3.91,0.78,0.0,0.0,20.9,0,0,0,0.4,0.4,0.08,-0.4,-0.4,Matches
424,Odsonne Édouard,frFRA,FW,Leicester City,27-107,1998.0,0.3,0,0,0,,0.0,0.0,,,,0,0,0,0.0,0.0,,0.0,0.0,Matches
425,Ola Aina,ngNGA,DF,Nott'ham Forest,28-207,1996.0,29.4,2,9,2,22.2,0.31,0.07,0.22,1.0,24.8,0,0,0,0.6,0.6,0.07,1.4,1.4,Matches
426,Oleksandr Zinchenko,uaUKR,"DF,MF",Arsenal,28-139,1996.0,5.0,0,6,0,0.0,1.2,0.0,0.0,,18.0,1,0,0,0.3,0.3,0.05,-0.3,-0.3,Matches
427,Oliver Scarles,engENG,DF,West Ham,19-142,2005.0,6.6,0,3,0,0.0,0.45,0.0,0.0,,20.2,0,0,0,0.1,0.1,0.04,-0.1,-0.1,Matches
428,Oliver Skipp,engENG,MF,Leicester City,24-229,2000.0,10.1,0,4,1,25.0,0.4,0.1,0.0,0.0,21.0,0,0,0,0.2,0.2,0.04,-0.2,-0.2,Matches
429,Ollie Watkins,engENG,FW,Aston Villa,29-124,1995.0,25.1,15,76,32,42.1,3.02,1.27,0.17,0.41,12.2,0,2,2,14.5,13.0,0.17,0.5,0.0,Matches
430,Omar Marmoush,egEGY,"FW,MF",Manchester City,26-085,1999.0,11.1,6,38,16,42.1,3.43,1.44,0.16,0.38,18.0,5,0,0,4.8,4.8,0.13,1.2,1.2,Matches
431,Omari Hutchinson,engENG,"MF,FW",Ipswich Town,21-185,2003.0,24.7,3,36,16,44.4,1.46,0.65,0.08,0.19,20.8,4,0,0,2.3,2.3,0.06,0.7,0.7,Matches
432,Orel Mangala,beBEL,MF,Everton,27-046,1998.0,14.0,1,16,6,37.5,1.14,0.43,0.06,0.17,22.1,0,0,0,1.1,1.1,0.07,-0.1,-0.1,Matches
433,Oscar Bobb,noNOR,FW,Manchester City,21-295,2003.0,0.2,0,0,0,,0.0,0.0,,,,0,0,0,0.0,0.0,,0.0,0.0,Matches
434,Pablo Sarabia,esESP,"MF,FW",Wolves,32-357,1992.0,8.0,3,17,8,47.1,2.14,1.01,0.18,0.38,18.9,2,0,0,2.9,2.9,0.17,0.1,0.1,Matches
435,Pape Matar Sarr,snSEN,MF,Tottenham,22-231,2002.0,18.2,3,31,13,41.9,1.71,0.72,0.1,0.23,21.7,0,0,0,3.3,3.3,0.11,-0.3,-0.3,Matches
436,Patrick Dorgu,dkDEN,DF,Manchester Utd,20-189,2004.0,6.5,0,9,2,22.2,1.38,0.31,0.0,0.0,16.2,0,0,0,0.4,0.4,0.04,-0.4,-0.4,Matches
437,Patson Daka,zmZAM,"FW,MF",Leicester City,26-206,1998.0,7.2,1,15,4,26.7,2.09,0.56,0.07,0.25,14.8,0,0,0,1.3,1.3,0.08,-0.3,-0.3,Matches
438,Pau Torres,esESP,DF,Aston Villa,28-107,1997.0,19.2,0,8,2,25.0,0.42,0.1,0.0,0.0,11.7,0,0,0,0.5,0.5,0.06,-0.5,-0.5,Matches
439,Paul Onuachu,ngNGA,FW,Southampton,30-340,1994.0,10.9,4,32,14,43.8,2.93,1.28,0.13,0.29,10.4,0,0,0,3.3,3.3,0.1,0.7,0.7,Matches
440,Pedro Lima,brBRA,DF,Wolves,18-306,2006.0,0.8,0,1,1,100.0,1.29,1.29,0.0,0.0,22.5,0,0,0,0.1,0.1,0.06,-0.1,-0.1,Matches
441,Pedro Neto,ptPOR,FW,Chelsea,25-055,2000.0,21.4,4,51,16,31.4,2.39,0.75,0.08,0.25,18.9,0,0,0,2.8,2.8,0.05,1.2,1.2,Matches
442,Pedro Porro,esESP,DF,Tottenham,25-232,1999.0,27.4,2,37,8,21.6,1.35,0.29,0.05,0.25,23.1,3,0,0,1.5,1.5,0.04,0.5,0.5,Matches
443,Pervis Estupiñán,ecECU,DF,Brighton,27-102,1998.0,23.7,1,22,7,31.8,0.93,0.3,0.05,0.14,25.1,3,0,0,0.9,0.9,0.04,0.1,0.1,Matches
444,Phil Foden,engENG,"MF,FW",Manchester City,24-340,2000.0,18.8,7,52,16,30.8,2.76,0.85,0.13,0.44,18.5,2,0,0,5.1,5.1,0.1,1.9,1.9,Matches
445,Philip Billing,dkDEN,MF,Bournemouth,28-326,1996.0,2.0,0,5,1,20.0,2.45,0.49,0.0,0.0,17.9,0,0,0,0.6,0.6,0.11,-0.6,-0.6,Matches
446,Radu Drăgușin,roROU,DF,Tottenham,23-089,2002.0,13.9,0,5,1,20.0,0.36,0.07,0.0,0.0,12.7,0,0,0,0.1,0.1,0.02,-0.1,-0.1,Matches
447,Raheem Sterling,engENG,"FW,MF",Arsenal,30-146,1994.0,4.8,0,10,0,0.0,2.08,0.0,0.0,,15.0,2,0,0,1.3,1.3,0.13,-1.3,-1.3,Matches
448,Ramón Sosa,pyPAR,"FW,MF",Nott'ham Forest,25-245,1999.0,3.0,1,11,5,45.5,3.67,1.67,0.09,0.2,18.6,0,0,0,1.0,1.0,0.09,0.0,0.0,Matches
449,Rasmus Højlund,dkDEN,FW,Manchester Utd,22-088,2003.0,19.4,4,25,10,40.0,1.29,0.52,0.16,0.4,12.8,0,0,0,3.8,3.8,0.15,0.2,0.2,Matches
450,Rayan Aït-Nouri,dzALG,DF,Wolves,23-331,2001.0,31.8,4,34,8,23.5,1.07,0.25,0.12,0.5,14.9,0,0,0,2.6,2.6,0.08,1.4,1.4,Matches
451,Raúl Jiménez,mxMEX,FW,Fulham,33-363,1991.0,23.7,10,83,27,32.5,3.5,1.14,0.08,0.26,14.3,0,3,3,11.2,8.8,0.11,-1.2,-1.8,Matches
452,Reece James,engENG,"DF,MF",Chelsea,25-146,1999.0,9.3,1,8,3,37.5,0.86,0.32,0.13,0.33,23.2,2,0,0,0.3,0.3,0.03,0.7,0.7,Matches
453,Reiss Nelson,engENG,FW,Fulham,25-144,1999.0,5.4,1,12,6,50.0,2.22,1.11,0.08,0.17,15.4,0,0,0,1.1,1.1,0.09,-0.1,-0.1,Matches
454,Reiss Nelson,engENG,FW,Arsenal,25-144,1999.0,0.0,0,0,0,,0.0,0.0,,,,0,0,0,0.0,0.0,,0.0,0.0,Matches
455,Remy Rees-Dottin,engENG,FW,Bournemouth,19-058,2006.0,0.0,0,0,0,,0.0,0.0,,,,0,0,0,0.0,0.0,,0.0,0.0,Matches
456,Renato Veiga,ptPOR,"DF,MF",Chelsea,21-278,2003.0,2.0,0,3,1,33.3,1.49,0.5,0.0,0.0,17.1,0,0,0,0.1,0.1,0.05,-0.1,-0.1,Matches
457,Ricardo Pereira,ptPOR,DF,Leicester City,31-209,1993.0,3.8,0,2,1,50.0,0.53,0.26,0.0,0.0,17.0,0,0,0,0.1,0.1,0.05,-0.1,-0.1,Matches
458,Riccardo Calafiori,itITA,DF,Arsenal,22-349,2002.0,10.3,2,10,6,60.0,0.97,0.58,0.2,0.33,14.1,0,0,0,0.9,0.9,0.09,1.1,1.1,Matches
459,Richarlison,brBRA,FW,Tottenham,27-358,1997.0,4.5,4,15,7,46.7,3.31,1.54,0.27,0.57,8.4,0,0,0,3.6,3.6,0.24,0.4,0.4,Matches
460,Rico Henry,engENG,DF,Brentford,27-299,1997.0,0.7,0,0,0,,0.0,0.0,,,,0,0,0,0.0,0.0,,0.0,0.0,Matches
461,Rico Lewis,engENG,"DF,MF",Manchester City,20-163,2004.0,20.2,1,10,2,20.0,0.5,0.1,0.1,0.5,15.8,0,0,0,1.4,1.4,0.14,-0.4,-0.4,Matches
462,Robert Sánchez,esESP,GK,Chelsea,27-166,1997.0,28.0,0,0,0,,0.0,0.0,,,,0,0,0,0.0,0.0,,0.0,0.0,Matches
463,Robin Olsen,seSWE,GK,Aston Villa,35-115,1990.0,2.0,0,0,0,,0.0,0.0,,,,0,0,0,0.0,0.0,,0.0,0.0,Matches
464,Rodri,esESP,MF,Manchester City,28-315,1996.0,0.7,0,0,0,,0.0,0.0,,,,0,0,0,0.0,0.0,,0.0,0.0,Matches
465,Rodrigo Bentancur,uyURU,MF,Tottenham,27-312,1997.0,16.9,2,22,5,22.7,1.3,0.3,0.09,0.4,17.4,0,0,0,1.3,1.3,0.06,0.7,0.7,Matches
466,Rodrigo Gomes,ptPOR,"DF,FW",Wolves,21-300,2003.0,7.5,2,6,3,50.0,0.8,0.4,0.33,0.67,17.3,0,0,0,0.6,0.6,0.09,1.4,1.4,Matches
467,Rodrigo Muniz,brBRA,FW,Fulham,23-364,2001.0,10.7,8,39,19,48.7,3.64,1.77,0.21,0.42,12.0,0,0,0,5.8,5.8,0.15,2.2,2.2,Matches
468,Romain Esse,engENG,MF,Crystal Palace,19-355,2005.0,0.4,1,1,1,100.0,2.65,2.65,1.0,1.0,2.8,0,0,0,0.3,0.3,0.32,0.7,0.7,Matches
469,Roman Dixon,engENG,DF,Everton,20-128,2004.0,1.0,0,0,0,,0.0,0.0,,,,0,0,0,0.0,0.0,,0.0,0.0,Matches
470,Roméo Lavia,beBEL,MF,Chelsea,21-117,2004.0,6.7,0,1,0,0.0,0.15,0.0,0.0,,16.0,0,0,0,0.2,0.2,0.18,-0.2,-0.2,Matches
471,Ronnie Edwards,engENG,DF,Southampton,22-036,2003.0,0.1,0,0,0,,0.0,0.0,,,,0,0,0,0.0,0.0,,0.0,0.0,Matches
472,Ross Barkley,engENG,MF,Aston Villa,31-149,1993.0,6.3,3,15,5,33.3,2.4,0.8,0.2,0.6,14.0,0,0,0,1.7,1.7,0.11,1.3,1.3,Matches
473,Ross Stewart,sctSCO,FW,Southampton,28-296,1996.0,2.7,0,3,0,0.0,1.12,0.0,0.0,,12.4,0,0,0,0.2,0.2,0.07,-0.2,-0.2,Matches
474,Ryan Christie,sctSCO,MF,Bournemouth,30-070,1995.0,23.5,2,33,12,36.4,1.4,0.51,0.06,0.17,19.6,0,0,0,1.8,1.8,0.06,0.2,0.2,Matches
475,Ryan Fraser,sctSCO,"FW,DF",Southampton,31-068,1994.0,3.4,0,1,1,100.0,0.29,0.29,0.0,0.0,31.6,0,0,0,0.0,0.0,0.03,0.0,0.0,Matches
476,Ryan Gravenberch,nlNED,MF,Liverpool,22-352,2002.0,32.5,0,18,5,27.8,0.55,0.15,0.0,0.0,24.7,0,0,0,1.0,1.0,0.06,-1.0,-1.0,Matches
477,Ryan Manning,ieIRL,"DF,MF",Southampton,28-323,1996.0,15.2,0,7,1,14.3,0.46,0.07,0.0,0.0,20.8,1,0,0,0.3,0.3,0.05,-0.3,-0.3,Matches
478,Ryan Sessegnon,engENG,"FW,DF",Fulham,24-350,2000.0,4.6,4,13,7,53.8,2.83,1.52,0.31,0.57,12.6,0,0,0,1.6,1.6,0.12,2.4,2.4,Matches
479,Ryan Trevitt,engENG,MF,Brentford,22-052,2003.0,0.0,0,0,0,,0.0,0.0,,,,0,0,0,0.0,0.0,,0.0,0.0,Matches
480,Ryan Yates,engENG,MF,Nott'ham Forest,27-163,1997.0,20.7,2,32,9,28.1,1.55,0.44,0.06,0.22,19.3,0,0,0,2.3,2.3,0.07,-0.3,-0.3,Matches
481,Rúben Dias,ptPOR,DF,Manchester City,27-354,1997.0,22.2,0,18,5,27.8,0.81,0.22,0.0,0.0,19.2,0,0,0,1.4,1.4,0.08,-1.4,-1.4,Matches
482,Sam Johnstone,engENG,GK,Wolves,32-039,1993.0,7.0,0,0,0,,0.0,0.0,,,,0,0,0,0.0,0.0,,0.0,0.0,Matches
483,Sam Morsy,egEGY,MF,Ipswich Town,33-235,1991.0,26.9,1,9,2,22.2,0.33,0.07,0.11,0.5,26.3,0,0,0,0.3,0.3,0.04,0.7,0.7,Matches
484,Sammie Szmodics,ieIRL,"FW,MF",Ipswich Town,29-221,1995.0,10.9,4,21,12,57.1,1.93,1.1,0.19,0.33,14.0,0,0,0,3.4,3.4,0.16,0.6,0.6,Matches
485,Samuel Amo-Ameyaw,engENG,"FW,DF",Southampton,18-289,2006.0,0.3,0,1,0,0.0,3.21,0.0,0.0,,20.7,0,0,0,0.0,0.0,0.02,0.0,0.0,Matches
486,Samuel Edozie,engENG,"DF,FW",Southampton,22-095,2003.0,0.7,0,0,0,,0.0,0.0,,,,0,0,0,0.0,0.0,,0.0,0.0,Matches
487,Sander Berge,noNOR,MF,Fulham,27-078,1998.0,22.4,0,2,0,0.0,0.09,0.0,0.0,,7.6,0,0,0,0.2,0.2,0.08,-0.2,-0.2,Matches
488,Sandro Tonali,itITA,MF,Newcastle Utd,24-360,2000.0,25.2,3,31,10,32.3,1.23,0.4,0.1,0.3,19.5,2,0,0,3.6,3.6,0.12,-0.6,-0.6,Matches
489,Santiago Bueno,uyURU,DF,Wolves,26-175,1998.0,18.7,0,6,3,50.0,0.32,0.16,0.0,0.0,14.0,0,0,0,0.4,0.4,0.07,-0.4,-0.4,Matches
490,Saša Lukić,rsSRB,MF,Fulham,28-263,1996.0,23.1,0,15,2,13.3,0.65,0.09,0.0,0.0,20.9,0,0,0,1.0,1.0,0.07,-1.0,-1.0,Matches
491,Scott McTominay,sctSCO,MF,Manchester Utd,28-146,1996.0,0.2,0,1,0,0.0,4.74,0.0,0.0,,10.7,0,0,0,0.1,0.1,0.07,-0.1,-0.1,Matches
492,Sean Longstaff,engENG,MF,Newcastle Utd,27-185,1997.0,8.9,0,6,1,16.7,0.68,0.11,0.0,0.0,13.5,0,0,0,0.6,0.6,0.1,-0.6,-0.6,Matches
493,Sepp van den Berg,nlNED,DF,Brentford,23-134,2001.0,24.7,0,15,5,33.3,0.61,0.2,0.0,0.0,10.8,0,0,0,1.6,1.6,0.11,-1.6,-1.6,Matches
494,Sergio Reguilón,esESP,DF,Tottenham,28-138,1996.0,1.4,0,1,0,0.0,0.73,0.0,0.0,,5.4,0,0,0,0.1,0.1,0.07,-0.1,-0.1,Matches
495,Shumaira Mheuka,engENG,MF,Chelsea,17-195,2007.0,0.0,0,1,1,100.0,90.0,90.0,0.0,0.0,7.2,0,0,0,0.1,0.1,0.06,-0.1,-0.1,Matches
496,Simon Adingra,ciCIV,"FW,MF",Brighton,23-122,2002.0,9.9,2,25,7,28.0,2.53,0.71,0.08,0.29,16.2,0,0,0,2.2,2.2,0.09,-0.2,-0.2,Matches
497,Solly March,engENG,"FW,MF",Brighton,30-287,1994.0,1.9,0,2,0,0.0,1.07,0.0,0.0,,22.5,0,0,0,0.1,0.1,0.04,-0.1,-0.1,Matches
498,Son Heung-min,krKOR,FW,Tottenham,32-299,1992.0,22.3,7,53,24,45.3,2.38,1.08,0.11,0.25,17.0,1,1,2,7.0,5.4,0.1,0.0,0.6,Matches
499,Stefan Ortega,deGER,GK,Manchester City,32-178,1992.0,12.2,0,0,0,,0.0,0.0,,,,0,0,0,0.0,0.0,,0.0,0.0,Matches
500,Stephy Mavididi,engENG,FW,Leicester City,26-337,1998.0,17.9,4,26,7,26.9,1.45,0.39,0.15,0.57,16.1,1,0,0,1.8,1.8,0.07,2.2,2.2,Matches
501,Sven Botman,nlNED,DF,Newcastle Utd,25-111,2000.0,2.6,0,1,0,0.0,0.39,0.0,0.0,,11.7,0,0,0,0.0,0.0,0.03,0.0,0.0,Matches
502,Sávio,brBRA,"FW,MF",Manchester City,21-023,2004.0,19.3,1,54,21,38.9,2.8,1.09,0.02,0.05,17.7,1,0,0,4.9,4.9,0.09,-3.9,-3.9,Matches
503,Séamus Coleman,ieIRL,DF,Everton,36-204,1988.0,2.2,0,1,1,100.0,0.46,0.46,0.0,0.0,10.5,0,0,0,0.6,0.6,0.57,-0.6,-0.6,Matches
504,Taiwo Awoniyi,ngNGA,FW,Nott'ham Forest,27-264,1997.0,4.5,1,10,4,40.0,2.21,0.88,0.1,0.25,12.6,0,0,0,2.1,2.1,0.21,-1.1,-1.1,Matches
505,Takehiro Tomiyasu,jpJPN,DF,Arsenal,26-179,1998.0,0.1,0,1,0,0.0,12.86,0.0,0.0,,1.2,0,0,0,0.2,0.2,0.18,-0.2,-0.2,Matches
506,Tariq Lamptey,ghGHA,DF,Brighton,24-215,2000.0,8.5,2,6,2,33.3,0.71,0.24,0.33,1.0,18.5,0,0,0,0.4,0.4,0.06,1.6,1.6,Matches
507,Taylor Harwood-Bellis,engENG,DF,Southampton,23-093,2002.0,28.5,1,19,7,36.8,0.67,0.25,0.05,0.14,10.6,0,0,0,1.7,1.7,0.09,-0.7,-0.7,Matches
508,Thiago,brBRA,FW,Brentford,23-311,2001.0,1.5,0,1,0,0.0,0.68,0.0,0.0,,14.7,0,0,0,0.1,0.1,0.1,-0.1,-0.1,Matches
509,Thomas Partey,ghGHA,"MF,DF",Arsenal,31-324,1993.0,27.1,4,23,7,30.4,0.85,0.26,0.17,0.57,19.5,0,0,0,2.0,2.0,0.09,2.0,2.0,Matches
510,Tim Iroegbunam,engENG,MF,Everton,21-307,2003.0,6.3,0,5,0,0.0,0.8,0.0,0.0,,22.5,0,0,0,0.2,0.2,0.05,-0.2,-0.2,Matches
511,Timo Werner,deGER,"FW,MF",Tottenham,29-058,1996.0,5.7,0,8,3,37.5,1.4,0.52,0.0,0.0,18.2,0,0,0,1.0,1.0,0.12,-1.0,-1.0,Matches
512,Timothy Castagne,beBEL,DF,Fulham,29-149,1995.0,18.1,0,8,3,37.5,0.44,0.17,0.0,0.0,14.0,0,0,0,0.4,0.4,0.05,-0.4,-0.4,Matches
513,Toby Collyer,engENG,MF,Manchester Utd,21-120,2004.0,2.0,0,1,0,0.0,0.5,0.0,0.0,,6.2,0,0,0,0.2,0.2,0.17,-0.2,-0.2,Matches
514,Tom Cairney,sctSCO,MF,Fulham,34-103,1991.0,5.5,1,5,2,40.0,0.91,0.36,0.2,0.5,23.3,1,0,0,0.2,0.2,0.04,0.8,0.8,Matches
515,Tommy Doyle,engENG,MF,Wolves,23-198,2001.0,5.4,0,9,2,22.2,1.66,0.37,0.0,0.0,24.5,1,0,0,0.6,0.6,0.06,-0.6,-0.6,Matches
516,Tomáš Souček,czCZE,MF,West Ham,30-065,1995.0,25.0,8,50,14,28.0,2.0,0.56,0.16,0.57,11.2,0,0,0,5.9,5.9,0.12,2.1,2.1,Matches
517,Tosin Adarabioyo,engENG,DF,Chelsea,27-221,1997.0,13.7,1,12,2,16.7,0.88,0.15,0.08,0.5,12.5,0,0,0,0.9,0.9,0.08,0.1,0.1,Matches
518,Toti Gomes,ptPOR,DF,Wolves,26-107,1999.0,26.0,0,7,2,28.6,0.27,0.08,0.0,0.0,11.6,0,0,0,0.7,0.7,0.1,-0.7,-0.7,Matches
519,Trent Alexander-Arnold,engENG,DF,Liverpool,26-208,1998.0,24.9,3,42,8,19.0,1.69,0.32,0.07,0.38,23.5,2,0,0,1.8,1.8,0.04,1.2,1.2,Matches
520,Trevoh Chalobah,engENG,DF,Chelsea,25-302,1999.0,8.3,0,6,2,33.3,0.72,0.24,0.0,0.0,10.8,0,0,0,0.7,0.7,0.12,-0.7,-0.7,Matches
521,Trevoh Chalobah,engENG,DF,Crystal Palace,25-302,1999.0,11.8,3,11,4,36.4,0.93,0.34,0.27,0.75,15.1,0,0,0,1.2,1.2,0.11,1.8,1.8,Matches
522,Tyler Adams,usUSA,MF,Bournemouth,26-078,1999.0,18.0,0,8,2,25.0,0.44,0.11,0.0,0.0,16.1,0,0,0,1.6,1.6,0.19,-1.6,-1.6,Matches
523,Tyler Dibling,engENG,"FW,MF",Southampton,19-052,2006.0,18.9,2,28,9,32.1,1.48,0.48,0.07,0.22,19.3,0,0,0,2.5,2.5,0.09,-0.5,-0.5,Matches
524,Tyler Fredricson,engENG,DF,Manchester Utd,20-069,2005.0,1.0,0,0,0,,0.0,0.0,,,,0,0,0,0.0,0.0,,0.0,0.0,Matches
525,Tyrell Malacia,nlNED,DF,Manchester Utd,25-259,1999.0,1.1,0,0,0,,0.0,0.0,,,,0,0,0,0.0,0.0,,0.0,0.0,Matches
526,Tyrick Mitchell,engENG,DF,Crystal Palace,25-244,1999.0,31.7,0,11,2,18.2,0.35,0.06,0.0,0.0,13.4,0,0,0,1.2,1.2,0.11,-1.2,-1.2,Matches
527,Tyrique George,engENG,FW,Chelsea,19-088,2006.0,1.1,1,3,1,33.3,2.62,0.87,0.33,1.0,15.0,0,0,0,0.2,0.2,0.07,0.8,0.8,Matches
528,Tyrone Mings,engENG,DF,Aston Villa,32-051,1993.0,11.7,0,9,1,11.1,0.77,0.09,0.0,0.0,11.8,0,0,0,0.8,0.8,0.09,-0.8,-0.8,Matches
529,Valentino Livramento,engENG,DF,Newcastle Utd,22-172,2002.0,27.6,0,5,1,20.0,0.18,0.04,0.0,0.0,20.6,0,0,0,0.2,0.2,0.05,-0.2,-0.2,Matches
530,Victor Bernth Kristiansen,dkDEN,DF,Leicester City,22-138,2002.0,26.4,0,3,0,0.0,0.11,0.0,0.0,,17.7,0,0,0,0.3,0.3,0.11,-0.3,-0.3,Matches
531,Victor Lindelöf,seSWE,DF,Manchester Utd,30-290,1994.0,5.2,0,0,0,,0.0,0.0,,,,0,0,0,0.0,0.0,,0.0,0.0,Matches
532,Virgil van Dijk,nlNED,DF,Liverpool,33-299,1991.0,34.0,2,24,7,29.2,0.71,0.21,0.08,0.29,13.6,1,0,0,2.0,2.0,0.08,0.0,0.0,Matches
533,Vitaliy Mykolenko,uaUKR,DF,Everton,25-339,1999.0,30.2,0,12,0,0.0,0.4,0.0,0.0,,20.5,0,0,0,0.4,0.4,0.04,-0.4,-0.4,Matches
534,Vitaly Janelt,deGER,MF,Brentford,26-358,1998.0,25.0,1,14,4,28.6,0.56,0.16,0.07,0.25,17.7,0,0,0,0.8,0.8,0.06,0.2,0.2,Matches
535,Vitezslav Jaros,czCZE,GK,Liverpool,23-284,2001.0,0.1,0,0,0,,0.0,0.0,,,,0,0,0,0.0,0.0,,0.0,0.0,Matches
536,Vitor Reis,brBRA,DF,Manchester City,19-111,2006.0,0.0,0,0,0,,0.0,0.0,,,,0,0,0,0.0,0.0,,0.0,0.0,Matches
537,Vladimír Coufal,czCZE,DF,West Ham,32-254,1992.0,9.6,0,4,1,25.0,0.42,0.1,0.0,0.0,16.7,0,0,0,0.2,0.2,0.05,-0.2,-0.2,Matches
538,Wataru Endo,jpJPN,MF,Liverpool,32-083,1993.0,1.9,0,0,0,,0.0,0.0,,,,0,0,0,0.0,0.0,,0.0,0.0,Matches
539,Welington,brBRA,"DF,MF",Southampton,24-073,2001.0,2.4,0,3,0,0.0,1.26,0.0,0.0,,31.3,0,0,0,0.0,0.0,0.01,0.0,0.0,Matches
540,Wes Burns,wlsWAL,"FW,DF",Ipswich Town,30-161,1994.0,10.3,0,7,1,14.3,0.68,0.1,0.0,0.0,18.3,0,0,0,0.5,0.5,0.07,-0.5,-0.5,Matches
541,Wesley Fofana,frFRA,DF,Chelsea,24-137,2000.0,13.0,0,3,0,0.0,0.23,0.0,0.0,,10.6,0,0,0,0.4,0.4,0.13,-0.4,-0.4,Matches
542,Wilfred Ndidi,ngNGA,MF,Leicester City,28-138,1996.0,22.9,0,20,8,40.0,0.88,0.35,0.0,0.0,14.5,0,0,0,1.8,1.8,0.09,-1.8,-1.8,Matches
543,Will Alves,engENG,FW,Leicester City,20-089,2005.0,0.0,0,0,0,,0.0,0.0,,,,0,0,0,0.0,0.0,,0.0,0.0,Matches
544,Will Hughes,engENG,MF,Crystal Palace,30-016,1995.0,20.8,0,19,1,5.3,0.91,0.05,0.0,0.0,22.6,0,0,0,1.0,1.0,0.05,-1.0,-1.0,Matches
545,Will Lankshear,engENG,"FW,MF",Tottenham,20-013,2005.0,0.1,0,0,0,,0.0,0.0,,,,0,0,0,0.0,0.0,,0.0,0.0,Matches
546,William Osula,dkDEN,FW,Newcastle Utd,21-272,2003.0,1.2,1,3,1,33.3,2.6,0.87,0.33,1.0,14.5,0,0,0,0.1,0.1,0.04,0.9,0.9,Matches
547,William Saliba,frFRA,DF,Arsenal,24-040,2001.0,31.3,2,6,2,33.3,0.19,0.06,0.33,1.0,5.4,0,0,0,2.3,2.3,0.38,-0.3,-0.3,Matches
548,William Smallbone,ieIRL,MF,Southampton,25-071,2000.0,6.8,1,6,1,16.7,0.88,0.15,0.17,1.0,19.3,1,0,0,0.4,0.4,0.07,0.6,0.6,Matches
549,Willian,brBRA,"FW,MF",Fulham,36-267,1988.0,2.5,0,7,0,0.0,2.79,0.0,0.0,,22.1,0,0,0,0.3,0.3,0.04,-0.3,-0.3,Matches
550,Willy Boly,ciCIV,DF,Nott'ham Forest,34-089,1991.0,1.7,0,1,1,100.0,0.6,0.6,0.0,0.0,10.2,0,0,0,0.1,0.1,0.07,-0.1,-0.1,Matches
551,Wilson Odobert,frFRA,FW,Tottenham,20-156,2004.0,6.0,0,10,2,20.0,1.67,0.33,0.0,0.0,17.3,0,0,0,0.7,0.7,0.07,-0.7,-0.7,Matches
552,Wout Faes,beBEL,DF,Leicester City,27-030,1998.0,27.3,1,11,1,9.1,0.4,0.04,0.09,1.0,10.0,0,0,0,1.4,1.4,0.12,-0.4,-0.4,Matches
553,Woyo Coulibaly,frFRA,DF,Leicester City,25-348,1999.0,1.2,0,2,1,50.0,1.65,0.83,0.0,0.0,19.4,0,0,0,0.0,0.0,0.02,0.0,0.0,Matches
554,Yankuba Minteh,gmGAM,"FW,MF",Brighton,20-285,2004.0,16.6,5,28,13,46.4,1.68,0.78,0.18,0.38,13.6,0,0,0,3.7,3.7,0.13,1.3,1.3,Matches
555,Yasin Ayari,seSWE,MF,Brighton,21-209,2003.0,19.3,1,25,7,28.0,1.3,0.36,0.04,0.14,19.0,2,0,0,2.2,2.2,0.09,-1.2,-1.2,Matches
556,Yehor Yarmoliuk,uaUKR,MF,Brentford,21-063,2004.0,12.5,0,9,2,22.2,0.72,0.16,0.0,0.0,15.9,0,0,0,0.6,0.6,0.07,-0.6,-0.6,Matches
557,Yerson Mosquera,coCOL,DF,Wolves,24-001,2001.0,4.9,0,2,0,0.0,0.41,0.0,0.0,,12.4,0,0,0,0.3,0.3,0.17,-0.3,-0.3,Matches
558,Yoane Wissa,cdCOD,FW,Brentford,28-242,1996.0,28.4,17,76,35,46.1,2.67,1.23,0.22,0.49,13.6,0,0,0,15.3,15.3,0.2,1.7,1.7,Matches
559,Youri Tielemans,beBEL,MF,Aston Villa,27-361,1997.0,32.4,2,36,11,30.6,1.11,0.34,0.06,0.18,20.4,0,0,1,3.0,2.3,0.06,-1.0,-0.3,Matches
560,Youssef Chermiti,ptPOR,"FW,MF",Everton,20-344,2004.0,0.5,0,3,1,33.3,6.14,2.05,0.0,0.0,13.2,0,0,0,0.1,0.1,0.04,-0.1,-0.1,Matches
561,Yukinari Sugawara,jpJPN,"DF,MF",Southampton,24-309,2000.0,16.3,1,13,5,38.5,0.8,0.31,0.08,0.2,19.2,1,0,0,0.5,0.5,0.04,0.5,0.5,Matches
562,Yunus Emre Konak,trTUR,"FW,MF",Brentford,19-113,2006.0,0.5,0,1,0,0.0,2.2,0.0,0.0,,21.4,0,0,0,0.2,0.2,0.15,-0.2,-0.2,Matches
563,Yves Bissouma,mlMLI,MF,Tottenham,28-246,1996.0,13.4,2,10,4,40.0,0.74,0.3,0.2,0.5,23.2,0,0,0,0.6,0.6,0.06,1.4,1.4,Matches
564,Zain Silcott-Duberry,msMSR,FW,Bournemouth,19-298,2005.0,0.0,0,0,0,,0.0,0.0,,,,0,0,0,0.0,0.0,,0.0,0.0,Matches
565,Álex Moreno,esESP,"DF,MF",Nott'ham Forest,31-329,1993.0,10.6,0,6,0,0.0,0.57,0.0,0.0,,23.7,0,0,0,0.2,0.2,0.03,-0.2,-0.2,Matches
566,İlkay Gündoğan,deGER,MF,Manchester City,34-191,1990.0,22.8,0,25,5,20.0,1.1,0.22,0.0,0.0,18.3,2,0,0,2.7,2.7,0.11,-2.7,-2.7,Matches
567,Łukasz Fabiański,plPOL,GK,West Ham,40-015,1985.0,11.9,0,0,0,,0.0,0.0,,,,0,0,0,0.0,0.0,,0.0,0.0,Matches
